id_poliza,fecha_emision,id_cliente,id_corredor,id_aseguradora,id_tipo_seguro,prima,comision,monto_asegurado
1,,184,42,15,2,829.53,,139253.11
2,2026-02-16,2408,35,11,12,,12.22,27544.32
5,2026-02-13,945,23,9,11,,324.08,123407.75
6,2025-02-05,1295,17,1,1,943.49,,71968.43
8,2026-01-11,887,77,3,8,1670.56,258.75,
9,2025-02-28,1670,66,8,12,,131.85,125804.84
11,2025-03-21,2590,25,8,4,,,
12,2025-10-19,1521,14,11,5,726.02,,86216.65
15,2025-12-27,1954,62,13,4,85.94,,7574.33
16,2025-01-07,424,19,5,11,,39.07,
17,2025-09-10,856,73,14,8,832.85,,94675.98
18,2025-01-15,123,75,2,5,,39.57,36567.17
20,2025-03-26,522,32,1,3,487.69,117.43,
21,2026-01-13,179,34,2,9,1709.14,1963.14,
22,2025-07-09,2160,71,5,5,,172.42,124757.66
24,2025-04-26,302,15,15,9,,8.98,15865.44
25,2025-02-13,101,34,8,2,,286.75,269942.16
29,,1101,7,8,12,,54.06,
31,2025-08-07,1847,45,4,2,,229.13,117309.88
32,2025-07-28,388,22,6,4,822.52,,
34,2025-12-01,1969,41,10,5,,256.53,202107.44
35,2025-01-19,1139,79,1,3,1847.73,191.44,
38,2025-04-21,2327,39,13,7,,113.68,156124.02
39,2025-11-15,629,62,11,7,,206.36,75584.63
40,2025-09-08,25,47,6,9,1300.11,189.22,
42,,2455,31,5,11,308.02,58.25,60616.48
44,,1701,10,14,10,946.36,153.66,153121.65
47,,2482,18,3,2,1555.6,242.77,69252.65
48,2025-07-16,259,29,14,1,,46.88,55688.51
56,2025-09-03,2767,28,7,8,73.11,,7064.28
57,2025-04-16,852,4,13,1,,,213051.32
58,2025-03-29,454,6,15,8,,213.26,78055.76
59,2025-01-02,1934,18,1,2,1253.51,,149260.92
60,2026-01-26,3686,51,6,2,,,28102.81
64,2025-07-20,1081,75,8,1,109.72,17.48,
65,,697,67,1,10,302.71,462.2,25597.06
67,2025-11-22,1246,31,6,5,,359.79,258570.08
69,2025-05-22,2178,76,1,4,,20.56,7505.94
70,2025-09-03,730,78,15,4,,146.22,147931.73
73,2025-03-01,841,26,7,12,,,33023.9
75,2025-11-21,1345,51,15,1,,,
76,2025-09-20,2671,14,9,5,1563.09,381.13,
79,2025-06-24,2375,66,4,10,1055.66,,142122.95
81,2025-11-30,2745,13,13,11,1688.38,,151662.62
83,2025-04-25,357,18,15,11,1612.27,182.21,
87,2025-03-18,2217,98,11,12,1283.02,,94028.85
89,2025-10-23,2963,77,1,5,1372.83,,34680.04
90,,753,20,1,10,916.04,219.65,129872.69
92,,2659,25,11,4,,325.08,191582.82
94,2026-02-04,222,41,5,10,1141.34,169.15,
96,2025-10-18,1708,3,11,7,1777.93,,176358.08
98,,2106,65,10,8,1909.32,153.95,143459.97
100,2025-12-20,2627,52,7,5,1998.94,487.51,
101,2025-07-04,976,48,11,11,,125.52,93713.3
102,,5,66,13,12,1386.05,204.0,251864.93
105,2025-12-27,2797,80,3,1,209.72,52.0,
107,2025-07-27,1165,15,6,12,,50.04,87472.59
109,2025-03-11,2693,6,13,6,,184.48,96331.45
110,2026-01-12,185,46,8,5,,31.43,74435.27
111,2025-02-16,2833,8,15,12,,222.8,185637.48
113,2025-12-03,1715,34,3,6,,,
114,,1155,61,11,5,1237.26,,124263.17
115,2026-02-11,739,11,5,7,203.12,17.6,
117,2025-03-01,2501,18,12,10,,2636.59,188099.37
119,2025-04-07,1678,71,13,7,,,58628.84
120,2025-04-29,419,49,1,3,1427.78,,265973.38
121,2025-05-26,1222,59,14,6,,,141963.43
122,2025-08-02,318,41,12,5,726.1,161.45,
123,2025-09-25,721,44,3,2,1879.38,437.85,
124,2025-11-07,2155,40,3,9,1027.93,83.53,
126,2025-10-07,1595,18,7,9,,291.84,
128,2025-06-08,711,25,11,3,,379.89,175091.88
131,2025-01-08,1953,72,9,2,751.39,,101267.63
132,2025-05-23,2110,34,12,11,890.91,177.49,
134,2025-09-07,1690,4,11,9,1209.55,,42728.3
136,,1873,36,14,4,685.85,97.17,
137,,2544,48,8,12,1837.21,337.23,134569.61
138,2025-11-29,984,50,3,10,,95.54,58320.88
139,2025-03-09,2715,47,3,1,1887.69,,300624.49
142,,821,56,4,5,1305.77,272.72,31298.47
145,2025-04-20,2461,80,7,12,393.01,55.94,
146,2025-12-23,2899,27,9,2,,,143545.57
147,2025-10-24,1556,53,5,6,357.68,26.25,
152,2025-04-07,2349,79,7,4,0.0,,17302.97
153,2026-01-28,1016,28,12,8,165.57,24.61,
154,2025-04-12,1023,24,4,5,,,73105.67
155,2025-05-05,1918,43,10,12,,9.96,3222.28
156,2025-06-11,462,28,10,2,1793.62,,288252.92
157,2025-10-08,2910,63,4,7,1762.17,,96305.3
158,2025-04-08,1121,67,7,12,985.24,189.5,
161,,1392,35,7,6,1824.05,155.21,167233.6
165,2026-02-04,2934,78,10,2,842.46,196.92,
168,2025-06-25,691,65,1,1,268.88,65.44,
169,,1166,41,10,3,,93.67,84578.57
171,2025-05-19,2320,39,9,5,225.23,,16197.54
173,2025-12-31,1935,13,14,2,,116.08,128228.92
174,2026-01-05,9,63,12,10,,70.76,11842.93
175,,2362,59,6,5,386.3,78.61,68440.5
177,2025-03-22,355,72,14,1,1123.67,,56048.07
179,2025-01-05,2432,3,8,1,,240.54,260639.14
180,2025-09-13,2894,5,10,9,507.43,,64390.94
181,2025-01-31,1945,37,11,5,,210.72,
182,,1953,74,6,1,1725.25,,94698.24
184,2025-04-27,1373,12,7,9,,128.95,49518.48
187,2025-01-04,2226,75,5,3,1327.21,,240624.13
188,2025-10-01,1151,47,7,11,,102.66,130925.71
190,2025-12-07,2854,70,13,4,953.96,,93787.36
193,2025-07-22,1786,56,15,12,1316.23,,
195,2025-10-17,1641,31,15,11,911.44,,129241.82
197,2025-04-15,1558,49,4,11,1498.66,,228469.92
201,2025-06-29,2011,32,12,5,,209.81,147542.55
202,2025-09-14,2346,4,11,6,,,159867.32
203,2025-08-16,1121,32,14,5,741.78,127.03,
208,2025-06-10,3614,78,4,4,472.52,36.01,
209,2026-02-07,1974,25,13,9,72.55,18.01,
210,2025-07-17,2680,12,10,5,,,
211,2025-09-30,1795,11,9,7,,237.61,171128.94
212,2025-09-09,2876,13,10,7,213.27,,12711.02
215,2025-02-26,483,71,7,1,,104.78,58056.65
216,2025-04-04,1330,46,10,12,,,
218,2025-04-22,3630,1,9,2,,88.01,
219,2025-02-22,1052,5,13,9,,176.78,205287.05
220,2025-12-21,1871,34,6,7,,144.19,127817.41
223,2025-09-23,1312,75,15,1,312.76,,44896.28
229,2025-12-24,2625,10,5,1,1624.52,,263502.43
230,2025-12-19,1245,6,13,3,238.5,,44718.94
231,2025-01-22,2790,73,7,3,1729.95,,161771.05
233,,2619,42,4,6,277.67,63.81,54034.44
234,2025-04-28,2270,68,3,9,,157.51,380748.51
235,,2895,65,8,2,,,193621.53
237,2025-02-11,1137,37,6,3,,268.64,106698.49
239,2025-05-31,1236,77,10,8,760.38,,111154.53
240,,536,15,6,10,,180.09,79238.61
241,2025-02-03,657,22,3,4,,199.83,
243,2025-10-09,634,16,14,3,1585.52,283.81,
244,2026-01-26,1804,18,7,5,,133.24,81691.01
245,2025-07-25,2704,51,1,5,,274.71,41044.61
246,2025-09-24,2695,40,14,7,735.39,59.42,
247,2026-07-01,924,49,5,11,,131.17,274013.46
248,2025-11-15,1011,64,10,4,1846.72,,320537.24
249,2025-09-07,1500,73,4,6,,,
250,2025-04-02,1771,63,14,3,424.38,72.81,
251,2025-06-21,1262,68,1,5,601.96,120.32,
252,,1575,33,14,8,1422.87,76.42,
254,2025-06-06,917,23,1,6,1042.39,132.79,
255,2025-03-22,2003,60,1,2,275.48,,
256,2025-07-28,2083,71,12,9,,326.26,
257,2025-04-19,2855,25,14,7,,132.4,17045.13
259,2025-11-28,148,17,5,1,1560.57,,170301.72
260,2025-01-14,971,57,13,6,595.33,132.98,
262,2025-02-14,1441,1,12,7,,,
265,2025-08-12,184,62,13,9,264.84,,20928.09
267,2025-01-17,761,60,1,12,836.8,,67062.51
268,,1635,13,14,4,1161.47,87.66,126085.89
270,2025-05-17,168,64,1,8,1079.04,,153797.15
271,2025-04-20,1773,43,11,5,1395.69,,101033.61
272,,2717,50,13,5,529.12,126.8,
273,2025-04-12,2346,41,12,10,470.44,42.33,
274,2026-02-04,222,16,12,6,359.96,,49248.02
276,2025-01-14,482,19,14,11,1238.05,,149205.72
278,2025-11-04,1832,27,10,9,,150.96,319716.88
279,2025-12-14,770,66,14,3,901.35,,39362.62
282,2025-12-31,1190,6,4,6,102.19,24.17,
283,,254,65,13,12,311.5,25.08,
289,2026-02-11,2696,62,12,7,,52.21,143989.06
290,2025-04-13,326,61,2,6,,339.8,
291,2025-05-05,281,54,1,9,,,132725.63
292,,1514,27,3,1,365.44,39.1,9478.09
293,2025-10-28,175,24,15,1,,,158807.4
294,2025-08-19,2129,13,13,7,,212.49,100787.99
295,2025-05-31,764,52,7,5,987.43,,164812.9
296,2025-05-03,1812,77,13,11,,47.2,99611.28
298,2026-02-10,2390,2,14,9,,396.87,
299,2025-05-05,2724,18,5,7,1142.36,88.5,
301,2025-09-15,1579,72,11,1,,18.74,4988.88
302,2025-04-25,679,60,1,6,,86.07,83621.21
306,2025-07-06,619,17,10,2,,129.63,196786.22
311,2026-01-18,236,19,8,12,662.47,34.15,
312,2025-06-13,1894,10,13,2,1944.37,129.58,
313,2026-01-25,2852,30,1,11,1736.83,,122859.35
314,2025-03-16,444,68,4,1,,28.88,48398.37
317,2025-01-17,2621,19,2,8,70.91,17.25,
318,,380,58,11,9,779.52,,79294.65
319,2026-01-26,2874,9,1,11,726.96,,122532.96
320,,2637,64,1,9,1224.21,261.15,183732.97
322,2025-08-19,454,75,11,3,850.81,,166822.37
324,2025-08-12,689,68,1,6,,391.8,260739.67
325,2025-09-17,531,13,2,10,,126.53,
326,2025-02-27,2429,22,3,1,740.5,,
328,2026-08-01,2035,34,9,8,,201.21,
329,2025-10-07,1584,78,10,10,965.87,,80283.34
330,2025-07-15,2011,15,10,2,1158.76,,143147.74
331,2025-06-14,2628,51,9,3,1055.42,,169845.49
332,2026-02-02,2249,63,5,8,1033.15,,124531.25
334,2025-06-16,1976,64,12,8,1572.9,255.61,
335,2025-02-09,282,43,8,6,,18.72,20333.48
337,2025-07-24,3574,35,4,10,1304.27,136.32,
342,2025-04-28,1132,50,7,1,1840.74,,343602.22
343,,1809,74,13,6,261.29,22.99,11502.8
345,2025-08-11,1606,47,12,1,323.93,38.26,
346,2025-12-08,1529,61,9,3,1153.35,220.03,
347,2025-11-08,1108,65,2,5,,13.6,9304.45
348,2025-07-31,1317,20,1,2,1666.25,356.84,
349,2025-09-20,2133,51,7,6,1267.27,,182975.67
355,2025-12-19,2758,77,12,8,1934.73,,316696.31
356,2025-10-31,729,63,14,7,1517.29,,224140.06
359,2025-12-29,3785,8,6,1,,,
360,2025-04-12,3666,59,7,9,861.49,,36651.44
361,2025-05-23,702,21,15,6,1186.26,,65607.3
363,2026-01-11,2480,2,14,6,,148.66,160600.88
366,,844,31,2,1,1992.81,300.46,97957.19
368,2025-01-13,2229,12,8,1,312.7,32.01,
371,2026-01-25,602,17,11,4,,,
372,2026-01-02,2269,59,8,7,,,84920.53
373,,1870,21,1,5,1038.02,98.58,72125.71
375,2025-09-19,1358,80,4,10,,63.4,
376,,3527,73,6,5,110.64,14.62,12500.24
377,2025-08-23,2290,36,3,1,1389.23,,
378,,1868,60,12,9,1755.33,276.66,288662.01
379,2025-08-22,573,2,15,5,92.25,18.56,
382,2025-04-12,1204,29,13,1,,73.38,163339.83
383,2025-11-24,234,34,13,4,,73.81,108825.24
386,2025-06-01,117,43,4,7,,21.8,43701.61
388,2025-12-01,1001,47,14,4,,,87870.06
389,2026-01-12,581,53,13,12,216.28,,
390,2025-01-31,2187,14,5,10,1182.03,,89798.89
391,2025-12-09,2575,43,15,11,,59.01,30926.4
392,2025-04-07,1062,38,15,3,,79.4,109425.04
396,2025-10-16,588,51,3,6,1353.44,309.33,
397,2025-05-07,2761,77,9,9,,,26510.38
400,2025-08-25,1674,35,12,1,1544.57,,42133.22
401,2025-09-01,1435,1,3,12,1745.43,,260632.03
402,2025-08-15,1721,63,8,5,405.99,71.04,
403,2025-08-11,1714,75,3,2,,,45428.93
404,2026-02-09,1407,28,14,8,,42.22,19368.57
406,2025-09-22,1393,7,15,3,1384.51,194.9,
407,2025-08-30,618,23,1,9,1327.66,,234801.96
408,2025-10-19,1694,5,3,4,458.92,97.55,
410,,1818,66,11,9,,,98744.66
411,,177,38,10,8,393.15,,37040.34
416,,297,21,5,10,464.88,101.67,45376.39
417,2025-10-07,60,35,8,1,620.81,90.95,
418,,206,29,11,12,360.12,86.63,69683.94
420,,2211,1,15,6,1837.9,390.08,107175.91
432,2025-02-01,1557,62,3,5,,207.9,
434,2025-03-20,2333,51,2,6,,17.35,
435,2025-12-31,365,31,6,6,1939.31,,357795.18
437,2025-11-05,1256,61,7,12,1900.51,,172566.66
438,2025-08-11,1972,73,12,10,-1778.57,,295736.23
440,2026-01-06,1109,54,12,3,,23.62,27679.23
442,2025-03-23,3881,19,15,5,1081.98,,
445,2025-04-26,1383,42,5,9,1857.17,,350577.41
446,2025-11-07,1091,23,8,12,,11.62,4844.8
447,2025-08-30,2535,70,10,11,,267.96,320624.01
448,,459,77,2,3,1973.47,235.49,125583.09
451,2025-03-26,1809,51,12,9,516.0,42.02,
454,2025-07-13,1449,53,14,9,605.84,129.93,
457,2025-10-28,2597,48,14,12,436.02,77.71,
458,2025-01-24,2233,10,4,8,,59.29,
459,2025-07-09,135,12,12,11,1350.74,320.2,
464,2025-08-02,1630,14,1,6,,59.17,
465,2025-09-25,1929,79,3,5,1945.13,332.26,
466,2025-11-15,2898,42,7,2,,54.71,14166.74
467,2025-10-24,781,35,8,7,,251.38,162310.51
469,2025-12-14,273,38,13,1,1207.61,103.23,
472,2025-11-13,473,15,8,11,0.0,31.72,
473,2025-12-03,2945,67,1,9,1869.53,169.04,
475,2025-02-27,405,56,8,10,725.33,78.35,
479,2026-05-02,2034,65,5,7,931.56,138.27,
480,2025-06-14,1343,1,2,8,1810.4,,184337.17
482,2025-06-05,170,52,6,2,178.98,,26558.18
488,2025-03-29,2538,78,15,4,469.17,,68548.42
490,,983,78,2,9,1479.43,197.15,150480.65
493,2025-05-29,604,11,2,2,,99.01,118835.36
495,2025-02-04,2403,77,15,9,,167.88,196931.25
497,2025-10-13,703,34,6,12,,28.27,65152.17
500,2025-06-29,2382,2,2,2,1805.76,205.29,
501,2025-05-10,1703,66,4,11,310.65,73.03,
503,2025-08-01,2629,61,4,8,,,44153.87
504,2025-06-15,2703,61,12,7,,,
505,2025-07-19,1817,56,1,8,658.17,,17945.01
507,2025-07-21,71,63,6,2,1604.54,,57680.77
508,2025-05-23,1415,75,5,1,1028.33,253.52,
510,2025-03-29,699,43,14,12,1124.08,121.5,
511,2025-03-31,2545,36,10,11,,380.95,121142.67
512,2025-04-25,2723,67,6,5,,6.23,15008.2
518,2025-09-13,1875,60,8,4,,,328641.34
521,,2939,14,6,11,1998.2,398.18,
523,2025-03-22,938,47,9,10,,,
527,,2629,44,15,1,1498.66,346.97,218178.19
529,2025-09-04,1326,23,8,6,,52.59,67713.3
530,2025-12-15,214,55,15,7,1066.08,161.64,
532,2025-10-28,1369,54,4,3,306.81,,57557.29
538,2025-06-07,2146,23,12,8,643.98,121.68,
539,2025-12-20,620,2,4,9,56.45,,9836.44
541,2025-04-28,1607,79,5,8,391.61,,25191.25
544,,1631,43,3,5,1705.97,,278392.08
546,2025-09-18,683,18,12,7,,,
548,2026-02-02,140,75,14,2,,238.1,211004.23
551,2025-04-23,1815,21,1,4,,124.2,209012.04
553,2026-07-01,2446,1,10,12,,207.12,
554,2025-01-30,659,43,4,2,316.37,,
556,2025-09-23,2075,41,5,7,910.0,,56167.62
558,2025-11-19,278,14,2,10,1329.62,118.69,
562,2026-01-21,1565,32,9,3,1761.04,254.27,
564,2025-03-21,2174,57,6,8,576.14,,76260.33
567,2026-01-04,1718,78,10,1,1429.03,,122545.12
568,2025-06-13,1884,55,5,12,,,119021.19
570,2025-04-16,2214,74,3,4,636.27,,53905.94
571,2025-07-26,788,69,9,1,,149.93,82686.26
572,,2819,66,15,11,786.78,186.55,151490.56
573,2025-12-17,2280,45,11,5,,194.57,
574,2025-02-16,2920,23,15,12,484.69,73.71,
578,2025-11-17,862,39,8,7,148.55,,25004.08
579,2025-07-22,1913,28,7,4,,18.29,4641.89
582,2026-01-20,11,69,11,6,,,162305.06
583,2025-01-19,3553,54,12,1,1492.56,,
586,2026-01-23,703,79,9,6,96.76,,13409.03
587,2025-04-24,2692,26,13,2,1024.25,67.72,
588,2025-03-22,24,24,9,11,1805.91,,291663.33
589,2025-03-22,1709,78,7,3,701.62,41.46,
590,,222,32,14,12,,,232343.62
592,2025-09-25,1683,33,14,2,610.59,,39225.86
593,2025-06-21,2395,4,14,6,,21.01,
594,2025-12-21,294,61,2,8,,415.66,40996.09
597,2025-04-21,2380,32,13,6,278.09,,
598,2025-04-22,2730,13,7,4,830.75,128.47,
601,2025-12-11,2680,58,14,8,122.03,,23368.45
602,2025-04-30,2497,50,2,1,1343.48,274.96,
603,,1202,15,12,11,1018.98,,
605,2025-10-03,1360,57,9,12,868.18,,34612.39
607,2025-12-13,2295,43,15,6,,82.25,13281.29
609,2025-01-24,611,31,13,2,149.29,,29024.73
615,,2333,78,15,1,1390.73,128.13,164935.64
620,2025-10-09,2727,2,6,9,,,346297.5
621,2025-07-02,1361,48,3,7,,19.56,
622,2025-09-30,2019,35,5,2,297.08,,
623,2025-07-24,1010,41,7,1,118.23,21.24,
624,2025-09-01,2134,33,10,6,474.87,,24255.64
626,2025-03-07,2766,34,15,8,126.3,,
627,2025-01-23,2276,77,15,11,539.59,75.27,
628,2025-09-07,2464,32,1,12,77.7,,6080.3
629,2025-01-09,789,28,5,12,1686.74,,43854.63
631,2025-08-09,1836,55,13,5,331.16,24.16,
633,,1450,64,12,2,,196.08,165820.35
639,2025-10-15,135,21,15,3,1793.33,96.03,
640,2025-05-17,1863,29,13,6,1350.54,142.5,
645,2025-08-04,2176,30,10,7,1437.43,225.46,
647,2025-11-27,2618,7,3,6,655.45,,62624.03
648,2025-09-24,2333,67,13,7,,62.41,87142.15
651,2025-10-09,2942,16,1,1,239.96,,26594.71
652,2025-10-05,2387,112,10,12,,57.46,120076.09
653,2025-05-20,642,23,8,11,,195.98,353113.4
656,2025-12-29,2651,76,8,10,229.69,,42318.79
658,,944,48,7,7,,217.42,165037.61
659,2025-06-16,2180,58,12,12,,263.96,
662,2025-01-09,253,51,4,7,332.93,,54153.59
663,,2679,47,13,4,1753.61,328.92,
664,,2229,51,8,8,,60.01,
665,2025-02-19,1334,38,12,9,407.01,87.27,
666,2025-04-10,1930,34,7,1,355.38,,55585.71
668,2025-03-08,2830,70,6,9,,1576.2,199080.94
669,,2225,57,9,10,1020.81,,184643.2
670,2026-01-13,2044,120,7,5,1367.98,156.21,
673,2025-07-16,2597,38,7,6,,49.02,38687.42
674,2025-03-29,2057,15,10,2,722.61,62.33,
677,2025-11-11,1808,68,9,6,1071.75,,119043.27
682,2025-11-09,960,32,15,1,1560.81,,
683,2025-10-20,1622,21,9,3,,109.08,136490.3
684,2025-08-27,1741,32,1,10,1867.34,,
687,2025-02-04,1880,57,6,4,,259.22,
688,2025-09-14,1246,1,8,6,1438.09,,
689,2025-01-18,1858,4,6,2,1605.13,,150198.88
691,2025-09-03,989,1,14,7,1392.56,227.37,
693,2025-02-21,13,41,12,11,,,246608.56
694,2025-01-14,2574,70,15,6,,252.51,76577.3
696,2025-06-25,2602,47,11,7,0.0,,265041.16
697,2025-11-25,2269,76,3,3,,69.43,225420.02
699,2025-09-26,2989,29,4,6,176.01,35.67,
701,2025-06-11,428,39,1,11,,84.26,115735.43
703,2025-07-17,629,48,8,4,,59.78,
710,2025-01-05,2358,46,5,3,,,278081.15
712,,1849,32,4,3,,,177148.68
714,2025-11-23,2028,21,14,12,1513.02,197.69,
715,2026-01-26,765,5,4,2,823.82,,
716,2025-04-07,818,14,11,6,1601.2,,287682.28
717,2025-11-02,910,65,9,12,,,263737.8
719,,156,19,7,11,390.45,,68449.14
721,2025-11-03,2905,79,15,9,175.38,,22820.73
722,,381,51,9,11,1869.07,135.96,51502.21
724,2025-11-30,1166,64,5,9,1659.38,,167264.04
725,2025-03-31,626,77,13,4,,63.88,54483.6
728,2026-01-18,1904,5,10,10,,13.65,15552.96
730,,1781,22,3,7,156.39,25.56,5302.74
734,2025-01-28,1626,54,6,12,,73.3,109112.3
739,2025-03-04,2661,12,15,8,836.47,,86215.93
745,2025-02-19,2831,28,8,11,253.24,,35801.44
746,,1981,69,7,10,1679.44,335.69,170490.77
747,2025-11-21,1140,37,8,5,,165.16,114736.18
748,2025-07-12,1748,65,13,6,354.66,,60506.04
749,2025-10-01,339,15,9,6,1261.69,,183418.98
751,2025-11-22,389,12,10,6,,,
756,2025-01-26,2714,114,10,3,,294.64,
757,2025-11-07,917,51,5,11,1578.22,,162335.4
759,,1143,68,14,5,,323.94,
760,2025-12-27,1944,8,13,12,,107.19,
761,2025-03-05,923,15,7,12,,88.27,154721.09
762,2025-10-06,1236,35,12,10,,230.51,183137.35
764,2025-07-02,1319,65,9,3,1715.41,,204680.23
766,2025-06-14,962,28,12,1,920.18,48.98,
767,2026-01-03,1765,12,2,10,698.16,138.73,
768,2025-08-27,35,28,8,10,,118.12,121071.74
770,2025-03-10,2358,78,1,6,1447.18,,239178.75
771,2025-10-08,2710,78,1,4,,162.2,51458.19
775,2025-06-08,2127,33,1,1,76.43,17.42,
776,2025-06-29,698,47,7,1,600.01,,74745.15
777,2025-11-05,1358,11,2,9,268.61,,
782,,2357,40,1,1,,130.95,
786,2025-08-11,2374,64,14,1,,131.34,168624.82
790,2025-12-20,1113,24,1,12,1814.13,,362723.77
793,2025-01-29,1975,78,14,7,1613.84,220.24,
794,2025-10-28,458,50,4,11,,103.34,153868.32
795,2025-10-11,1952,68,1,8,,99.43,37579.58
796,2026-01-30,1968,39,4,3,,227.97,
797,,484,23,10,5,870.03,89.24,56125.56
798,2025-10-30,1430,13,2,11,332.92,70.56,
799,2025-03-20,889,74,15,5,,268.59,95455.53
800,2025-05-05,1942,62,4,5,1274.23,,99913.21
802,2025-07-22,2288,60,13,12,,227.12,152154.29
804,2026-01-19,1154,13,12,6,,64.72,
805,2025-05-08,2820,32,8,1,1977.34,,169249.11
807,,781,12,15,8,750.95,1322.13,123413.93
808,2025-04-20,967,77,8,11,,89.02,239516.51
815,,698,52,8,12,1119.38,246.33,
816,2026-01-28,594,52,8,11,86.63,13.67,
817,2025-11-13,1820,6,5,3,,72.29,66395.65
825,2025-08-23,256,29,15,6,1857.8,322.91,
827,2025-11-13,607,23,6,5,751.19,,149449.7
828,,820,37,15,2,1521.6,,205644.15
829,2026-01-23,24,36,7,1,489.03,720.62,
831,2025-09-08,2683,68,10,1,361.62,,24344.03
834,2026-02-15,1793,71,9,8,1361.35,334.97,
835,,380,38,2,3,93.03,17.92,15672.46
836,2025-10-25,2473,28,4,3,972.0,,44879.05
839,2025-12-14,2840,25,2,11,647.16,128.04,
841,2025-05-01,1152,20,13,4,519.32,,58821.48
843,2026-01-13,657,60,6,8,1480.7,,283443.68
844,2025-04-14,778,6,10,8,,18.48,21389.71
845,2025-02-23,14,73,9,11,1269.39,265.58,
846,2025-07-18,47,2,7,7,1714.36,258.59,
847,2025-05-17,1546,42,9,1,,179.28,124007.19
848,,170,72,1,9,463.65,,9638.92
850,2025-12-10,2066,4,7,12,873.87,,
851,2025-12-26,867,57,9,3,,329.94,148250.67
852,,1367,41,8,9,1903.39,132.64,254508.4
853,2025-03-12,1107,62,10,10,587.31,,37778.91
855,2025-07-17,569,15,10,10,1411.04,214.76,
857,2025-02-23,933,67,3,8,,341.26,174243.88
858,2025-03-21,1467,33,7,11,,,124608.25
865,2025-09-08,2760,46,1,6,,208.18,
866,2026-05-01,2042,44,6,10,1296.66,,241369.29
869,2025-08-21,531,34,11,11,1540.81,,284174.65
872,,2347,73,2,6,1545.69,333.57,237739.94
873,2025-04-15,1087,36,1,12,,328.66,196368.09
877,2025-08-07,1371,58,3,1,1917.67,,219668.44
881,2025-04-09,839,10,11,8,,239.54,38387.21
883,2025-06-29,495,118,6,4,1049.84,,186268.58
884,2026-01-09,2279,60,11,10,1818.38,,
885,2025-06-12,797,12,2,12,,146.34,118246.21
887,2025-10-11,1139,1,10,12,,338.82,167285.05
888,2025-01-31,1313,15,15,9,354.31,24.0,
894,2025-01-29,1962,15,14,1,892.07,66.33,
895,2025-12-15,1923,57,10,7,1365.73,96.67,
897,2025-08-22,1427,80,7,9,1494.58,,145788.69
902,2025-11-03,1073,8,13,6,1380.59,,109273.28
904,,3740,50,2,2,979.97,,46431.2
908,2025-04-19,1075,80,14,3,1967.46,,305634.39
909,2025-12-11,2699,93,12,6,564.64,106.62,
910,2026-03-02,409,48,14,2,460.91,,
911,2025-05-05,481,60,6,3,1640.83,131.15,
912,2025-06-16,1791,22,9,1,0.0,228.91,
916,2026-01-23,1556,70,9,12,1367.51,126.23,
919,2025-12-13,1102,17,10,10,,177.0,
922,2025-12-18,2381,50,10,5,,17.92,9698.68
923,,281,12,15,1,,,145973.4
925,2025-10-14,917,10,12,10,,46.43,5915.34
930,2025-11-23,696,20,4,9,,85.98,184099.3
931,2026-01-22,1136,50,10,7,210.61,40.21,
933,2025-10-23,1115,49,2,8,,118.78,44931.22
936,2025-02-17,3795,40,7,9,-520.28,,47053.68
937,2025-07-18,3692,21,1,2,,208.41,190013.26
939,2025-05-24,1644,13,15,7,1312.63,239.39,
943,2025-11-05,554,58,12,3,1207.33,,160881.33
946,2025-07-18,1014,58,10,1,,117.42,87988.95
948,2025-12-07,1064,60,9,6,795.71,,
949,2025-07-02,1920,2,15,10,,99.18,115240.21
950,2025-12-16,1367,19,1,4,,96.87,72692.11
951,2025-04-06,2172,27,13,10,1554.17,2180.73,
953,2025-02-21,2371,59,1,10,740.29,108.83,
954,2026-02-13,1778,61,4,9,,,
956,,1316,14,15,5,,16.7,
958,2025-05-08,2188,6,2,4,,301.14,130667.18
960,2025-06-28,1711,40,8,4,175.21,,
961,2025-05-18,916,71,4,1,,46.69,25151.14
962,2025-09-18,2801,80,1,11,303.23,32.41,
964,2025-11-29,939,1,13,11,1073.08,,75000.94
968,2025-05-08,2408,12,7,8,1097.2,92.96,
970,2025-03-27,2591,39,14,9,857.93,190.43,
973,2026-02-13,1852,59,7,1,,348.13,76610.96
974,2026-01-31,1944,38,2,12,855.13,136.61,
975,2025-07-01,907,44,8,8,,,113193.29
978,2026-01-27,663,76,5,1,,100.99,
979,2025-07-12,1306,105,14,2,79.6,,13816.88
983,2025-08-14,1551,52,1,12,,40.19,32415.06
984,2025-06-20,1483,34,7,1,,,
986,2025-04-25,1253,68,8,5,700.61,,107728.62
987,2025-11-04,2649,38,5,4,,121.04,93379.15
988,2025-09-01,760,44,7,7,,347.14,189317.66
992,,1105,70,9,7,1690.3,2765.68,
994,2025-05-20,1408,20,8,9,853.33,,
995,2025-05-10,1564,1,4,8,,274.64,
996,2025-03-09,1881,1,15,12,965.9,53.98,
999,,1036,52,7,6,1627.86,171.51,
1000,2025-06-22,1177,14,3,2,1322.87,,
1001,2025-01-13,2762,76,3,1,742.93,,57831.32
1002,2025-04-07,367,41,3,5,78.43,8.19,
1010,,1292,35,7,12,735.08,,67828.05
1011,2025-11-24,1801,20,6,4,,153.46,122262.02
1012,2025-12-11,70,8,10,3,1570.27,308.2,
1017,2025-08-19,1198,44,14,7,356.86,444.8,
1020,2025-11-22,415,74,8,2,,329.03,282145.51
1021,,2582,33,15,3,1791.75,,241800.05
1025,2025-01-20,1560,7,13,7,,23.88,23042.05
1027,2025-11-23,2778,55,12,6,1101.74,,172028.14
1031,2025-02-23,1930,19,14,11,444.53,39.34,
1033,2025-12-26,949,8,7,6,,283.71,256543.07
1034,2025-08-01,1757,30,15,6,300.96,,
1039,,2616,78,12,6,,244.18,85272.76
1040,2025-04-05,2243,66,2,6,1453.3,284.61,
1042,2025-05-31,2873,34,2,12,877.59,,32454.06
1043,2025-03-13,1601,68,4,12,,,82202.05
1045,2025-04-25,1090,1,5,2,1264.61,309.76,
1047,2025-01-04,2563,3,6,8,,64.85,63890.17
1048,,1869,56,1,8,1094.76,106.16,90894.15
1050,2025-02-22,2641,75,11,2,,7.95,16042.6
1051,,1026,37,9,12,65.98,,6767.13
1052,2025-11-05,19,76,2,11,,1364.41,113911.76
1054,2025-03-06,1704,41,9,8,,299.65,
1055,,2741,16,14,9,,2708.78,32898.39
1056,,2968,20,1,4,69.66,,13744.5
1057,2025-11-28,1604,22,2,6,574.77,68.79,
1058,2025-03-27,2845,77,5,3,,,107014.1
1059,2025-11-12,1327,45,10,2,,11.99,24432.81
1060,2025-07-24,2683,28,11,9,1641.28,114.05,
1062,,2081,79,11,12,1394.96,146.43,
1063,2025-06-22,2114,39,9,12,993.11,,27535.76
1067,2025-03-01,2344,6,7,11,924.52,71.92,
1069,2026-01-02,2830,54,4,5,1299.84,1670.18,
1071,2025-09-18,1695,72,6,7,1759.76,,264754.5
1072,2025-04-25,185,7,1,3,719.64,,97434.5
1073,2025-08-22,25,37,14,2,1394.4,156.55,
1076,2025-01-27,1082,70,10,1,1738.83,,223701.63
1079,,266,18,7,1,772.49,,
1080,2025-08-05,2348,42,6,10,,120.31,88647.92
1085,,2242,64,1,3,695.01,47.91,104110.3
1087,2025-12-02,1928,20,15,3,550.12,125.6,
1088,2025-01-03,1091,47,11,9,,140.97,156418.95
1089,2025-06-21,1500,46,7,4,,,32738.26
1090,2025-01-23,1415,47,8,12,,2950.41,329028.87
1092,2025-10-01,1626,76,8,12,,110.16,81029.68
1093,2025-10-16,1923,13,12,4,794.51,,100515.32
1094,2025-03-10,592,28,3,9,851.76,,166036.49
1096,2025-02-01,2625,76,14,8,1155.99,222.91,
1097,2026-01-13,2853,67,5,7,,311.54,106024.81
1100,,2228,24,12,5,428.78,64.53,
1102,2025-06-03,305,22,5,6,1852.66,,366312.75
1103,2025-12-24,2639,45,1,5,859.22,,166496.18
1104,2025-04-17,2932,67,8,9,,217.4,211254.12
1106,2025-10-14,1726,9,9,7,1225.86,135.7,
1107,,1503,49,14,6,130.61,23.2,11569.19
1111,2025-04-23,1223,8,12,11,1816.08,,361542.55
1113,,1820,37,8,9,953.91,130.66,130775.94
1114,2025-04-12,123,59,9,2,1482.35,,225271.62
1115,,430,15,12,9,990.61,191.48,136232.75
1117,2025-01-31,1878,6,11,5,,126.65,35006.66
1121,2025-03-04,2863,5,8,4,1023.56,66.4,
1122,2025-08-12,2946,5,12,10,,149.31,68340.14
1123,2025-10-30,403,35,13,1,100.19,16.93,
1125,2025-11-27,712,62,4,9,1876.85,256.56,
1126,2026-01-09,556,60,3,5,418.6,82.54,
1127,,1030,7,9,10,1595.14,,55804.38
1129,2025-11-26,1644,8,15,11,1146.39,,
1131,2025-12-26,1657,64,7,1,,188.27,37572.64
1132,,2548,24,6,1,1399.09,235.2,
1136,2025-07-01,2641,17,15,3,1260.55,76.25,
1137,,1475,51,8,6,1714.18,350.39,
1138,2025-09-12,5,67,2,3,160.61,25.56,
1139,2025-05-03,1054,13,14,7,68.78,12.87,
1141,2025-08-27,2826,57,3,7,,30.01,40778.33
1142,,2954,43,10,3,,346.64,
1144,2025-04-29,1548,5,10,1,1048.58,144.36,
1146,2026-01-22,1747,63,7,12,,103.65,7620.59
1148,2025-10-22,2255,52,4,9,1772.98,,116444.01
1149,,563,78,12,7,1597.63,395.64,84667.19
1152,2025-03-16,1434,4,8,5,,105.83,13661.71
1158,2025-05-14,1,18,4,5,,271.26,78719.97
1160,2025-10-27,2597,66,13,10,,74.26,69930.53
1161,2025-06-19,1053,34,8,7,748.2,168.54,
1163,2025-04-26,101,17,14,10,1258.76,,
1167,2026-02-01,2943,16,7,3,655.89,121.25,
1168,,1279,60,10,11,1278.49,96.13,139261.23
1169,,377,35,9,11,,165.21,52765.93
1170,2026-02-06,2541,25,5,2,484.27,66.97,
1174,,2880,62,1,6,885.76,160.84,37795.7
1175,2025-07-18,791,51,14,8,1251.35,191.61,
1176,2025-03-01,125,52,15,4,1515.6,313.42,
1177,2025-03-17,2524,79,14,3,1524.88,,258179.58
1178,2025-10-05,3761,8,10,10,1488.83,,65791.73
1179,2025-02-23,1512,1,13,11,1903.73,,164024.08
1181,2025-01-01,1466,64,5,4,412.24,,16238.21
1182,,442,77,7,10,,95.62,282437.73
1185,,805,43,4,11,,,
1187,2025-06-20,2616,58,13,11,,205.89,65864.39
1188,2025-09-12,1805,4,10,11,1968.75,159.54,
1189,2025-03-15,2417,2,1,9,,,270806.61
1191,2025-05-10,2132,59,9,2,,163.79,38875.1
1192,2025-02-08,2025,5,1,1,1938.27,,163602.89
1193,2026-01-07,2387,37,11,6,372.56,,24149.78
1194,2025-01-02,257,8,10,4,,99.44,61912.51
1195,2026-01-20,2882,5,10,7,1511.44,,67099.49
1198,2025-09-20,2761,74,13,11,76.54,,6589.98
1199,,1358,58,8,3,,41.29,23527.73
1201,2025-09-05,813,17,9,5,,66.96,34661.85
1202,,1288,14,11,11,525.74,53.91,13614.16
1206,2025-02-02,868,45,1,8,,289.62,183432.08
1211,2025-04-18,1652,23,12,5,710.89,,106516.98
1220,2025-08-03,1199,74,7,1,942.34,,45372.96
1224,2025-03-15,1004,24,2,6,283.65,,29478.22
1227,2026-01-02,1606,61,11,9,927.93,,102517.03
1228,2025-09-29,912,47,15,3,338.49,48.44,
1229,2025-09-11,1635,71,5,7,117.55,25.73,
1232,,2705,54,8,1,693.79,63.22,65521.27
1234,2025-09-06,2479,10,13,2,200.03,29.66,
1235,,598,17,15,10,326.96,39.11,38689.37
1236,2025-07-11,2784,63,3,3,1356.28,301.86,
1237,2025-04-21,963,37,1,9,441.99,94.02,
1238,2025-07-15,2640,67,1,9,1891.89,,163572.11
1240,2025-09-13,2330,30,10,3,1280.18,,253584.4
1241,2025-07-22,2995,74,14,9,,93.75,11864.02
1244,,1292,45,4,3,674.17,138.49,61095.49
1245,2025-02-13,2887,51,6,12,1977.94,407.99,
1246,2025-08-07,2956,1,12,6,,190.98,77913.23
1247,2025-12-04,16,59,3,4,1486.8,109.63,
1248,2025-12-07,2084,44,15,2,,274.95,
1255,2026-02-15,1681,70,10,3,1394.21,110.73,
1256,2025-06-27,1888,16,11,9,864.36,,169776.36
1259,2025-11-07,3851,31,13,2,,54.79,44848.9
1260,2025-01-27,1118,12,9,7,380.92,,49845.27
1262,2025-06-01,2892,30,9,12,,188.91,
1263,2025-02-15,1057,17,6,11,,262.93,137484.22
1264,2025-04-18,609,80,10,7,998.07,,167810.75
1266,2025-04-01,2059,64,2,2,,69.5,157079.21
1267,2025-08-06,2726,73,9,10,706.93,,30485.65
1270,2026-02-09,81,26,6,5,,251.39,347197.86
1272,2025-07-05,2976,6,5,2,,89.93,41688.54
1274,,1973,65,4,12,1255.16,126.13,242034.01
1275,2025-07-15,950,26,4,4,1564.84,344.54,
1278,2025-10-08,2948,20,14,2,1269.83,1782.44,
1279,,348,4,9,1,350.79,78.58,65005.89
1280,2025-11-08,1297,31,13,6,,91.08,
1283,2026-01-03,1970,29,4,4,1843.37,,164280.76
1287,2025-01-04,2831,36,2,12,,27.03,6624.64
1289,2025-02-22,1913,50,7,7,1679.59,,86282.22
1291,2026-01-20,1223,64,6,4,1533.96,,
1292,2025-06-09,2039,56,7,10,748.3,,
1294,2025-11-09,2047,80,6,1,,271.05,
1296,2025-10-15,52,23,10,11,1456.7,,244171.48
1297,,1931,12,6,11,240.21,44.34,45786.88
1298,,2049,38,10,10,,217.2,166216.3
1300,2025-10-02,1177,78,7,4,,101.12,
1302,2026-01-02,1228,21,1,11,1042.4,,37698.22
1303,2025-06-16,1348,5,12,6,656.12,,117864.32
1304,2025-12-16,1647,12,15,11,876.34,,50850.33
1305,2025-10-29,1493,69,3,8,952.89,,89248.62
1306,2025-11-03,118,56,15,1,1709.29,2731.7,
1309,2026-02-12,1939,79,6,11,1875.65,171.98,
1310,,2465,54,4,4,1504.07,221.19,
1311,2025-04-03,222,40,5,9,622.79,,39273.19
1314,2025-10-21,699,43,12,11,227.22,21.51,
1317,2025-05-03,1110,33,15,10,785.1,,
1319,2025-04-07,1688,30,10,5,1194.26,284.55,
1320,2026-02-13,1198,41,3,6,,71.09,48791.33
1321,2025-02-05,337,61,15,9,,,117736.57
1322,2025-09-06,1982,17,12,8,1488.73,,97131.68
1325,2025-09-29,1399,68,4,11,,114.86,177286.68
1326,,2979,8,9,9,,109.97,106757.96
1328,,769,37,10,11,934.8,1061.32,118945.97
1329,2025-05-22,803,5,14,1,1245.17,,190864.32
1330,2026-01-27,700,40,5,8,,,
1334,2025-02-17,101,5,1,4,,106.1,93691.89
1338,,912,10,7,10,229.87,28.53,41810.59
1339,2025-08-14,653,33,7,7,,118.07,160261.76
1340,2026-01-20,1374,22,13,3,623.78,,90183.07
1343,2025-01-03,383,45,1,11,,138.69,
1345,2026-11-01,1198,21,11,10,,,208011.25
1346,2026-02-18,2838,58,9,11,,406.09,
1347,2026-02-03,2439,34,6,2,,62.54,33350.95
1348,2025-06-22,701,28,8,2,89.53,,4157.88
1349,2025-08-20,228,47,4,3,,25.38,
1350,2025-05-28,291,8,4,7,,157.91,22816.56
1351,2025-02-16,1869,10,14,4,1775.07,,338913.02
1353,2025-07-24,2611,78,15,11,1639.04,236.23,
1355,2025-10-14,894,79,1,6,,47.13,
1356,2025-01-03,1565,60,7,10,1060.42,154.15,
1358,,639,42,5,5,1584.05,,121823.25
1361,2025-11-12,2612,17,1,4,,39.7,
1362,2025-09-13,800,79,1,1,1846.29,,240359.38
1363,2025-11-20,642,78,14,7,1893.67,,245779.11
1370,2025-04-09,33,13,15,5,1759.46,,60204.22
1375,2025-05-17,762,56,12,5,,29.31,
1376,2025-02-02,1692,64,5,12,1462.22,275.05,
1377,2025-05-30,2002,44,3,9,,279.02,319646.2
1378,2025-06-24,1413,38,1,12,-1319.9,,55411.33
1379,2025-07-10,856,73,12,11,111.13,,16294.27
1386,2025-07-23,2693,57,13,3,,23.84,
1388,2025-07-18,513,13,9,1,,154.06,131727.75
1389,,2700,12,7,6,828.0,74.4,
1394,2025-09-12,1111,14,11,12,556.39,,38370.87
1396,2025-10-17,390,65,10,10,1623.23,,282572.21
1397,2026-01-13,1483,59,7,12,65.53,,12695.7
1399,2025-12-02,2517,59,15,5,1160.25,,91321.06
1402,2025-07-01,2923,61,5,10,,152.32,
1404,2025-06-24,272,27,5,11,,47.99,115928.5
1407,2025-01-05,2486,30,4,7,909.17,,92504.74
1409,,2816,18,14,1,461.77,84.44,
1411,2025-05-30,2453,12,8,10,,225.77,231133.75
1414,2025-04-21,1382,23,14,10,,,
1416,2025-07-26,280,36,12,4,,146.34,302927.86
1417,,731,7,1,9,1543.63,255.31,42693.89
1418,2025-07-27,2935,33,3,4,1606.53,,95092.52
1419,,666,10,13,8,,226.95,274030.63
1420,2025-02-23,2028,18,8,5,,84.87,163302.37
1421,,589,36,11,1,1341.75,262.06,
1422,2025-07-20,704,62,2,5,734.26,,70738.8
1425,2025-11-07,2233,64,9,11,,,244926.32
1426,2025-11-04,2668,66,8,12,,111.38,84537.76
1428,2025-04-16,74,65,2,4,301.48,25.52,
1429,2025-06-11,1515,57,4,2,608.62,,
1430,2025-09-04,288,8,1,3,,84.91,
1431,2025-11-05,1002,29,13,10,,,85228.51
1432,2025-09-20,503,58,4,9,,,204350.24
1435,2026-02-17,2205,53,8,11,1438.41,,
1436,2025-04-22,136,47,4,12,,58.44,96164.84
1438,2025-08-30,748,34,8,7,1704.53,,140936.02
1440,,1095,79,1,5,1031.28,147.92,62111.91
1442,2026-01-23,1327,31,4,1,70.43,10.52,
1445,2025-05-12,1306,46,7,6,,35.07,15142.25
1446,2025-08-17,1647,73,10,4,,27.57,54492.21
1448,2025-10-23,2463,30,14,9,333.27,35.02,
1450,,1076,70,6,12,,,157160.68
1455,,339,73,12,7,1625.65,87.23,69016.81
1456,2025-12-12,2672,30,3,2,,52.4,30690.26
1457,2025-01-04,2508,69,4,2,1993.57,,98176.37
1458,,629,47,7,6,836.65,192.24,99932.21
1460,,2227,43,8,9,257.74,45.66,
1464,2025-04-05,1562,55,5,9,1700.23,293.77,
1465,,1533,27,4,2,1333.61,88.57,74600.83
1469,2025-10-29,2342,8,7,2,1038.23,,74804.96
1470,2025-05-29,428,48,15,3,1052.05,143.5,
1472,2025-06-29,1942,30,4,8,,214.94,60364.39
1473,2025-10-21,1534,62,11,2,,,109242.01
1474,2025-07-16,2249,5,14,8,390.94,,
1477,2026-02-18,1872,24,3,4,1575.23,,152497.34
1478,2025-08-26,958,46,4,6,1694.54,,264978.11
1479,2026-01-29,1251,48,2,4,,,178985.42
1481,2025-07-07,1720,40,12,1,,,93808.79
1482,2025-03-27,776,67,5,4,,107.16,138651.92
1483,2025-02-02,2626,62,5,8,,114.79,89558.77
1484,2025-04-14,2196,25,7,8,,100.94,85992.66
1485,2025-11-25,2787,34,3,2,,,37364.75
1488,2025-07-03,1949,42,7,2,83.51,,15349.21
1489,,733,13,14,7,1212.81,115.09,65959.11
1490,2025-07-31,523,15,5,5,672.89,,26345.35
1494,2025-08-08,1165,3,11,10,,87.92,
1497,2025-04-15,831,22,15,8,116.81,,19470.94
1498,2025-04-19,286,12,7,3,1831.87,,257971.25
1499,2025-12-17,1189,26,2,1,,98.22,
1501,2026-01-15,416,22,6,12,,413.18,171093.71
1503,2026-02-01,662,77,12,7,1822.3,,119977.39
1504,2025-05-27,1395,28,10,12,825.78,,35317.6
1506,2025-07-19,504,34,15,3,,247.04,202462.14
1507,2025-02-21,2812,41,10,2,,23.17,
1509,2025-01-04,818,24,6,7,1172.0,247.96,
1510,2025-09-15,929,79,5,9,,285.27,73286.98
1512,2026-01-18,1235,42,3,3,,,61422.37
1515,2025-01-08,439,52,4,3,,55.27,55207.08
1516,2025-07-31,1219,22,8,3,,128.99,
1517,2025-09-03,3545,40,7,8,1277.67,,
1518,2026-02-20,388,58,1,3,,173.42,227448.56
1519,2026-01-12,1883,46,7,2,,385.84,
1522,2025-01-26,563,61,4,1,1671.27,,305360.6
1523,2025-01-19,1904,20,3,4,139.13,12.65,
1524,2025-09-12,1924,32,9,11,,76.79,112386.7
1525,2025-03-08,2430,50,13,7,691.62,76.71,
1527,2025-09-23,1113,31,15,11,,35.19,34329.47
1528,2025-01-11,2563,44,1,8,1518.43,,292610.75
1529,,2893,67,5,11,564.22,132.71,92144.76
1530,,2156,43,14,2,1891.67,342.31,183514.36
1531,,155,32,8,7,,,322453.09
1533,2025-12-17,2539,8,13,2,1563.3,355.61,
1534,2025-09-27,333,16,14,1,,,10172.83
1535,2025-02-19,1109,7,9,2,1705.77,321.79,
1536,2025-04-03,1898,68,15,11,,118.76,118083.44
1538,2025-02-28,2885,11,12,5,1685.24,142.47,
1539,2025-09-30,3510,76,5,3,,,95845.48
1541,2025-12-26,436,50,11,12,,164.04,144965.05
1543,2025-09-13,1890,22,2,4,,207.48,86909.74
1544,,2871,21,14,4,183.13,32.01,5723.99
1547,2025-06-21,1878,15,2,2,323.68,,7519.35
1548,,2416,24,13,7,405.72,78.83,32876.75
1550,2025-05-24,595,21,10,10,1754.73,,
1552,2025-06-23,1773,43,12,1,338.71,40.78,
1553,2025-04-01,1111,51,4,7,,78.17,156184.26
1554,2025-10-03,1674,76,15,7,205.07,,
1556,2025-06-17,672,57,13,8,,,
1559,2025-07-19,725,40,8,9,903.06,176.58,
1560,2025-10-20,48,31,5,6,,175.17,
1561,2025-10-15,3817,14,8,8,,,48916.1
1564,,1747,49,11,4,130.46,30.2,19682.83
1566,,20,28,3,12,594.51,146.29,32575.37
1567,,1110,49,7,9,,,47827.16
1568,2025-09-07,1808,46,8,11,,257.55,153681.26
1570,2025-02-25,355,71,8,8,1084.08,106.35,
1571,2025-12-04,2954,10,1,4,181.26,28.53,
1572,2026-02-11,2138,49,8,11,,153.79,267724.95
1573,2025-03-15,286,52,4,5,1554.68,180.49,
1576,,1533,43,3,12,1333.28,262.81,
1577,2025-03-13,24,24,3,8,,96.26,198943.58
1578,,1475,58,11,8,530.87,,31314.58
1579,2025-08-01,1599,75,13,12,1985.24,346.89,
1580,2025-06-11,2091,35,13,6,,127.84,
1582,2025-09-15,2179,73,10,9,1024.41,253.22,
1583,2025-08-23,1253,75,4,11,1155.88,,130407.68
1587,2026-01-02,1781,62,4,1,1506.63,,176051.43
1591,2025-03-08,1223,21,7,5,668.72,130.43,
1592,2025-04-09,1419,72,11,6,,149.85,90831.58
1593,2025-04-05,453,1,3,4,1122.1,,55237.72
1595,,774,75,6,1,385.72,,67565.67
1600,2025-02-15,2708,55,10,5,1566.96,,119893.83
1601,2025-03-26,2926,65,5,1,,19.86,14282.29
1605,2025-03-07,1617,76,11,11,,188.98,48949.59
1607,2025-07-18,2196,41,1,2,1351.87,,48363.32
1611,2025-02-13,2278,24,9,10,,20.41,7005.41
1613,2025-11-28,1617,70,7,4,,61.04,37388.57
1614,2026-02-01,1406,68,13,4,156.22,14.0,
1615,,161,65,9,6,1693.49,182.99,203818.82
1616,,1813,65,13,4,612.68,91.5,104374.6
1618,2025-08-31,2567,79,2,9,580.39,90.36,
1619,2025-01-10,1046,2,2,2,,336.59,249732.08
1620,2025-03-17,1092,37,4,11,,123.93,
1621,2025-04-11,846,51,6,10,,,
1622,2025-04-25,2139,17,14,12,782.95,105.24,
1627,2025-04-18,555,9,4,4,55.91,,9150.73
1629,2025-04-07,2806,11,6,12,599.97,,43706.84
1630,2025-09-07,509,15,12,8,,124.24,197359.21
1632,2025-08-18,254,9,11,10,-199.42,28.52,
1634,2025-02-16,1977,33,15,2,593.71,,48791.76
1636,2025-05-31,1073,27,6,3,1803.64,204.56,
1637,2026-02-18,2562,62,8,9,1268.88,,72876.35
1638,2025-04-21,1418,4,10,1,,,112654.18
1639,2025-11-23,2998,52,6,2,1570.34,142.73,
1640,2026-01-23,1934,4,12,10,,188.92,55452.36
1641,2026-02-14,1602,17,6,10,1993.65,153.15,
1645,2026-01-03,2835,4,10,5,251.88,,35193.42
1648,2025-09-24,1988,70,5,8,726.98,37.43,
1651,,1735,23,6,12,51.04,,
1652,2025-03-26,1155,67,5,10,,263.01,
1653,2025-09-18,720,3,12,8,1300.67,287.11,
1655,,94,2,13,11,,,233684.12
1657,2026-01-31,3761,14,8,2,1584.59,,140017.68
1658,2025-10-05,1338,15,6,2,1572.42,,274891.37
1661,2025-06-09,2692,24,13,12,,310.64,299967.18
1662,2025-01-27,183,60,2,10,,324.07,239951.93
1663,2025-04-02,828,35,1,6,1518.93,102.27,
1664,2025-01-29,1538,15,2,6,642.6,,128326.78
1667,2025-10-19,1288,11,11,9,,223.92,51503.11
1668,,1642,75,9,1,1790.39,,122729.99
1671,2025-01-11,3666,15,1,7,,56.71,35810.19
1672,2026-06-01,2044,38,10,5,740.04,,85798.0
1674,2025-11-03,1902,6,11,4,,16.6,
1676,2025-05-11,2698,18,13,6,,279.78,94936.5
1678,2025-06-09,2341,55,3,11,,187.23,253612.02
1679,2025-07-26,1599,52,8,6,,311.08,192810.16
1680,2025-07-27,1422,72,2,2,1996.04,,311938.91
1682,2025-08-02,1407,43,9,2,1683.85,152.9,
1688,,2232,70,4,12,430.31,22.83,59062.23
1695,2025-03-11,1882,68,4,10,1816.39,358.85,
1697,2025-06-25,2801,31,5,8,,106.82,
1698,2025-03-16,670,28,11,12,569.81,59.38,
1701,2026-01-14,3711,19,15,6,1462.57,,249329.61
1702,,109,31,14,10,,,
1703,2025-09-10,648,67,15,11,,76.83,197105.26
1704,,1488,5,7,9,281.98,19.4,10037.41
1707,2025-02-12,583,18,2,10,,409.31,
1708,2025-09-24,2530,30,1,10,1417.73,256.25,
1709,2025-01-24,2785,52,14,9,,70.59,52881.85
1710,,1343,38,10,11,848.54,1001.85,143610.91
1714,2025-06-30,2142,27,12,7,,12.67,30564.27
1715,,2370,68,1,2,110.73,19.54,9001.56
1717,2025-12-28,571,120,1,11,1778.76,,147489.3
1718,2026-01-11,2298,66,14,2,141.94,,
1721,2025-12-20,966,30,1,10,1398.59,,105979.44
1723,,1548,38,4,7,182.73,45.07,7388.86
1729,2025-11-07,2564,17,15,1,993.39,188.55,
1730,2025-12-21,987,27,14,5,1522.07,,93614.26
1731,2025-07-19,2870,77,9,1,,309.12,
1732,2025-02-25,2805,38,13,8,1218.96,125.3,
1734,2025-11-20,1285,26,1,10,,29.09,17080.94
1735,2025-04-27,682,64,3,4,644.69,,
1736,2025-10-05,2742,22,11,3,,112.96,20071.81
1740,2026-01-11,207,7,7,11,-58.64,10.53,
1741,2025-10-25,2126,57,15,8,1912.19,,352048.02
1742,,2188,76,15,5,1573.59,96.31,
1746,2025-09-07,2572,63,9,12,1437.76,,33451.71
1747,2025-06-04,495,69,8,2,,300.42,254628.68
1748,2025-05-18,843,14,14,4,,,42934.58
1749,2025-12-26,1495,73,14,10,951.81,,49431.88
1750,2025-04-18,2368,13,11,1,868.12,48.83,
1751,2025-10-20,1055,70,7,8,,22.69,
1752,,174,14,6,5,1354.36,,264016.58
1754,2025-09-07,2989,19,4,2,1737.3,330.46,
1755,,1906,57,8,2,1324.3,201.01,92065.21
1756,2026-01-24,250,79,7,9,502.92,,
1762,2025-07-12,350,72,3,6,1954.59,,354944.73
1764,2025-12-30,1330,14,10,4,424.39,,69369.92
1765,2026-01-06,407,22,6,12,308.66,18.1,
1767,,1704,69,13,5,1084.37,,149145.52
1768,2025-02-04,2555,20,1,9,1457.38,152.1,
1769,2026-01-21,2800,45,11,10,,321.45,50756.11
1770,,1936,42,1,3,1823.01,213.78,118002.04
1772,2025-11-13,1537,103,11,8,,173.17,
1774,2025-12-14,2941,24,10,2,,315.3,
1776,2025-11-15,994,70,12,1,732.73,73.74,
1777,2025-02-11,1793,21,7,2,,100.09,249381.23
1778,2025-08-04,1376,7,9,9,,245.91,121929.9
1780,2025-01-09,2624,58,9,6,622.08,,
1783,,2408,20,1,1,1138.61,114.96,71583.15
1784,2025-11-21,1266,73,13,4,1731.06,169.21,
1785,,634,46,14,5,1046.87,247.28,150164.69
1789,2025-07-08,831,59,6,10,1961.38,159.37,
1790,2025-04-19,2174,4,2,11,,28.93,
1791,2025-05-16,2354,15,8,12,680.71,96.08,
1792,2025-07-13,709,14,14,8,609.1,108.23,
1793,2025-10-23,2293,24,15,4,1238.61,,219274.04
1795,,1380,74,6,4,1890.33,126.27,232557.47
1798,2025-01-21,248,68,5,9,891.64,,73532.7
1799,2026-02-18,1091,37,13,2,,50.7,183161.11
1802,2025-10-07,646,59,14,12,648.59,,31182.6
1803,2025-05-01,2786,18,15,4,1720.84,,311885.3
1805,2026-01-26,178,75,9,1,1644.36,275.42,
1809,,2552,29,2,3,544.22,58.76,34922.13
1810,2025-04-15,894,60,4,11,630.22,,65686.43
1812,2026-01-21,2090,42,9,2,1843.46,,261315.52
1813,2025-02-28,2557,3,8,6,,,
1815,2025-09-17,876,15,6,7,378.93,85.12,
1816,2025-06-25,1089,32,6,3,,386.56,277485.12
1819,2025-11-27,2679,36,14,7,,97.5,
1820,2025-06-29,82,41,5,5,,66.39,89488.22
1821,2025-02-22,967,46,11,1,1868.18,,39482.53
1822,2025-07-29,2246,104,4,2,626.38,,117978.19
1825,2025-06-02,2625,19,2,12,1677.09,369.21,
1826,2025-03-27,1359,57,15,12,1994.76,497.71,
1829,2025-04-04,338,21,12,1,,12.82,
1830,2025-07-10,861,46,14,1,1597.98,119.94,
1836,2025-03-26,2316,28,4,5,,155.31,232544.62
1838,2025-09-06,1565,63,13,10,,281.77,259083.07
1839,2026-01-21,1388,21,10,1,1062.53,,
1840,2025-04-13,538,1,8,2,1087.2,266.51,
1841,2026-01-26,1913,8,12,2,,,
1842,2025-11-21,1305,16,14,2,1834.52,,165630.97
1844,2025-06-09,2646,75,15,3,,31.38,85660.11
1845,2025-07-24,934,13,11,6,152.54,9.8,
1846,2025-04-20,1320,36,11,1,,212.74,
1850,2025-07-12,2349,79,5,9,527.38,,59201.58
1851,2026-02-06,1801,68,10,6,,,65641.6
1852,,2997,3,4,9,1854.64,347.89,169651.18
1854,2025-05-09,1695,44,5,6,786.79,,47046.1
1855,2025-04-01,864,8,15,5,1937.73,,
1856,2026-01-13,881,64,12,1,1835.13,125.71,
1857,2025-02-11,733,77,3,10,1674.15,291.64,
1858,,2966,61,12,5,,80.35,
1860,2025-02-05,1226,8,5,8,,89.0,98037.18
1861,2025-07-23,2865,79,10,5,,107.49,
1864,2025-03-12,1093,77,13,5,229.61,34.25,
1866,2025-06-04,592,45,1,6,,157.9,48290.79
1867,2025-11-12,2212,79,7,2,1395.08,,187043.68
1869,2025-07-18,1412,13,2,8,856.46,70.41,
1872,2025-04-30,946,25,6,9,1321.62,,188990.49
1873,2025-06-19,97,56,3,8,654.91,43.58,
1874,2025-01-19,1081,13,7,2,,77.82,46255.1
1875,,1292,58,12,5,1319.39,231.21,
1876,2025-09-14,485,47,11,9,,191.74,
1877,2025-10-19,2682,33,13,4,914.29,81.52,
1878,2025-12-03,243,21,15,3,69.02,,6029.47
1879,2025-04-19,755,36,7,6,198.23,17.4,
1882,2025-10-07,1539,13,13,3,1873.87,,
1885,2026-01-05,953,36,15,5,,181.41,188865.47
1886,2025-06-27,1511,11,14,6,1494.57,,
1887,2025-05-07,2323,72,15,9,1668.0,313.8,
1888,2025-04-27,83,7,9,2,1592.37,,95501.87
1890,2026-10-02,2109,19,15,4,,176.11,131243.3
1892,,684,26,9,4,1540.42,308.73,164304.12
1893,2025-07-14,1445,44,9,6,1253.32,128.42,
1902,2025-07-24,3608,67,4,5,140.05,,15596.34
1907,2025-10-29,2174,23,4,12,471.48,96.31,
1908,2025-02-08,445,65,8,9,1800.71,127.31,
1909,2025-04-19,1225,39,13,7,1070.48,,21793.61
1910,2026-02-02,2667,13,7,7,,401.86,254107.87
1915,2025-08-31,2863,47,9,7,826.09,205.34,
1918,2025-01-25,2541,18,7,5,1703.78,,134477.64
1920,2025-04-02,656,2,1,11,1843.08,,179546.23
1921,2025-03-26,1065,44,11,12,,147.13,32935.84
1922,2025-07-04,2332,52,6,5,,84.45,
1924,2025-02-21,1227,31,13,3,1044.89,,
1925,2025-10-10,2319,17,4,8,189.35,19.23,
1931,2025-12-26,1298,11,12,11,538.11,,51419.76
1934,2025-10-10,2625,75,3,3,1246.0,112.67,
1935,2025-01-09,2033,22,10,5,428.02,56.51,
1936,2025-06-21,1365,70,7,8,,124.74,111928.88
1937,2026-01-04,1606,13,3,9,1688.54,419.51,
1938,2025-04-19,324,51,14,2,701.66,,
1939,2025-09-24,275,2,5,3,1709.69,273.88,
1940,2025-06-15,1070,70,9,6,,270.08,
1941,2025-10-04,3519,75,10,5,,273.28,
1950,2025-11-09,2055,26,7,4,,,
1952,2025-10-03,948,12,5,12,,,126271.42
1955,2025-11-13,1469,68,3,7,212.76,47.06,
1960,2025-03-23,1146,75,10,9,950.06,,121660.05
1961,,1422,52,2,12,,,8545.07
1963,2025-01-14,1378,34,2,6,,239.76,241038.09
1965,2025-06-17,1207,29,6,11,,153.99,367033.74
1966,2025-01-25,1391,6,1,5,,,
1968,2025-07-30,2224,50,7,11,,135.16,192537.19
1971,2025-10-08,1099,44,13,7,,218.44,28351.34
1973,2025-01-09,1854,38,15,9,,116.06,
1974,2025-06-06,1620,48,13,3,256.11,,22265.97
1975,,2821,72,1,11,813.94,125.76,
1978,2025-10-26,1674,38,14,8,,54.77,9065.32
1979,2025-02-14,1989,41,7,4,1652.41,,
1980,2025-09-03,666,59,13,9,,,88744.51
1981,2025-10-04,1723,75,9,2,1521.03,,42654.25
1984,2025-08-29,2847,66,15,7,1091.24,,143324.16
1986,2025-09-13,113,36,14,12,,137.42,93160.11
1989,2025-02-05,86,47,1,10,1856.92,401.22,
1992,2025-01-21,796,18,13,2,-814.54,179.4,
1993,2025-09-26,2193,28,15,11,,9.16,13897.39
1995,2025-05-21,441,21,9,7,,362.0,270147.55
1996,2025-03-04,1084,75,3,12,,177.39,306172.63
1997,2025-10-03,216,76,8,7,,149.47,166158.56
1998,2025-04-01,305,15,12,8,382.4,45.89,
2003,2026-01-27,2371,12,5,12,491.42,36.57,
2006,,142,78,15,8,1083.25,133.94,94413.4
2007,,502,59,11,11,559.25,88.04,76026.3
2009,2025-09-25,2722,58,5,9,683.95,,87769.5
2011,,1128,61,9,2,,314.11,35882.3
2012,2026-04-02,1168,54,10,4,,,8117.93
2013,2025-01-25,2590,35,15,5,715.33,,62814.04
2014,,2676,35,13,9,1918.37,,139676.3
2016,2025-12-08,2468,47,15,2,509.65,48.56,
2017,2025-06-29,1459,16,7,10,1017.75,,56102.72
2018,2025-09-15,2101,71,11,5,,,49839.22
2020,2025-03-24,2111,25,7,10,,112.46,95934.39
2021,2025-03-26,147,4,13,6,1934.27,,157565.45
2027,2025-10-30,1047,59,10,12,1830.31,,
2029,2025-05-07,2644,6,2,3,,,211636.52
2032,2025-11-09,1995,40,13,10,52.84,12.68,
2033,2025-11-15,1218,8,1,5,1909.59,,314178.44
2037,,2879,59,4,6,,179.52,91262.8
2038,2025-03-25,1315,69,6,4,1626.92,186.65,
2039,2025-03-07,1176,31,1,9,1049.69,169.71,
2040,2025-07-15,2372,25,4,8,697.32,,
2041,2025-06-20,1113,45,1,11,675.21,129.17,
2044,,1102,45,5,10,,186.7,
2047,2025-10-05,2004,61,4,12,1935.32,,47796.85
2048,2025-10-10,1856,2,12,7,,412.55,193354.57
2049,2025-09-30,271,24,8,3,1587.56,,
2050,2025-05-16,1960,32,9,5,533.87,60.49,
2055,2025-08-15,2001,75,15,2,63.03,12.93,
2059,2025-09-03,454,56,2,11,864.22,211.45,
2060,2026-02-20,520,58,15,10,,929.2,88728.15
2062,2025-07-16,1069,62,5,10,895.39,1579.71,
2066,,3708,48,14,11,,68.65,45264.1
2067,,2174,12,14,6,1486.5,96.19,
2068,,632,10,13,4,896.64,,95429.86
2069,2025-06-19,821,13,10,7,1427.05,161.94,
2070,2026-01-07,921,67,12,1,,,
2072,2025-05-14,2843,75,15,11,284.76,,9146.86
2074,2025-12-25,342,48,1,7,,175.83,85464.56
2075,,228,72,13,6,,27.9,50298.23
2077,2025-11-22,2598,79,14,6,954.76,56.41,
2078,2026-02-18,2196,79,11,4,136.27,21.46,
2081,,2823,8,9,12,1057.19,53.7,
2082,,2000,20,10,5,314.47,,49583.58
2083,,1104,58,3,1,374.87,73.42,
2085,2025-01-12,880,52,8,11,1714.12,,45246.96
2087,2025-06-26,103,71,3,8,1292.05,,165162.65
2092,2025-02-05,1278,9,13,1,,140.13,121877.61
2093,2025-03-17,2348,51,12,2,1430.57,,
2095,2025-12-24,607,10,5,3,,,46627.17
2096,2025-01-30,786,67,13,4,,184.82,175986.45
2102,,55,3,5,10,1051.7,118.92,138573.68
2103,2025-02-08,1200,52,10,1,679.23,124.45,
2107,2025-06-23,1322,28,7,1,280.26,,38188.33
2112,2026-01-26,1573,1,2,5,867.23,62.94,
2114,2025-06-29,455,65,1,11,,10.28,5040.33
2115,2025-03-14,814,44,13,9,,,80743.2
2116,2026-02-12,1018,50,7,7,,63.43,169656.32
2118,2025-03-29,2097,20,15,9,,131.82,148082.97
2122,2025-09-04,2719,16,11,11,,267.2,
2123,,1208,42,15,5,1063.39,,
2128,,2088,24,2,12,,98.58,
2129,2025-06-19,340,80,13,11,1919.46,,
2130,2025-11-16,2101,67,6,6,355.29,,17073.39
2131,2025-05-26,558,21,14,1,,,74682.76
2133,2026-02-11,1762,25,3,10,1773.57,,73588.99
2134,2025-04-16,2035,37,14,8,,26.66,8697.48
2139,2026-02-10,564,57,9,11,,89.21,124999.61
2140,2025-02-08,1777,80,6,11,,294.58,115992.72
2142,2026-03-01,246,54,5,1,741.86,50.17,
2145,2025-02-10,839,79,7,9,1115.04,146.71,
2146,2025-02-11,2538,48,8,10,1348.48,,164157.44
2148,2026-02-06,3538,50,14,6,1845.29,,368682.35
2150,2025-06-11,944,18,6,7,,65.59,163245.41
2151,2025-07-25,1449,68,11,3,,,6761.22
2152,2025-11-25,1726,39,12,2,651.19,92.19,
2155,2025-10-06,1285,15,12,6,1351.02,236.64,
2156,2026-01-31,2551,67,9,2,253.0,,11638.27
2157,2025-10-02,2697,60,13,1,540.92,66.92,
2159,2026-01-14,1786,24,10,7,1360.55,173.08,
2160,,2811,38,5,7,,291.72,220980.24
2164,2025-01-11,1536,65,1,12,1671.8,,
2166,2025-04-26,1143,80,6,9,1408.02,,274961.32
2168,,2103,54,8,1,1348.51,183.48,
2170,2025-07-16,589,48,11,7,,212.26,74246.81
2172,2025-09-28,2509,26,12,3,,,
2173,2025-01-30,931,60,5,12,,79.84,23085.8
2175,2026-12-02,963,21,14,9,1199.3,204.38,
2176,2025-06-07,1516,18,1,8,296.46,,38428.47
2181,2025-11-04,2673,9,4,9,,,216265.52
2182,2025-12-03,2720,65,11,2,1113.92,114.95,
2186,2025-07-18,2216,74,9,4,,146.02,234110.93
2188,,2796,57,1,9,1355.61,87.21,142760.54
2190,2025-04-01,684,28,14,11,0.0,155.02,
2191,2025-06-04,1183,28,7,1,,168.25,181617.7
2192,,1801,41,8,7,,81.34,146905.67
2193,2025-11-28,194,29,7,6,1934.0,,304425.54
2195,2025-12-17,1995,37,10,7,1406.21,97.48,
2196,2025-03-19,1562,27,15,3,,30.41,45606.48
2197,2025-01-17,1523,38,3,1,1511.91,,171338.11
2198,2025-05-25,2316,57,13,12,907.65,91.88,
2199,2025-09-27,695,69,9,3,960.43,,65902.01
2200,2025-05-24,1936,30,14,8,,86.27,
2201,2025-01-14,1812,10,3,4,420.81,58.34,
2204,2025-02-04,16,77,10,8,1201.75,,
2205,2026-01-15,768,64,15,9,,,183808.43
2206,2025-01-09,2048,74,9,4,,360.03,215475.75
2208,2025-07-07,1250,49,8,12,,164.7,148437.12
2210,2025-12-13,2062,66,1,2,,,93136.85
2211,2025-09-09,3570,68,11,6,,72.36,86721.04
2212,2025-07-16,23,23,15,3,342.76,,9043.12
2213,2025-07-18,2202,40,1,10,,146.76,277756.52
2214,2025-01-20,2822,68,3,11,,67.9,20402.28
2216,2025-05-28,462,29,11,12,1744.41,,216098.68
2218,2025-01-27,2828,11,10,10,,132.79,137765.52
2221,2025-02-26,6,39,11,9,,227.42,99450.56
2223,,2993,60,10,12,,47.45,23453.82
2225,,1743,71,9,8,1930.01,420.69,
2229,,787,70,5,4,90.79,16.1,
2230,2025-12-19,626,6,11,6,,97.63,
2231,2026-01-18,1053,32,13,10,1552.55,370.47,
2233,,2104,31,3,10,,150.88,142058.98
2234,2025-05-23,2520,42,14,11,715.11,,116125.01
2236,2025-02-23,343,119,15,7,769.92,176.76,
2239,2025-08-02,2816,51,13,6,1808.87,235.88,
2240,2025-08-24,2338,50,10,4,1250.81,,88214.75
2245,,1680,50,12,6,1960.77,262.26,120978.23
2246,,669,25,7,6,1439.36,190.61,272991.32
2248,2025-12-19,1076,77,2,8,889.44,,
2249,2025-04-15,2128,3,8,1,,47.05,
2250,2025-04-13,2225,50,1,7,1158.87,217.8,
2252,2026-02-14,15,51,4,6,603.99,,74420.02
2253,2025-06-11,2673,62,15,5,1991.18,370.34,
2254,2025-09-14,1884,9,14,4,1100.0,,
2260,2025-05-10,1516,52,5,12,688.31,,124114.36
2261,,2352,56,8,5,564.58,100.99,44105.62
2264,,598,65,12,10,719.67,111.87,
2266,2025-08-08,1636,68,3,10,455.09,787.5,
2267,2025-06-24,70,68,9,3,,108.71,54936.06
2268,2025-03-30,400,7,10,5,,80.21,41775.86
2269,2025-03-03,2135,55,14,1,,101.72,271561.89
2270,2026-01-26,1736,2,1,12,,78.98,68351.82
2271,2026-02-05,2105,2,15,12,,180.74,71984.02
2272,,2725,71,1,6,,269.23,
2273,2025-10-13,1836,34,6,10,387.16,,47680.82
2275,,1685,25,15,3,852.55,,59494.67
2276,2025-06-22,954,43,8,9,797.92,102.31,
2277,2025-02-12,1467,36,8,10,1177.05,,211501.81
2278,,1717,19,13,9,1197.71,73.84,
2280,,1409,74,7,12,1247.95,248.26,247317.72
2281,2025-03-03,1573,26,2,12,665.99,162.67,
2282,2025-10-21,269,73,3,9,,96.4,
2283,,2321,60,5,11,1297.99,162.17,97310.03
2284,2025-06-03,2503,47,11,5,1851.0,,202064.75
2286,2025-01-27,2132,13,10,11,633.48,,77728.39
2289,,630,33,5,4,949.17,199.32,162218.2
2290,,2611,54,13,8,155.06,13.63,30209.36
2291,2026-02-02,1448,30,15,9,1766.77,424.78,
2292,,2632,52,10,2,,269.42,
2298,2025-01-16,604,76,9,7,1999.25,,79415.52
2299,,1431,65,3,11,885.13,132.39,
2300,2025-11-08,2133,64,9,2,,135.42,60909.56
2303,2025-08-30,3897,59,9,10,870.38,174.23,
2304,2025-03-13,2033,48,4,8,468.5,,85499.55
2306,,2093,48,4,5,,90.43,192625.35
2307,2025-12-06,1065,5,2,4,1980.57,,237270.6
2309,,2823,42,13,2,700.22,73.27,15612.94
2312,2025-04-20,1000,76,9,3,,,
2313,2025-12-30,2012,46,8,2,1195.81,,141619.98
2315,2025-11-30,1754,63,3,10,1946.72,,312339.96
2318,2025-06-16,2829,29,3,6,319.86,19.1,
2320,2025-01-17,1815,35,6,3,1820.43,108.17,
2322,2025-03-27,2064,59,13,6,,25.75,15216.63
2323,,986,64,15,2,1220.62,68.72,105678.1
2325,2025-08-31,2516,80,12,1,740.23,150.27,
2326,2025-07-02,2995,54,4,11,785.42,171.41,
2327,,1845,61,2,8,1964.4,272.07,198867.88
2328,2025-02-22,139,37,3,1,,,99817.34
2329,2026-01-05,1913,72,7,2,1842.32,,37069.58
2330,2025-06-03,1253,31,13,10,,74.16,
2332,,2530,78,14,11,852.6,,77254.46
2335,2025-01-01,1706,67,10,1,1875.62,430.7,
2336,2025-01-14,1811,2,5,2,1183.93,100.25,
2339,2025-07-13,1468,7,4,8,,59.16,35846.48
2340,2025-03-15,142,19,12,2,,385.88,169402.19
2341,2025-12-14,1895,14,12,9,894.88,,
2344,2025-01-12,1725,9,11,12,928.81,,77987.87
2345,2025-05-17,239,71,4,5,,195.22,
2347,2025-01-05,1916,27,9,12,,160.43,100004.76
2352,2025-06-14,1441,61,14,12,,,233983.76
2355,2025-02-28,2345,43,14,6,,117.0,56935.07
2359,,2326,73,9,4,,188.42,
2360,2025-05-22,1710,38,11,2,,,3733.02
2363,2025-08-21,1500,47,1,5,1204.53,117.6,
2367,,2592,49,1,11,1360.91,,63950.43
2369,2025-05-24,449,22,10,7,1963.29,,252183.08
2370,,2242,5,14,1,1651.55,282.79,
2371,,1120,40,3,10,1812.42,,108834.22
2377,2026-01-20,1969,3,10,10,1944.74,410.99,
2378,2025-10-22,693,80,10,6,0.0,283.41,
2381,2026-01-19,1579,38,14,12,1561.68,,291076.59
2382,2025-10-27,3770,7,9,1,56.95,,3180.07
2383,2025-12-22,1096,80,8,4,,63.48,6669.63
2384,2026-01-12,1116,21,9,3,,69.03,
2386,2025-12-12,2622,20,12,1,1184.15,,226433.84
2388,2025-04-09,1549,20,4,4,,404.06,168918.33
2390,2025-04-13,1906,21,3,11,,,44678.71
2391,2025-04-01,589,73,6,8,,85.29,224334.95
2393,2026-02-06,1383,57,8,7,74.5,,2938.69
2396,,2803,49,15,11,1970.73,,284454.09
2400,2026-02-12,2028,59,10,9,426.15,,73754.64
2402,2025-04-03,2283,16,1,7,439.75,74.39,
2404,2025-03-03,1489,19,4,9,927.21,221.11,
2405,,1395,61,7,4,1353.16,207.02,186580.72
2406,,634,1,4,8,1955.5,,263663.87
2407,2025-02-16,1780,78,11,8,899.03,,116086.15
2409,2025-03-13,1329,44,15,6,,101.9,147089.39
2411,2025-05-30,1323,23,9,1,574.11,,29867.44
2412,2025-02-19,1345,21,11,9,,,166327.57
2413,2025-12-01,2844,79,12,1,,161.04,174046.27
2414,,2253,75,15,12,903.87,101.61,26443.98
2416,2025-06-24,1632,9,3,5,,69.29,84875.91
2417,2025-07-15,448,36,3,3,,,
2418,2025-11-25,1127,35,12,7,,58.94,59794.33
2420,2025-11-19,2853,27,2,4,1981.86,,130688.75
2421,2025-06-10,1404,21,3,3,1852.11,,354284.81
2423,2025-06-10,943,75,6,5,526.77,,
2424,2025-05-19,827,10,1,8,,142.48,41763.82
2425,2025-09-30,2300,63,1,7,1292.19,,171587.37
2429,,1668,76,9,2,1773.26,364.22,322919.83
2430,2025-12-13,1125,78,3,3,1814.48,,296685.86
2431,2025-01-19,203,12,14,1,1701.16,138.43,
2432,,1977,22,10,1,422.29,26.96,25903.45
2433,2026-02-13,1987,22,6,10,1607.13,89.49,
2434,2025-11-06,444,23,10,10,1077.75,,179593.8
2435,2025-08-27,2818,11,1,10,229.86,14.15,
2437,2025-04-30,1602,26,8,11,1948.11,231.46,
2439,,1681,55,9,10,1424.39,159.48,268921.51
2440,,2539,13,11,7,722.94,,121078.98
2443,2025-03-18,2752,32,10,5,276.48,,39011.11
2444,2025-10-18,717,66,4,3,-626.7,,23461.41
2445,2026-01-21,1697,74,14,10,485.36,,49653.77
2446,2025-12-22,1892,19,2,12,1797.7,,92775.66
2448,2025-04-21,1499,37,12,10,401.67,,41999.15
2450,2025-06-02,138,61,3,5,1635.84,,
2452,2025-04-06,146,39,1,7,1690.41,,289283.89
2453,2026-02-14,428,11,4,1,,,
2457,2025-03-06,2220,45,15,11,270.23,,
2458,2025-09-05,415,47,9,11,1723.75,,295936.36
2460,2025-12-29,1601,9,1,10,,287.8,169847.05
2463,2025-09-04,2165,40,9,7,104.89,,6835.59
2464,2025-03-15,2521,39,6,2,,86.89,78564.93
2465,,1388,76,14,12,760.69,38.23,43146.87
2466,,2588,38,4,3,1911.77,370.87,41699.89
2469,2025-11-06,2688,48,15,1,,,88504.36
2471,2025-08-07,2791,43,15,12,872.87,,114658.53
2472,2025-06-04,2142,6,9,10,1424.46,,275087.96
2473,,3628,47,8,5,1973.62,,
2476,2025-11-18,552,37,2,3,,230.34,
2478,2025-12-20,1827,12,11,5,176.01,,32584.96
2480,2025-03-16,2291,14,2,3,376.58,24.68,
2481,2026-01-22,2309,77,8,6,,391.49,287821.84
2482,2025-04-09,599,80,11,1,,329.95,51474.41
2483,2025-02-16,798,49,2,6,1596.24,,
2484,2026-02-03,1583,5,1,12,,207.42,207144.12
2485,,1265,53,14,12,1252.51,,213244.61
2487,,954,13,6,4,99.15,,2580.34
2488,2025-10-11,2674,72,15,8,1477.03,,107627.55
2491,2025-09-09,1536,8,7,4,834.37,,67323.88
2493,2025-02-01,2967,52,10,7,,81.1,34965.24
2494,,2598,19,15,11,352.5,78.35,11655.73
2495,2026-02-11,1192,21,13,2,253.18,19.35,
2497,2025-11-01,1209,13,3,4,,14.36,12098.81
2498,2025-03-11,1504,53,4,9,1562.52,,39280.47
2499,2025-06-19,1130,8,4,3,979.85,,80024.56
2500,,1240,36,2,11,,47.28,22838.37
2501,2025-09-24,473,22,13,10,,,146386.03
2506,2026-01-07,2757,52,3,7,,15.17,14146.85
2509,2025-02-16,2354,59,4,11,244.81,13.71,
2510,2025-01-01,227,57,5,10,1115.67,1426.98,
2512,2026-02-01,1759,74,6,5,,129.73,216031.53
2514,2025-03-08,163,78,10,11,839.35,,165487.18
2515,2025-01-09,1497,67,9,3,,,43271.59
2516,2025-04-16,3596,7,6,4,1103.17,,218670.95
2518,2025-09-05,2156,19,3,4,1297.7,135.43,
2519,2025-12-13,949,51,5,5,,30.42,20296.61
2520,2025-09-21,2959,1,9,10,1653.47,387.41,
2521,,1456,46,3,6,1678.11,161.15,325160.26
2525,2025-12-19,2419,38,12,8,1954.77,123.19,
2527,,1867,71,12,2,,,49371.62
2529,2025-09-30,2761,31,2,7,1022.59,169.93,
2530,2025-02-14,802,7,8,5,688.04,54.65,
2534,2026-01-08,387,45,4,1,1986.98,,328804.14
2537,2025-05-26,768,11,15,1,,58.18,136233.41
2538,2025-12-16,2346,33,13,2,1400.35,,91918.66
2539,,2096,61,10,9,1652.92,348.42,
2541,2025-07-11,1435,18,5,9,,117.3,23780.03
2542,2025-02-23,2880,24,15,2,,169.95,38787.63
2543,2025-03-08,2886,77,8,8,,92.92,128614.69
2545,2025-03-19,2922,34,13,7,,115.38,198148.13
2546,2025-04-14,1031,26,1,10,341.95,,56873.81
2547,2025-02-04,2699,67,14,10,,,111316.39
2548,2026-01-28,1948,30,10,1,,84.51,51457.67
2549,,1185,30,2,10,,21.22,12816.2
2550,,2805,71,14,10,973.82,66.82,
2551,2025-07-08,1533,61,8,11,,,292184.95
2557,,1481,78,12,4,493.1,85.72,
2558,2025-01-07,398,61,2,1,,,155795.43
2559,2026-01-29,1067,25,5,11,699.74,143.08,
2560,2025-08-26,27,33,14,10,1483.91,,181231.86
2561,2025-11-12,1697,18,4,4,,35.54,55074.44
2562,2025-04-11,861,58,11,9,,183.52,
2564,,1701,31,7,5,,100.64,
2567,2025-11-01,2066,7,12,3,1001.57,,61147.69
2568,2025-03-18,526,18,2,2,479.87,,53490.15
2569,2025-12-20,2383,42,8,3,1548.38,,145524.25
2570,2025-11-17,159,45,4,12,1750.98,,104987.5
2573,,962,62,14,12,364.54,28.39,
2574,2025-04-09,2247,25,6,9,,37.44,9346.7
2575,,293,15,15,12,1755.45,397.03,241008.98
2578,,2629,37,3,3,1777.01,254.08,299402.94
2581,2025-09-24,877,46,8,2,,304.52,
2583,2025-06-28,133,29,11,2,,452.07,
2584,2025-03-01,720,4,1,4,1154.13,,133205.56
2585,2025-05-28,155,72,9,9,,,56948.56
2590,,592,31,11,12,,169.18,129048.27
2591,2025-12-14,742,56,1,1,,100.22,123966.93
2592,2025-12-18,2633,60,6,4,1792.83,,162636.3
2593,2025-03-24,694,66,12,11,1885.0,,
2598,,1991,3,15,4,1797.0,,326050.69
2599,,2155,48,4,4,1786.38,178.08,82804.95
2600,2025-07-17,1665,78,4,2,1766.99,341.71,
2601,2025-07-19,876,75,5,11,1097.86,116.8,
2602,,908,40,5,5,,58.66,45838.59
2607,2025-05-14,1448,80,8,8,,228.17,233590.06
2609,2025-12-15,2249,2,13,12,569.16,,105562.42
2611,,65,9,2,10,97.6,14.52,10498.02
2613,2025-03-27,1084,3,11,8,875.07,115.93,
2615,2025-10-23,1678,34,2,5,1812.31,123.42,
2617,,2800,71,8,1,1648.99,2462.37,72389.53
2619,2025-07-29,154,66,9,7,,68.79,59096.39
2620,2025-05-25,1594,80,1,12,751.43,124.64,
2621,2025-04-29,777,42,7,3,1413.59,,
2622,2025-11-27,1499,53,9,8,,238.96,
2623,2026-01-14,2819,77,11,7,901.12,70.84,
2625,2025-10-01,981,42,10,6,1289.98,,147292.45
2630,2025-01-09,2483,43,9,7,,,66025.78
2634,2026-01-31,2171,44,9,10,906.81,108.47,
2636,2025-07-12,1736,47,1,10,,6.4,8677.25
2638,,2756,64,14,5,970.29,242.17,104113.74
2639,,1387,26,9,7,809.47,,
2642,2025-11-29,158,25,7,2,67.54,,
2643,2025-01-02,191,80,13,9,1504.73,,103619.67
2644,2025-05-15,321,48,14,8,1475.75,,161243.88
2645,2025-11-11,2015,40,7,6,224.75,,
2646,2025-10-29,1058,69,10,8,1138.19,,84830.8
2647,2025-09-15,43,68,3,4,,,33396.97
2648,2025-05-29,663,54,10,12,,177.05,131629.24
2650,,1649,79,9,8,573.65,130.53,28015.58
2651,,281,12,8,10,1473.05,355.95,109507.05
2654,2025-02-01,1911,49,9,11,1759.57,112.89,
2655,2026-01-01,1180,38,6,2,,112.23,259668.18
2656,2025-08-05,1772,37,13,10,977.61,,111898.78
2657,2025-04-16,2046,46,10,10,1555.19,,133876.12
2659,,1921,74,8,6,1692.0,109.23,62155.81
2660,2025-01-07,1775,19,10,5,1651.08,,
2662,2025-09-06,1113,64,2,6,,,235229.8
2665,2025-02-17,1647,80,2,8,1963.38,,238905.33
2666,2025-06-10,1082,63,1,1,,190.46,281469.32
2667,,1674,32,4,7,1721.33,,213722.37
2668,2026-01-23,1681,32,2,1,,193.82,174760.6
2669,2025-09-17,622,2,5,4,368.48,,16323.94
2670,2025-07-04,1959,70,11,9,,,99655.08
2672,2025-04-03,2202,38,6,7,,252.47,
2673,2025-10-17,1098,8,4,4,550.88,104.48,
2674,2025-05-25,1398,36,10,1,1361.66,,182518.51
2675,2026-02-02,2913,51,11,5,,170.71,142813.28
2676,,1635,75,15,8,1023.33,150.58,26577.78
2678,2025-02-06,536,10,5,12,1193.48,,43409.72
2681,2025-10-09,2951,39,12,4,682.87,,71992.01
2685,2025-07-21,2974,50,8,11,541.6,,12087.52
2691,2025-03-25,1907,19,9,8,1665.03,,250528.67
2693,2025-01-27,1047,74,10,2,,,20707.65
2694,2026-02-06,300,28,13,5,997.27,198.96,
2695,,860,57,14,7,1981.2,492.41,126041.92
2697,2025-09-08,459,45,2,2,1916.93,,231896.51
2698,2025-05-02,1543,5,5,4,,,93351.33
2699,2025-06-19,2077,36,12,9,1835.7,,158604.96
2703,2025-11-24,1794,45,13,4,1594.12,,191030.25
2707,2025-05-06,2952,78,10,4,,78.63,192897.61
2713,2025-01-07,2479,66,2,2,1685.43,,168677.6
2715,,1634,11,4,7,464.5,88.77,36561.53
2717,2025-12-06,2664,17,13,7,1579.53,,156828.97
2718,2025-08-03,3595,78,5,12,77.47,,8371.52
2723,2025-05-04,2158,62,5,5,500.46,,10639.28
2725,2025-01-05,947,64,6,7,,140.15,
2726,2025-05-04,2910,26,12,8,,59.21,16597.33
2727,,34,24,11,9,1566.94,124.91,74202.43
2728,2025-06-30,2325,52,5,9,,,99183.97
2734,2025-11-12,2083,51,10,10,,,306104.34
2735,2025-12-18,1348,34,2,12,182.8,,27231.15
2737,2025-09-08,2947,59,7,12,,83.62,139205.47
2740,2025-09-05,2835,51,3,1,1412.9,,73046.49
2743,2025-09-27,2978,49,11,10,,302.5,
2744,2025-05-25,2376,37,3,9,531.48,,103637.45
2745,2025-05-30,585,30,7,10,258.31,,35067.87
2747,2025-10-16,2754,69,5,1,,72.79,48191.77
2748,,1707,24,6,11,1945.51,367.75,70593.89
2749,2025-05-26,1328,49,10,7,60.26,,
2750,,276,68,8,2,1630.28,105.54,236601.13
2751,2025-02-17,2846,19,11,8,,206.55,
2752,2025-11-07,2923,12,1,4,,11.76,21642.86
2753,2025-01-27,1756,33,5,1,1215.16,,177843.0
2756,,242,50,13,2,1015.84,176.29,114022.94
2757,2025-02-25,3634,41,10,11,1488.05,,37244.73
2758,2026-02-06,989,29,9,3,1609.91,,84861.62
2759,2025-10-21,2096,78,5,8,1263.06,218.24,
2761,2025-03-11,1905,5,6,10,307.51,,7707.52
2762,2026-01-30,1808,64,7,8,,,195855.72
2763,,162,51,12,7,,80.62,45049.87
2764,2025-11-24,75,56,12,2,1156.21,,125989.74
2767,2025-09-02,2783,74,9,2,,245.23,162193.06
2768,,2933,24,6,10,1869.22,,
2769,2025-12-28,2085,38,4,12,,88.12,31157.31
2770,2025-03-21,2282,52,13,10,700.92,116.95,
2772,2026-02-13,347,34,9,3,0.0,68.31,
2773,2025-11-07,2001,35,3,11,,101.45,166678.88
2775,2025-11-13,2283,65,10,4,974.73,124.54,
2779,,2558,30,4,8,184.67,29.04,15429.82
2782,2025-03-13,1321,6,2,8,1637.32,,55638.7
2785,2025-10-08,3633,38,11,5,,,74305.74
2792,2025-05-30,1384,49,3,2,744.14,86.4,
2794,2025-12-02,2519,65,9,7,1608.57,210.14,
2796,2025-04-11,1506,80,13,3,,,94284.31
2800,,2092,39,7,7,72.67,4.0,
2801,2025-07-15,146,46,12,8,339.1,68.52,
2802,2025-07-03,2179,17,7,4,1896.56,,279510.04
2803,2025-07-23,865,37,1,12,741.01,,62536.35
2804,2025-12-26,2243,9,3,9,,90.31,341990.77
2806,2025-02-25,1416,49,6,8,607.64,,104500.84
2807,,2207,15,9,1,1577.86,382.02,206492.29
2809,2026-01-08,1075,46,7,5,,141.16,21694.68
2812,2025-10-14,1345,65,4,2,1893.91,,96282.47
2813,2025-10-01,1514,40,4,7,,68.25,
2814,,1191,21,14,9,543.64,,
2818,2025-02-27,2384,51,11,8,,,171048.69
2819,2026-02-07,2587,40,5,11,315.54,,57509.17
2821,,1910,70,4,3,222.81,17.88,42646.9
2825,2025-03-01,698,9,13,12,782.21,,68327.25
2827,2025-06-13,2116,33,11,6,1215.08,,146456.12
2829,2026-02-10,562,42,9,5,,125.49,103464.06
2830,2025-09-17,1111,76,10,5,,18.3,6372.35
2831,,302,39,1,1,1899.21,354.63,309410.75
2832,2025-09-18,2151,44,8,12,719.94,,
2833,,2813,78,6,5,1279.3,,98958.75
2835,2025-01-14,1538,80,11,1,,161.89,85482.33
2841,2025-12-04,501,20,9,12,,111.23,32642.36
2842,2025-04-27,2446,9,7,11,1237.16,108.57,
2844,2025-11-21,213,49,14,4,1230.45,,140747.22
2845,2025-01-28,226,63,9,10,,248.2,235496.57
2849,2025-12-24,951,34,1,6,1957.01,,
2850,2025-04-27,904,16,7,8,281.48,69.65,
2852,2025-07-22,2159,62,10,3,1908.14,,
2853,2025-01-09,2289,64,9,11,1763.34,,
2854,,2437,76,11,6,1629.68,141.84,71079.05
2855,2025-02-08,2167,12,4,9,,356.37,214169.54
2856,,2760,18,12,5,1234.1,182.07,203253.84
2857,2025-05-08,2662,1,15,2,852.96,185.79,
2859,2025-03-17,1040,37,2,9,,36.06,93394.04
2860,2026-01-15,1353,50,9,2,,,11652.68
2861,2026-03-02,641,27,6,12,1238.78,161.4,
2865,2025-02-25,1067,76,4,1,-110.84,21.87,
2866,2026-05-02,1268,26,7,5,,239.02,
2867,,1603,53,14,5,657.03,144.63,
2868,2025-04-14,1138,74,11,3,,,
2869,,2916,63,10,11,583.95,32.72,
2870,2025-04-25,2963,56,14,5,,311.51,
2872,2026-02-17,2728,26,12,2,665.93,,93873.12
2878,2025-12-29,2932,27,11,12,,130.26,87206.71
2880,2025-02-13,2205,68,2,6,1743.43,242.94,
2881,2025-05-14,1396,78,9,3,217.63,,18648.75
2886,2025-09-18,678,33,6,10,1820.64,425.92,
2887,2026-01-06,3548,7,10,10,790.81,48.11,
2888,2025-07-31,1518,26,12,6,,,99759.04
2889,,1115,20,11,5,1296.95,150.84,190383.72
2890,2025-09-27,1676,16,11,6,921.4,,
2895,2025-02-08,17,79,8,2,440.94,66.14,
2896,2026-02-15,1656,39,8,12,,95.23,158280.58
2898,2026-01-06,1536,80,14,4,388.38,,
2901,2025-11-17,2097,48,13,6,1493.57,116.15,
2902,2025-07-20,2395,4,13,11,,78.53,107058.12
2905,2025-08-31,2227,1,14,7,,157.9,93855.96
2907,2025-06-22,1261,46,7,12,706.76,82.59,
2910,2025-10-24,2011,19,7,4,,64.7,
2911,2025-03-10,611,7,6,1,286.09,19.22,
2912,2025-01-25,544,75,14,8,,114.94,67888.74
2913,2025-08-16,378,12,7,3,1627.08,,
2914,2025-04-12,2628,60,6,10,,384.26,158155.02
2915,2025-12-01,1933,10,4,9,1164.99,116.94,
2917,2025-08-24,1260,101,12,6,0.0,41.12,
2918,2025-12-09,259,17,4,8,,125.61,153780.42
2920,,3506,80,7,2,1394.59,,240332.22
2922,2025-12-02,2861,59,11,4,597.53,,63563.9
2924,2025-03-24,1736,57,5,6,1383.11,,45989.8
2925,2025-09-15,532,4,14,3,,,296063.16
2928,2025-07-24,1506,69,5,9,,276.85,
2933,2025-05-14,1288,8,11,6,1113.31,243.52,
2936,,1179,25,7,2,601.51,127.96,
2937,2026-01-02,2598,33,5,5,,,39416.01
2939,2026-01-26,139,61,8,2,1688.29,373.53,
2940,2025-12-30,1069,76,11,8,1415.45,,
2941,2025-11-03,351,79,3,9,1198.71,,49384.95
2945,2025-03-27,384,73,9,10,,354.85,175282.1
2949,2026-01-29,2352,25,2,11,,189.94,44975.23
2950,2025-12-12,1818,67,11,10,,154.33,
2956,2026-02-07,2427,37,2,6,,112.6,
2957,2025-02-19,2943,42,2,4,,84.44,149002.08
2961,2025-03-27,344,48,2,2,,21.37,22599.22
2962,2025-07-22,385,35,14,1,,19.0,7241.46
2963,2025-09-05,1258,34,8,12,,11.97,10485.13
2964,2025-04-28,2331,16,7,1,142.35,,10251.29
2969,2025-11-20,2175,19,6,7,1218.2,99.26,
2972,2025-09-13,1200,67,7,1,,,72456.18
2973,2025-08-15,996,23,11,9,,168.92,83958.82
2974,2025-09-26,1708,12,10,9,,23.4,47337.58
2975,2025-09-25,730,40,2,12,,,145428.82
2976,2026-02-16,2336,68,7,8,1397.7,263.76,
2977,2025-08-25,720,69,10,3,,101.88,118494.52
2978,2025-04-13,233,77,15,10,1936.78,185.47,
2979,2025-07-14,1510,34,9,4,,300.37,
2980,2026-01-17,1345,53,7,11,,265.55,
2984,,1813,67,8,1,496.43,90.21,83252.9
2986,2025-01-01,1410,102,11,1,1089.49,,209493.23
2989,2025-04-27,2560,42,13,3,,21.55,18341.79
2990,2025-05-03,1404,59,14,8,,43.37,62048.1
2991,2025-11-27,325,55,11,11,,110.45,225650.05
2992,2025-07-07,1346,4,15,2,0.0,150.78,
2994,2025-02-14,2707,79,10,12,1442.43,178.88,
2995,2025-03-21,3506,50,6,10,,,130462.15
2996,2025-11-27,1369,40,14,10,1557.5,,234512.33
2998,2025-05-13,2430,80,11,8,73.74,,5709.45
2999,2025-01-18,2058,73,6,8,,219.58,
3000,2025-08-27,2356,71,13,2,,16.78,20041.09
3004,,2602,23,9,7,482.63,51.09,36224.91
3006,2025-08-29,128,11,9,10,277.56,,30267.54
3007,2025-10-03,2070,35,13,5,1113.75,,144524.31
3011,2025-02-14,2143,70,11,3,1776.08,,
3014,2025-09-08,422,30,11,6,,235.39,204345.78
3016,2025-06-06,1583,42,6,1,,85.35,23739.79
3019,2025-11-01,1738,71,8,11,1649.66,,258253.52
3020,2025-04-13,159,21,14,9,1795.67,,
3021,2025-08-26,2536,14,11,8,358.56,36.98,
3023,2025-01-08,169,11,13,2,223.73,,41333.82
3027,2025-12-26,1414,80,10,8,289.37,42.15,
3028,2025-04-11,1047,47,5,8,1243.31,,144395.61
3029,,1605,69,10,9,441.94,65.96,33958.58
3031,2025-06-26,1272,26,15,6,646.46,,
3032,2025-06-22,2107,67,4,10,,159.66,67511.83
3034,,2786,43,9,10,250.57,51.89,22150.44
3036,2025-07-22,2017,2,14,9,1429.38,,280543.73
3037,2025-04-22,948,67,6,3,1138.48,,59290.08
3040,,851,2,1,12,428.58,75.35,
3042,2025-06-17,2894,63,4,11,1852.61,,
3043,2025-08-30,955,12,2,1,,259.43,36879.19
3045,2025-08-04,2517,68,1,4,320.41,,
3046,2025-04-15,1871,37,2,3,1113.01,,139780.72
3047,2025-12-22,41,36,8,11,,280.12,32770.46
3049,2025-03-30,710,7,9,10,,256.9,35633.12
3050,2025-03-07,80,53,9,7,,130.33,68552.64
3053,2025-07-16,2070,7,12,2,,51.92,
3054,,828,80,11,7,1805.7,410.67,79102.97
3056,2025-03-03,2514,65,14,8,,341.44,329335.7
3058,2025-03-02,1878,9,4,8,1696.01,383.54,
3059,2025-04-29,1537,11,8,6,1798.23,304.95,
3061,2025-02-07,917,73,3,2,,,104981.87
3063,2025-05-18,35,6,7,3,,20.93,58640.63
3064,2025-08-21,2830,56,10,1,1290.45,313.64,
3065,2025-09-01,2606,22,13,7,1457.39,,63884.82
3067,2025-04-12,585,2,7,6,1915.16,,116413.92
3071,,2591,71,13,8,1417.96,135.7,230263.26
3073,2025-04-08,2593,3,13,11,1979.48,304.62,
3076,2025-04-24,2090,62,1,10,,163.33,75773.93
3079,,249,78,8,12,,13.68,13750.35
3081,2025-12-17,2221,66,2,6,,22.6,32470.97
3084,2025-06-21,2984,41,5,11,802.43,,28581.73
3085,2025-01-22,2287,39,5,8,,49.91,93494.72
3086,2025-04-22,949,26,14,12,,298.29,
3088,2025-02-07,869,46,14,3,,35.04,14423.95
3092,,1906,8,4,11,950.11,86.6,37976.0
3093,2025-01-02,811,54,14,7,,457.98,42436.38
3096,2025-05-08,27,116,5,11,,,
3097,2026-02-07,944,9,2,5,1205.09,,134466.44
3098,2026-01-27,210,94,3,3,,190.41,
3101,2025-03-26,1023,24,1,10,1986.01,,335539.66
3102,2025-10-09,227,28,1,7,,198.9,263054.74
3105,2025-02-10,614,68,5,3,,146.89,63123.64
3107,2025-06-08,1679,77,5,4,162.01,,30542.09
3109,2025-11-07,1247,39,3,1,,177.09,129343.39
3111,2026-02-01,531,16,5,3,706.17,139.7,
3112,2025-03-28,3850,55,3,6,,,
3113,2025-11-16,231,46,4,1,561.34,,88985.96
3114,2025-01-01,172,80,8,5,,38.48,10751.69
3115,2025-09-24,1710,66,14,4,1352.16,,
3116,2025-01-26,173,75,2,9,1414.3,,87931.05
3117,2025-05-23,2153,51,1,8,1382.68,,215638.22
3118,2025-10-08,109,38,13,8,1017.75,,
3119,2025-06-02,2370,12,4,10,415.04,,
3121,2026-01-18,1190,43,4,1,652.9,,
3122,,101,26,7,11,,430.35,118831.59
3124,,2168,25,7,12,326.23,75.9,8158.04
3125,2025-03-06,1132,17,1,5,,,
3126,,1140,8,13,2,,250.18,164052.02
3128,2025-10-30,786,45,12,6,463.57,,41716.4
3132,2025-01-19,2679,7,10,7,941.97,143.73,
3133,2025-09-17,1979,66,11,10,,,44461.45
3135,,851,38,6,12,773.42,101.72,89248.99
3136,2025-07-09,1899,42,5,12,,,50935.91
3138,2025-11-10,1740,75,1,1,,,139626.69
3140,2025-11-04,1522,52,10,7,1122.45,,209438.81
3141,2025-12-10,2197,28,1,4,487.93,29.38,
3143,2025-12-11,493,4,10,5,1854.43,,229804.14
3147,2026-01-16,1389,1,3,5,,198.95,
3148,2025-01-21,1606,27,6,8,1579.83,,
3150,2025-01-18,675,7,14,12,1840.02,154.14,
3151,2026-02-20,1276,66,14,5,1037.38,,186217.2
3152,2025-07-11,2707,60,12,11,1145.84,,119841.76
3157,2025-02-11,1846,21,6,12,,305.25,158629.34
3158,2025-12-05,33,7,3,4,,77.61,208457.57
3160,2026-01-03,71,14,13,11,432.2,,70611.7
3161,2025-08-02,2174,52,8,4,1934.54,203.45,
3162,2025-05-11,789,52,1,6,,52.99,135929.6
3163,2025-11-28,271,10,1,7,913.89,158.18,
3164,2025-02-22,136,33,1,11,1669.91,176.01,
3165,2025-01-20,269,40,12,5,1489.17,,294845.65
3167,2025-11-09,2681,4,11,1,1910.18,,
3170,2025-10-18,404,70,13,6,464.99,115.93,
3173,2025-12-27,1985,70,8,10,,67.59,243463.32
3174,2025-04-17,1182,3,11,6,,36.78,
3176,2025-10-17,1971,6,4,9,508.1,,31964.09
3177,,3861,61,9,5,1244.25,67.24,65390.64
3180,2025-12-03,1179,73,7,1,,186.01,
3182,2025-01-27,1779,30,12,1,187.35,,24220.88
3184,2025-01-12,385,28,9,3,,157.3,177048.38
3185,2025-06-19,616,5,12,5,,87.43,85985.13
3186,2025-09-15,1644,74,5,1,,269.84,219484.05
3188,2025-05-02,604,24,1,2,,106.48,79197.92
3191,2025-01-12,2221,4,5,6,,27.33,12813.6
3193,2025-11-09,2464,20,8,3,1588.19,106.7,
3195,2025-02-14,706,69,1,9,,140.8,125223.4
3198,2025-12-08,1692,22,3,10,1096.63,93.53,
3200,2025-11-22,2397,60,3,8,424.75,,27014.56
3203,2025-11-25,2484,63,4,3,,34.17,86015.09
3208,2025-09-08,1571,19,11,9,1645.57,,141788.55
3209,2025-07-08,2439,71,8,7,1558.19,,240793.1
3210,2025-02-17,218,55,3,4,704.77,120.97,
3212,2025-10-25,1672,15,14,3,947.67,90.17,
3213,2025-12-19,1222,22,7,6,1367.82,227.41,
3214,,1112,77,2,6,,114.15,
3215,2025-08-02,1557,41,6,1,1667.11,315.65,
3216,2025-01-31,1238,65,11,7,1877.8,455.98,
3218,,1664,24,14,11,631.66,109.43,96727.29
3219,2025-04-16,140,13,7,1,,132.6,106790.29
3225,2025-07-10,2048,15,1,11,1990.11,150.91,
3226,2025-07-30,2820,6,5,10,,66.44,180106.58
3231,2025-12-22,2731,34,7,7,,143.25,43395.07
3232,2025-10-06,2860,20,5,6,1063.34,117.59,
3234,,2121,5,14,4,356.62,513.25,28061.08
3237,2025-01-14,451,30,12,3,1497.53,295.37,
3241,,2422,35,14,2,1384.43,319.96,155520.54
3242,2025-08-27,1411,56,14,2,419.49,,72980.2
3244,2025-12-24,860,58,4,10,,110.17,70886.69
3247,2026-01-16,701,27,6,5,1050.56,209.52,
3248,,23,19,2,6,706.39,,33980.85
3249,2025-01-18,1463,12,9,12,,,
3251,2025-10-16,1620,94,4,4,1011.75,164.58,
3256,2026-01-28,1962,45,6,9,566.45,,76124.17
3257,,2521,38,14,7,678.59,141.04,54895.19
3258,2025-08-07,488,23,8,10,327.14,,14170.26
3260,,150,14,5,4,1655.72,,76659.74
3261,,1125,2,5,3,1455.06,138.26,
3266,2025-09-07,1712,25,11,2,999.53,,165515.71
3268,2026-10-01,1387,49,1,10,1856.47,,280780.49
3270,,639,72,7,9,1012.12,,184462.0
3271,2026-02-02,2449,37,8,6,,194.17,
3273,2025-06-03,979,56,11,1,,121.55,44861.39
3274,2025-07-06,566,9,6,8,,190.16,
3279,2025-01-09,1928,7,4,7,185.94,39.33,
3281,,2473,16,7,9,570.15,,83016.9
3286,,2571,64,7,8,654.07,40.21,
3287,,186,35,15,8,1086.63,84.87,
3288,2025-10-12,2744,58,12,3,911.47,184.36,
3291,2025-04-19,1792,2,7,12,1205.3,106.67,
3292,2025-10-24,1478,74,14,7,,42.88,27076.36
3293,2025-11-06,2708,2,15,11,1199.81,80.2,
3296,2025-01-10,2060,4,15,3,,202.5,154311.76
3300,2026-01-17,20,80,5,9,,320.94,152308.36
3301,2025-09-01,1923,17,2,2,1047.22,,142625.11
3304,2025-08-06,1678,72,14,8,1994.4,102.16,
3305,2026-01-29,352,69,2,12,,,18708.32
3306,,1903,64,4,1,1176.62,279.02,154563.21
3308,2025-08-20,2458,12,9,6,133.2,14.82,
3309,,1860,5,14,4,932.23,202.08,107473.19
3310,2025-12-13,880,16,12,5,,26.11,
3311,2026-02-08,169,7,6,1,,248.78,74702.36
3313,2025-12-04,241,46,7,3,1385.57,277.02,
3315,2025-09-11,1894,22,15,7,,250.8,
3316,,2770,66,15,1,322.1,37.16,29891.23
3317,,120,69,10,7,,60.67,45659.39
3319,2025-11-01,2937,60,12,10,1503.12,,
3320,2026-01-16,870,49,6,2,,165.56,
3321,,1542,34,2,8,,,259562.43
3322,2025-01-02,205,25,3,6,,322.11,156422.99
3323,,2867,60,2,8,473.63,36.58,26958.71
3325,,2211,52,1,1,398.04,,
3327,,54,27,2,5,956.01,234.04,135766.64
3329,2025-07-01,3674,32,14,12,877.41,,144383.0
3330,2025-06-13,441,54,15,10,,,38523.01
3332,2025-09-08,159,2,9,8,1853.77,280.68,
3333,2026-01-03,1245,8,6,11,,,
3337,2026-01-18,2566,45,7,4,482.64,,73987.33
3338,2025-03-16,2362,26,4,1,,,101958.3
3339,2025-10-17,1223,35,1,7,1922.52,,
3343,2025-10-16,67,57,4,9,947.07,,134235.74
3344,2026-01-19,173,10,3,8,,70.84,45543.34
3345,,2268,9,8,5,731.56,,145373.23
3348,2025-06-06,671,13,8,3,,37.26,40580.45
3350,2026-02-17,604,37,14,9,,135.89,232108.57
3351,2025-07-03,1384,33,13,9,73.41,8.92,
3353,2026-02-05,200,11,9,7,1439.09,355.08,
3354,2025-03-06,2668,12,2,4,1328.9,,258561.14
3356,2025-08-22,178,29,9,12,1094.5,1360.37,
3360,2025-04-16,2717,67,2,9,,81.11,94518.38
3361,2025-01-06,1856,51,3,6,1707.43,,152787.85
3363,2025-04-23,2006,59,10,10,,218.96,223932.62
3364,2025-06-16,1936,37,11,9,706.08,92.41,
3365,2025-12-24,635,25,5,2,,121.4,89956.91
3366,2025-02-27,396,31,8,6,,130.62,
3368,2025-02-18,2308,18,15,5,,138.5,198472.22
3369,2026-01-19,1249,6,15,4,493.4,,78875.96
3371,2025-04-15,1270,20,3,9,1168.74,136.67,
3373,2025-06-12,1005,16,11,6,,,102461.61
3374,2025-05-23,3890,23,1,11,875.99,,41753.95
3376,2025-05-28,595,7,11,12,,220.61,298461.1
3379,2025-10-10,2539,20,15,7,,48.14,21671.3
3380,2025-12-21,1180,47,6,5,,50.08,31110.69
3381,,66,76,15,6,,144.18,235840.07
3382,2025-11-27,1207,29,12,7,,171.39,
3383,2026-02-04,833,66,13,11,1885.67,,322840.85
3384,2025-10-13,121,51,13,4,1448.45,169.93,
3385,2025-01-28,2353,27,12,7,,,62344.68
3386,,90,12,13,5,666.79,,104561.5
3387,2025-08-28,524,17,5,8,364.35,,
3394,2025-01-28,1406,18,10,2,,211.1,200140.81
3396,2025-09-29,2445,73,6,8,87.92,6.44,
3397,2025-05-05,1254,51,11,12,204.01,,28602.34
3398,2025-05-26,145,42,8,12,,284.98,193650.41
3401,2025-06-11,956,28,5,12,1993.12,,298022.21
3402,2026-02-14,1077,54,9,5,1065.78,,155948.9
3403,2025-11-22,777,19,4,7,1754.5,418.41,
3404,,216,2,13,11,59.16,8.57,4215.02
3405,2026-01-22,442,56,11,12,,380.63,94622.85
3408,2025-03-07,2728,48,2,3,,104.68,61915.62
3412,2026-11-02,2448,9,7,10,1774.73,,48828.89
3416,2025-12-05,1369,4,7,8,,,29057.3
3417,2025-11-30,2800,62,12,8,,361.74,70456.68
3419,2025-02-23,1838,39,10,7,1406.58,,165349.8
3424,2025-11-04,928,70,11,11,1494.38,,265184.63
3425,2025-06-24,236,34,7,2,1989.17,,67342.27
3426,2025-05-04,2981,2,7,10,,249.83,323950.45
3427,2025-08-02,2611,49,14,9,512.13,,45252.63
3428,2025-04-15,843,77,13,4,123.84,,12125.5
3429,2025-04-24,1240,68,2,9,,143.72,66567.41
3432,2025-01-04,2638,39,5,7,,404.12,
3433,,2733,10,7,6,1070.57,261.51,78783.23
3434,2025-07-01,1807,29,11,11,585.57,660.89,
3435,,2977,33,3,3,209.45,33.89,
3438,2025-07-12,1274,76,10,9,,86.13,
3441,2026-01-29,2110,70,5,5,,321.02,16207.02
3444,2025-09-13,2900,52,10,7,1895.53,244.0,
3447,2025-11-19,196,24,14,12,214.88,,40206.62
3448,2025-08-21,2703,60,5,10,366.72,,61624.67
3449,2025-02-24,2490,13,12,7,1453.98,,
3450,2026-01-14,226,17,9,4,,,231404.34
3452,2025-05-07,1970,5,2,9,,303.92,57523.24
3453,2025-03-15,1815,9,1,6,,,251705.45
3454,2025-02-25,1422,50,8,10,,177.41,103541.51
3456,2025-01-10,1779,34,2,2,,,112466.45
3458,,2195,12,6,10,1853.04,195.94,100943.96
3459,2025-04-19,2475,120,6,2,,288.46,
3461,2025-07-22,2003,15,3,4,,,
3463,,65,66,11,10,1845.82,,104347.38
3464,2025-05-30,2038,10,10,6,,203.34,97868.9
3467,2025-05-24,2008,16,15,1,1684.45,,48115.1
3469,2025-08-18,2095,70,12,4,,12.8,44133.6
3470,2025-10-15,785,55,12,12,1569.85,,219634.81
3471,2025-08-01,1629,13,5,10,1061.48,,154227.99
3472,2025-11-14,522,40,11,6,1214.56,203.41,
3473,2025-12-17,2052,66,6,11,1910.42,,60225.85
3474,2025-11-02,2193,60,4,2,,35.3,79267.41
3475,2025-09-15,3867,31,7,6,,127.25,
3476,2025-09-28,2913,60,5,12,1579.89,298.16,
3477,2025-01-09,333,22,10,1,1766.93,,250052.22
3478,2025-01-03,1371,13,1,10,1576.32,140.61,
3479,2025-02-07,887,43,3,9,,130.92,
3481,2025-12-30,1245,13,11,6,156.87,,7620.37
3482,,193,73,3,10,1065.11,199.41,98731.02
3484,2025-07-31,2020,11,10,3,1630.08,,120438.08
3486,2025-02-28,561,28,14,8,,461.73,
3487,,1863,39,13,5,,21.85,20897.18
3488,2026-01-18,2966,10,2,6,-1108.14,,117015.29
3489,2025-05-29,1160,54,13,4,1430.43,132.66,
3490,2025-04-25,2614,11,12,10,,305.41,185277.55
3494,2025-08-10,1209,76,11,4,,,
3495,2025-07-15,1548,65,11,7,787.22,47.76,
3496,2026-01-07,715,29,4,9,1127.63,,197831.55
3497,,1714,7,4,6,881.68,75.96,
3498,2025-07-26,792,20,11,10,723.38,170.16,
3499,2025-09-05,753,36,5,11,,172.22,
3500,,1465,71,4,10,800.79,166.21,
3501,2025-06-02,2124,48,1,7,,41.26,31568.5
3502,2025-08-29,2731,76,13,3,1323.97,109.72,
3504,,1964,64,11,8,973.79,,135434.9
3506,2025-02-09,225,14,11,11,745.47,,60519.37
3508,2025-01-29,548,74,5,6,,333.86,175956.33
3510,2025-08-30,550,32,5,3,1365.41,340.4,
3511,2025-09-28,1935,36,15,11,349.06,85.24,
3512,2025-09-14,1041,76,11,11,,272.04,112631.69
3513,,2734,76,3,3,268.47,66.8,46874.99
3514,2025-05-17,834,22,14,7,,381.81,
3515,2025-11-18,479,22,14,3,1185.29,,232923.07
3516,2025-12-22,1265,79,14,10,,157.36,
3517,,1623,62,4,10,293.89,20.4,13276.14
3520,2025-07-22,2045,56,2,5,,404.91,79355.04
3522,2025-01-24,2925,35,13,6,51.78,,3395.25
3523,2025-08-09,503,27,7,12,668.79,139.94,
3527,,1428,74,15,3,,199.3,
3528,,2844,18,9,2,1060.12,,94371.07
3529,2025-06-09,1736,32,15,6,0.0,,
3530,2025-02-17,304,68,7,3,,52.52,13669.1
3531,2025-01-24,835,5,7,11,1554.54,,213350.27
3533,2025-12-30,2017,75,11,10,564.98,137.71,
3535,,2426,31,11,8,1915.44,153.99,320381.95
3537,,1978,76,2,4,1551.07,334.78,296390.34
3540,2025-09-09,458,23,8,8,1017.79,74.35,
3542,,720,73,4,1,,267.28,185099.86
3545,2025-04-03,1067,65,14,5,1712.33,124.64,
3546,2025-01-14,2004,70,4,2,661.59,,80418.47
3547,2025-02-20,2365,16,15,4,,98.37,
3548,2026-01-23,3807,60,7,11,609.15,145.05,
3551,2025-06-12,993,36,12,6,704.12,,132431.29
3552,2025-10-17,256,68,8,10,,320.25,166676.59
3553,,2130,71,1,12,97.46,7.17,4405.74
3554,,2447,50,4,7,106.07,11.52,
3555,,1126,41,3,9,1767.01,352.89,60140.18
3558,2025-07-08,1953,11,2,5,202.47,,
3559,2026-02-06,1268,30,7,3,117.0,,20065.73
3563,2025-06-30,2845,74,1,2,,171.43,217848.55
3565,2026-02-04,685,9,14,9,1383.22,,163829.79
3566,,911,24,10,6,,113.92,277471.94
3567,2025-01-04,2851,62,7,2,1228.32,,144261.39
3568,2025-05-18,894,42,12,1,1596.39,,284746.75
3569,2025-10-09,1498,76,3,5,1253.88,123.02,
3572,2026-02-01,1819,22,5,3,125.72,,6229.26
3574,2025-07-03,2419,12,7,6,,,256025.43
3577,2025-05-25,1228,62,3,11,1489.79,116.19,
3578,2025-12-24,3630,18,14,11,1609.14,,222228.27
3584,2026-01-05,668,10,1,3,1361.08,,36406.81
3586,2026-02-19,1039,52,3,12,,145.25,15891.24
3587,2026-01-06,2379,64,13,8,,264.66,
3590,2026-02-11,1023,49,9,6,1117.07,,160063.75
3591,2025-12-28,2809,97,13,11,1739.69,,199962.92
3592,2026-01-18,374,33,6,12,,87.95,16014.99
3594,2025-07-26,8,55,14,12,,114.98,350701.43
3595,2025-07-17,860,67,11,4,1663.45,324.75,
3598,2025-04-20,2920,31,6,1,1914.13,,302907.48
3599,2025-08-01,2446,50,13,8,,51.85,96011.41
3600,2025-09-17,265,20,10,5,782.39,194.25,
3601,,1502,77,11,7,1546.01,104.33,149376.91
3604,,744,66,5,4,1446.73,195.88,249026.48
3605,2025-08-15,1366,59,12,9,65.35,,7939.97
3610,2025-07-26,1794,55,2,2,,77.43,
3613,,1053,1,15,6,,24.94,14960.28
3614,2025-10-20,1912,20,5,11,,102.11,161442.62
3616,2025-03-30,2013,41,10,4,,,188094.81
3618,2026-01-19,3748,55,14,8,959.67,90.12,
3620,2026-01-22,1478,41,14,1,1816.2,326.69,
3621,,2728,57,6,5,417.18,58.25,
3622,,1865,74,10,12,1514.26,,171133.63
3627,,1465,42,5,4,609.03,,
3629,2025-07-01,868,46,9,4,1894.89,327.31,
3630,,130,74,9,12,1288.1,127.05,194808.34
3631,2025-02-16,134,27,9,1,71.78,4.96,
3632,2025-03-22,978,36,9,3,,86.57,
3633,2025-07-01,2528,67,8,12,,,44295.26
3634,,2645,14,15,12,1900.0,301.39,
3635,2025-01-05,1150,21,5,1,1069.31,90.9,
3637,2025-04-22,464,36,8,7,1019.05,,152603.19
3640,,1708,27,5,6,1945.43,248.87,96122.38
3642,2025-01-07,2908,74,3,11,,200.25,125346.27
3643,2025-05-03,2266,33,9,9,1621.18,216.98,
3645,2025-07-18,95,17,9,9,1376.76,122.88,
3647,2025-09-10,2037,24,1,8,,,
3648,2025-04-26,1964,59,5,8,,184.33,82484.35
3650,,2014,61,9,9,561.63,,111454.32
3651,2025-11-10,2997,68,15,11,467.43,,79925.93
3652,,2741,58,12,8,1001.0,162.07,28725.25
3655,2025-10-07,1253,47,3,5,926.04,,145432.1
3656,2025-09-23,1520,27,4,3,444.12,,
3660,2025-04-05,1409,45,9,8,1081.34,192.83,
3662,2025-09-13,1109,64,14,2,,46.77,
3664,2025-06-16,127,13,11,11,1337.88,250.02,
3666,,2936,3,9,10,1694.92,351.54,257952.22
3669,,1161,6,2,8,584.56,107.16,
3673,2026-02-19,2208,74,12,9,1571.58,271.5,
3676,2025-12-23,531,19,9,10,969.55,89.36,
3678,2025-07-27,1945,26,9,11,1382.69,,30630.31
3679,2025-04-25,2289,29,12,4,,,16929.08
3681,2025-09-12,264,22,5,10,754.3,,106390.2
3684,2025-07-02,650,63,2,8,911.78,128.4,
3685,2025-05-20,1568,79,8,9,1184.42,248.83,
3686,,1667,16,11,7,1308.58,,121745.24
3691,2025-06-17,1472,59,1,10,1261.2,,214765.94
3693,2026-02-20,355,64,14,11,,235.75,87070.29
3694,2025-12-05,843,53,12,5,441.49,,79944.8
3695,2025-08-28,2836,17,8,12,,266.58,91645.48
3696,2025-06-29,604,6,9,7,,,39005.54
3697,2025-12-27,1416,58,15,9,823.45,51.55,
3698,,513,71,7,9,1356.53,2229.18,254879.69
3699,2025-02-01,1776,15,15,9,781.2,98.19,
3700,2025-06-01,266,3,9,12,1119.28,268.84,
3702,2025-11-12,2903,68,14,6,937.13,184.07,
3703,2025-11-25,539,76,9,3,695.68,,132689.85
3705,2025-09-18,891,63,14,1,1900.85,,333332.42
3706,2025-03-20,2212,38,5,6,,38.08,42449.91
3710,2025-09-28,1955,18,14,7,310.99,,
3712,2025-09-28,167,30,10,12,,261.3,191249.18
3713,2025-03-17,1068,39,10,8,991.9,148.21,
3715,2026-02-06,2998,32,2,11,1788.84,,130547.6
3719,2025-10-01,1360,24,10,9,782.47,,62642.79
3723,2025-06-03,2627,63,11,9,,105.57,266521.03
3724,2025-03-18,895,7,5,6,,335.67,54229.89
3725,2026-02-14,369,22,5,10,1886.96,,220754.06
3726,2025-03-16,1755,79,5,2,1766.4,,63517.15
3727,2025-05-01,411,64,2,9,1951.97,,58617.7
3728,2025-12-28,595,67,11,8,,,
3730,2025-02-13,660,66,14,9,,,
3731,2025-04-16,402,15,9,7,,14.28,2111.08
3732,2025-10-05,1342,44,6,4,,223.2,37860.75
3733,2025-08-31,2523,63,13,3,1004.77,,
3734,2025-09-06,1117,52,11,12,874.1,160.46,
3735,2025-10-11,2519,15,8,7,466.03,,22139.11
3736,2025-07-26,1106,43,10,10,,60.64,102631.51
3737,2025-06-27,463,76,7,12,88.38,14.48,
3738,2025-12-15,427,20,3,6,,39.82,
3739,2025-02-18,250,33,2,12,1545.27,375.56,
3740,2026-02-20,132,38,1,12,,,100715.18
3743,2025-11-30,475,11,7,11,432.5,,24338.75
3744,2025-11-16,1978,64,8,12,149.72,32.02,
3745,2025-08-04,2509,38,12,6,1220.1,,165271.12
3746,2025-05-03,1196,44,10,3,,17.52,
3747,2025-04-04,2263,60,11,4,,123.38,
3750,2026-01-16,2326,74,10,9,-1828.67,,295659.69
3753,2026-02-19,989,45,2,9,1966.93,275.51,
3754,2025-01-23,890,42,15,6,1848.67,,
3756,,125,19,5,11,,432.54,
3758,2025-02-06,2602,14,9,5,,3349.34,263977.11
3760,2025-06-09,2822,5,1,8,303.76,,
3762,2025-11-08,1191,17,12,2,801.51,,41031.35
3765,2025-10-11,1956,37,3,3,,202.57,242485.87
3766,,1250,72,9,1,,96.65,
3767,2025-03-22,1300,4,11,10,,,
3770,2025-04-19,753,46,9,10,,,129569.94
3774,2025-04-15,261,18,12,5,,13.65,21568.55
3775,2025-08-13,1484,24,4,4,731.55,154.04,
3776,,2615,39,5,4,1361.78,,165124.92
3777,2025-12-16,2114,45,15,2,,44.69,33993.65
3778,2025-07-14,302,10,4,6,1398.06,312.54,
3779,2025-06-29,2738,79,10,9,1523.24,,
3780,2025-04-28,2957,6,9,3,,34.01,8066.85
3781,2025-07-28,997,36,8,11,1293.19,,64812.3
3783,2025-12-22,107,11,12,11,,109.04,
3784,2025-04-20,1172,56,3,3,,84.96,55528.59
3785,2025-09-03,979,71,4,4,,164.31,187645.55
3786,2025-06-24,561,40,11,5,69.08,,
3787,2025-10-04,1973,64,9,2,,147.51,140513.8
3791,2025-10-17,421,77,8,7,-1745.57,224.52,
3792,2025-08-23,2826,76,5,9,,278.17,135865.3
3794,2025-05-12,2956,46,11,7,1379.46,186.95,
3795,2025-08-21,567,21,9,2,,44.87,
3796,,290,77,8,7,,211.2,146313.11
3797,2025-06-16,2748,3,12,3,,218.91,136406.44
3798,2025-07-13,618,56,4,10,1586.02,158.05,
3799,2025-10-28,223,14,13,11,260.5,,49904.66
3800,2025-01-17,1623,60,6,3,,,48058.63
3801,2025-05-05,560,23,13,9,974.08,,45893.81
3802,2025-01-21,1341,5,5,5,,,115626.27
3803,2025-05-24,397,41,8,5,1894.88,,128220.88
3804,2025-04-19,210,62,4,12,1690.38,365.7,
3805,2025-11-29,2322,77,1,11,,29.45,16949.89
3808,2026-02-01,2023,19,15,12,1709.75,207.67,
3809,2025-01-20,452,13,8,10,796.89,162.56,
3812,2025-01-20,1439,63,8,12,,480.75,201223.9
3813,2025-03-04,614,66,14,9,,141.98,74045.16
3814,2025-08-07,2401,62,1,8,1969.65,,315354.2
3817,2025-06-23,1631,76,9,3,,,182140.04
3819,2025-07-22,521,71,10,10,684.01,,
3820,,2712,12,2,12,1102.45,,128078.08
3822,2025-01-19,976,71,2,1,1552.57,218.13,
3823,2025-08-17,2735,19,10,12,1614.18,,120481.82
3829,2025-10-09,2410,6,9,3,,,
3830,,3508,74,14,12,,,262813.54
3831,2025-08-18,36,58,5,12,578.64,,81124.32
3832,2025-05-26,3643,47,1,6,,163.19,
3833,2025-03-15,2888,44,3,11,,282.39,84043.99
3835,2025-04-04,3813,67,9,12,,392.66,146914.28
3836,2025-06-28,3522,22,5,10,353.03,43.9,
3839,2025-03-23,1613,79,1,10,,48.68,39329.45
3840,,250,16,11,11,461.08,,69037.57
3841,2025-05-08,2713,18,4,2,876.9,,70626.64
3842,2025-01-29,1979,13,12,5,1757.85,234.84,
3843,2026-01-04,952,2,15,4,,107.32,51211.7
3845,,2352,43,2,6,518.64,56.76,14271.66
3846,2025-07-30,1511,35,12,4,,20.28,39215.58
3847,2025-09-18,1467,17,3,1,657.18,,96879.33
3848,2025-08-09,804,40,12,6,,,53509.78
3850,2025-06-13,1842,37,5,2,,201.07,218747.19
3853,2025-11-10,818,68,13,9,,,92699.44
3854,,2400,53,15,3,386.12,26.65,16742.62
3856,,2891,46,7,2,291.59,,
3857,2026-01-20,1491,61,8,9,1222.0,179.29,
3861,2025-05-23,1342,48,6,2,1179.84,,70783.97
3865,2025-06-20,1789,14,11,9,,57.85,60849.3
3866,2025-02-04,916,22,2,5,1380.36,,146267.82
3867,2026-01-11,2244,34,8,7,1740.63,87.84,
3869,2025-12-28,294,57,6,8,1961.65,,94458.72
3871,,2885,43,13,3,1706.18,102.74,75027.94
3872,2025-02-08,404,56,1,2,1436.49,,267076.48
3873,2026-02-12,2911,57,12,6,1410.35,,170770.62
3874,2025-11-11,2473,29,9,10,,102.26,44598.32
3877,2025-08-03,2850,51,2,5,,104.04,76010.43
3879,2025-02-07,2965,46,13,10,1634.85,391.85,
3880,2025-08-30,1593,23,5,10,,80.67,46693.55
3881,2025-03-25,1749,17,5,6,,,219236.02
3882,2025-02-15,2726,3,9,7,,33.23,62853.96
3883,2025-01-17,1505,43,7,11,346.72,,27975.42
3884,2026-01-13,2812,16,6,6,,250.82,245897.22
3885,2025-07-17,1397,73,14,3,1013.05,,192154.94
3886,,2856,1,15,5,1430.09,215.9,149469.33
3887,2025-01-07,1789,60,12,12,814.4,,114106.59
3890,2025-04-30,2604,40,13,9,1219.29,,127828.07
3891,2025-11-18,2932,25,12,11,1541.81,182.06,
3892,2025-10-26,219,11,7,11,1295.1,,
3895,,737,54,13,11,,32.41,
3900,2025-09-19,1698,23,9,10,1142.2,251.49,
3901,2025-08-01,2724,78,4,2,1375.1,115.62,
3902,2025-02-19,3689,29,4,12,1906.25,223.48,
3904,2025-09-19,2883,1,8,6,,78.5,114862.38
3905,2025-06-11,590,52,5,7,761.98,,119142.39
3907,2025-11-24,943,27,3,10,1693.51,421.11,
3910,2025-11-21,381,61,7,6,,23.29,
3912,2025-07-03,1425,19,10,6,799.88,,
3917,2025-08-02,2933,27,4,5,1340.62,99.89,
3921,2025-07-18,968,9,6,8,950.61,127.6,
3923,2025-01-17,334,40,10,3,,64.75,26942.3
3924,2025-07-23,2327,5,5,7,,91.26,36820.15
3925,2025-11-06,1807,50,1,7,1002.13,182.37,
3927,2025-10-15,505,53,3,11,,58.9,61912.54
3928,,2364,39,6,3,1060.77,258.79,143315.25
3929,2025-09-23,172,73,3,3,,389.26,146927.41
3933,2025-10-05,935,7,5,1,,,94406.82
3935,2025-04-04,126,34,15,4,0.0,,92172.37
3936,2025-05-04,2525,45,15,1,,118.48,59811.66
3937,2026-01-16,5,78,7,7,,167.84,177938.02
3938,2025-08-23,1347,72,6,1,,66.88,154387.81
3946,2025-09-15,106,70,4,2,,56.24,69624.39
3947,2025-03-16,282,41,8,3,1837.03,,122260.44
3948,,2270,73,12,3,1901.69,295.36,
3949,2025-01-26,630,69,11,4,718.52,,72633.37
3952,2026-02-20,3830,47,11,9,1278.31,,
3954,2025-09-04,1105,32,5,1,326.61,,53790.68
3955,2025-05-16,354,47,13,3,,40.0,23719.96
3956,2025-05-06,2297,33,6,7,,,93976.71
3957,2025-12-22,170,33,5,10,,95.28,225173.13
3959,2025-02-22,731,43,11,2,,,155049.1
3960,2025-12-08,230,67,6,5,348.87,,61307.02
3961,2025-01-27,1661,42,15,8,,,297736.21
3963,2025-05-03,92,59,15,4,921.11,,106025.07
3964,,2684,34,14,5,1498.6,228.6,73952.08
3965,,444,65,14,9,1532.98,331.11,
3966,2025-05-30,2259,11,5,10,,42.73,25623.62
3968,2025-05-22,2164,37,3,10,1574.39,,189744.83
3969,2025-02-28,1847,5,3,10,,19.31,
3970,2025-06-02,2096,71,4,8,1002.2,,166261.85
3971,2025-06-22,1668,71,3,2,1469.07,73.72,
3972,2025-07-13,625,26,11,6,1959.75,,304054.11
3973,2025-05-28,150,42,8,10,,59.75,70626.1
3975,2025-07-05,1493,75,7,8,,405.48,282171.8
3976,,2961,14,7,3,465.87,35.99,38982.37
3978,2025-11-29,403,45,14,1,1410.17,207.29,
3979,,380,55,10,12,614.49,141.75,
3980,2025-07-16,262,118,13,4,,121.99,38901.98
3981,2025-01-13,837,62,3,1,1904.9,,337397.91
3982,2025-03-11,258,7,7,11,1606.57,,167318.06
3983,,2836,18,3,12,1756.06,152.24,308479.75
3984,,1174,73,15,8,1172.12,210.67,124755.95
3988,2026-02-19,1098,65,4,10,,93.82,202841.61
3990,2025-02-18,9,54,8,6,1052.38,,163450.75
3992,2025-12-09,513,3,5,8,,49.68,16329.66
3993,2025-04-30,969,7,7,7,873.86,50.77,
3996,,1281,73,13,4,759.46,179.23,86606.65
3997,2025-02-21,2338,18,11,11,489.22,,30734.95
3998,2025-09-01,2701,13,15,10,886.32,,
4000,2025-02-12,1496,19,2,7,896.49,,
4001,2025-04-27,113,7,6,8,,,81276.24
4004,2025-05-16,1905,38,10,4,1957.85,,241328.23
4008,2025-12-16,111,32,6,2,,331.19,87046.58
4009,2025-12-02,582,70,13,4,333.04,,44630.44
4013,2025-06-09,3663,31,7,6,,69.33,23315.0
4015,2025-06-06,1984,72,4,7,,431.32,
4018,2025-11-05,374,41,5,1,,29.85,25557.16
4019,2025-04-17,2736,22,1,11,171.28,,19239.66
4023,,2103,13,15,2,1034.61,134.77,79713.12
4024,2025-07-27,372,43,7,9,,54.83,36569.03
4025,2025-07-10,1727,27,11,1,190.16,,13943.32
4026,2025-02-27,623,73,6,5,498.97,47.59,
4027,,1537,58,3,9,1955.34,159.61,153297.64
4028,2025-04-17,768,58,15,8,,,87851.06
4030,2025-01-02,1422,67,2,7,-1790.26,347.32,
4031,2025-08-23,729,56,8,7,1348.03,304.48,
4032,2025-03-12,2051,71,3,5,1600.3,,155522.31
4033,2025-06-29,1587,42,14,8,,42.17,88409.25
4037,2026-01-14,265,39,2,6,,,227155.75
4038,2025-06-19,2549,60,10,11,,154.47,154480.11
4040,2025-08-09,2402,54,7,9,314.14,34.47,
4043,2025-06-22,2065,54,13,10,1798.16,,320710.75
4044,2025-05-26,2261,31,1,9,1906.68,378.49,
4045,,1133,17,15,9,400.35,62.85,25395.02
4046,2025-02-11,2235,2,11,8,,1729.32,139102.46
4051,,1052,68,4,6,257.48,,
4054,2025-03-20,2390,47,11,12,794.36,,19441.91
4056,2025-08-08,1953,28,7,1,768.7,,47770.16
4058,2025-09-24,929,15,15,12,1509.76,339.11,
4060,2026-01-13,242,65,14,12,,125.13,186920.44
4061,2026-01-31,1211,28,15,1,,460.43,77250.2
4062,2025-08-24,3585,28,14,7,1849.97,123.21,
4064,2026-01-13,1124,49,2,10,1672.62,141.18,
4066,2025-07-09,2596,55,13,1,332.56,44.17,
4067,2025-05-10,2262,77,14,8,,52.37,15605.84
4068,,2,3,1,2,1576.64,,42682.18
4069,2025-10-27,2682,28,15,10,1975.48,,373777.9
4070,2025-10-30,1531,13,10,8,,117.54,80917.33
4071,2025-09-23,1574,29,2,10,768.15,126.21,
4073,,74,64,11,12,,73.48,37067.33
4075,,2777,13,5,8,1475.93,260.97,166221.85
4076,2025-06-01,812,79,11,7,,294.01,
4077,,458,34,7,3,531.39,,92103.09
4079,2025-05-08,2727,33,13,5,1474.93,200.41,
4080,2025-08-23,310,65,10,4,,91.37,53175.74
4081,2025-11-26,392,79,11,11,1669.78,159.43,
4082,2025-11-21,2139,15,6,10,1358.23,243.45,
4083,2025-04-06,2346,51,9,10,,89.93,
4085,,2619,28,9,9,,,110914.62
4087,2025-01-10,1963,80,14,5,1997.46,258.92,
4089,2025-12-15,1474,75,13,5,,113.15,85808.03
4090,2025-01-12,2949,34,8,10,1233.95,227.25,
4091,2025-06-27,2814,6,1,12,398.75,64.98,
4093,2025-11-03,2749,29,15,10,,217.93,36629.44
4095,,1934,52,10,1,1475.12,,133338.57
4098,2025-02-13,2089,71,9,8,540.62,54.69,
4099,2025-12-27,2823,76,12,8,732.8,,69428.01
4100,2025-08-04,869,38,9,7,701.1,,
4103,2025-04-10,2053,29,14,5,,93.73,138483.19
4104,,1309,120,15,7,,201.55,247338.04
4107,2025-08-08,1347,51,14,6,1098.77,208.81,
4110,2025-02-18,3795,17,7,7,,422.2,36314.97
4113,2025-02-03,324,27,5,9,1840.48,,279645.79
4114,2025-11-25,2355,44,8,2,657.94,,40894.27
4116,,2148,69,4,4,,152.7,102317.97
4119,2025-07-29,1541,57,15,2,,69.87,27527.88
4122,2025-01-07,945,45,8,5,532.8,,77743.62
4124,2025-05-30,1681,26,4,11,1604.71,,116704.86
4127,2025-02-02,60,11,14,4,,299.81,56963.4
4128,2025-10-20,429,22,3,7,,104.93,71241.5
4129,2025-03-06,1632,69,12,10,1761.72,,
4130,2025-04-12,2241,54,10,4,,246.54,
4131,2025-09-05,567,16,2,5,,296.89,
4132,,43,20,10,1,238.56,,
4137,,1171,57,7,2,1849.82,207.14,166906.85
4138,2025-05-19,1991,63,15,8,,270.55,
4140,2025-10-12,312,1,6,3,1379.15,,
4141,2025-07-16,1044,62,7,11,1233.73,,36027.5
4142,,2500,64,8,11,273.44,25.33,
4143,2025-02-13,534,8,5,7,647.75,,27979.48
4144,,2925,56,13,5,1212.03,2090.85,174241.44
4148,2025-11-01,2480,40,12,9,80.13,,2506.89
4150,2025-04-04,1177,2,9,12,826.95,64.02,
4153,2025-04-04,1526,3,5,2,,71.48,48432.88
4155,2025-02-08,1299,74,9,12,413.59,,15407.26
4156,2025-11-20,1584,7,3,7,667.59,,122165.9
4157,2025-01-02,2832,33,8,7,1514.84,367.33,
4160,2025-08-08,514,16,12,9,385.85,,44321.41
4161,2025-06-04,1144,73,13,6,1906.97,,367464.82
4164,2025-06-12,1933,77,11,7,847.25,,110211.84
4167,2025-09-06,917,54,6,1,967.1,88.55,
4168,2025-12-10,3770,56,3,1,,,276074.43
4169,,1349,51,11,4,498.98,109.56,
4170,,1292,63,3,4,,193.15,
4173,2025-01-01,923,3,14,7,1320.65,94.06,
4174,2025-04-12,255,50,10,11,331.86,,
4175,,2209,5,15,1,408.05,45.69,
4176,2025-12-17,2559,41,9,1,1658.99,,70703.34
4182,,1495,67,3,12,,339.0,
4184,2026-01-09,2344,47,11,10,473.02,,46162.61
4188,2025-03-07,1985,57,10,9,1697.37,,107835.95
4190,2025-05-19,463,71,13,2,1366.14,,219663.96
4193,2025-09-04,626,47,12,5,,85.11,97861.4
4194,2025-07-31,530,56,2,8,,,268134.98
4195,,1597,20,10,3,1750.67,90.31,211072.87
4196,2025-02-12,2105,58,12,5,,21.7,9937.33
4197,2025-10-23,2557,57,4,7,1725.99,,280209.76
4198,2025-11-24,1450,6,14,9,871.47,,
4200,2025-07-12,1362,55,5,4,890.27,,46383.1
4201,2026-02-03,1149,11,6,11,813.28,130.37,
4202,2025-11-13,1326,3,11,11,,44.75,5906.66
4203,2025-06-12,61,40,2,2,,192.83,54865.4
4207,2025-06-15,2794,56,9,5,,267.76,328411.52
4208,2025-01-03,1576,76,8,7,1615.08,182.92,
4209,2025-05-07,763,28,7,5,1294.27,,246923.23
4211,,3535,34,8,3,1364.39,248.19,257930.97
4212,2025-01-26,1389,60,11,2,1955.85,413.64,
4215,2026-02-18,184,8,2,7,433.11,,14151.67
4216,2025-12-02,272,1,14,4,1241.74,,130893.7
4219,2025-01-04,2003,6,15,7,1660.55,,74973.6
4231,2025-01-28,450,17,3,11,448.12,34.57,
4234,2025-06-06,1839,9,8,7,1274.36,231.9,
4235,2025-11-03,1961,28,8,9,880.41,73.6,
4236,2025-11-25,893,70,9,9,,27.08,26724.61
4237,2025-03-07,467,2,11,9,939.21,,151881.24
4241,2026-01-23,1442,21,8,1,466.7,82.38,
4244,2025-11-01,1216,16,1,6,,8.65,13406.24
4246,2025-08-28,34,75,5,5,631.92,94.1,
4247,2025-06-09,281,18,3,3,,23.26,
4251,2025-09-19,1044,46,4,11,230.79,,26596.25
4252,2025-10-25,2105,10,11,1,1475.39,225.67,
4254,,780,39,4,5,188.28,,20886.04
4255,2025-01-15,3654,22,10,5,1304.86,127.69,
4257,,207,73,9,9,816.42,101.97,92647.28
4258,,810,65,13,7,278.88,31.75,21490.06
4259,2026-01-13,131,55,15,2,1162.84,260.52,
4261,2025-06-17,783,23,5,5,1937.51,333.93,
4266,2025-06-19,2577,43,9,5,747.78,179.8,
4267,2025-10-19,461,18,12,2,532.72,113.62,
4269,2026-01-17,1112,48,10,9,,,201132.13
4274,2025-10-17,2900,28,2,7,818.76,,132919.97
4275,2026-12-01,263,46,3,4,-748.25,,112575.19
4276,2025-02-10,1828,51,10,4,263.88,14.84,
4278,2025-04-30,33,12,13,2,379.25,20.82,
4279,2025-07-11,1818,10,1,2,,60.38,36673.71
4281,2025-03-29,2351,61,5,2,362.8,74.0,
4284,2025-08-13,2340,25,15,5,,119.83,194301.11
4288,2025-04-25,124,1,5,11,1724.22,208.97,
4289,2025-09-19,690,64,2,11,,,81939.04
4292,2025-10-10,9,8,12,6,847.27,86.08,
4293,2025-08-30,2208,47,5,6,1599.11,181.41,
4294,2025-07-14,163,52,8,11,1900.49,,99306.09
4296,2025-09-10,1095,63,10,12,995.83,146.27,
4300,,1050,14,14,11,572.05,129.06,18798.97
4304,2025-12-20,2708,33,7,6,1767.15,,314882.77
4305,2025-10-31,2255,56,4,3,,233.77,167134.85
4306,2025-07-28,2473,80,4,8,1903.17,,189443.7
4308,2025-10-08,992,3,5,9,,443.32,317020.25
4309,2025-10-25,2844,52,3,4,1270.19,,27569.31
4312,2025-09-21,534,64,11,10,,132.69,83741.77
4313,2025-01-10,1251,47,6,3,,390.24,156446.83
4318,,1839,77,10,4,,110.55,111254.85
4319,2025-06-23,2001,73,15,6,,99.21,131611.76
4321,2025-11-30,1048,24,15,2,612.95,,16844.64
4322,2025-12-18,2805,48,6,8,,411.26,312109.31
4324,2025-07-09,1116,1,12,12,1855.95,423.73,
4325,,1761,4,6,4,-1252.97,300.08,35284.19
4326,,2640,76,14,6,865.35,98.13,81801.63
4329,2025-11-05,3594,52,3,7,,97.86,83684.42
4331,,2066,68,7,11,101.95,,
4333,2025-05-02,1471,53,2,10,1518.32,88.46,
4335,2025-05-16,170,57,10,9,,81.89,9239.07
4336,2025-03-28,48,58,2,3,194.97,,
4337,2026-01-04,454,43,14,4,,,114314.6
4341,2025-11-07,2496,66,10,1,1827.34,214.5,
4343,2025-12-23,501,67,2,4,,13.16,5137.86
4344,2025-01-24,1413,66,8,11,,125.78,84871.76
4345,2025-07-21,2058,36,1,8,654.62,,
4347,2025-02-11,525,50,3,5,89.55,16.5,
4352,2025-08-25,105,6,13,1,1583.74,,281517.34
4354,2025-11-25,968,2,11,2,1731.4,,
4355,2025-09-08,1394,65,11,6,1623.6,112.17,
4357,,1491,58,12,12,,8.62,8447.58
4360,2025-05-26,2319,55,1,2,,143.18,110251.15
4361,2025-08-07,1938,37,10,7,,208.04,138977.73
4363,2025-07-17,2706,27,12,3,1432.26,,256251.97
4364,2025-05-11,65,60,11,2,631.31,,96095.97
4368,,471,66,3,11,1409.6,118.62,248242.48
4370,2025-10-30,571,29,6,2,,227.14,37656.65
4371,2025-12-05,1487,32,11,9,,260.63,84292.37
4372,2025-08-25,2361,33,4,4,,207.8,93851.1
4373,2025-12-03,1484,67,1,4,,285.27,
4375,2025-07-26,1661,5,3,8,714.29,,131341.75
4377,,2689,78,9,4,142.42,34.47,11844.45
4379,2026-02-14,1088,11,15,6,,198.4,
4382,2025-12-18,328,73,1,12,244.78,,31245.03
4384,2025-12-01,2883,16,1,8,,172.97,
4385,2025-12-29,1238,24,3,4,1853.18,310.36,
4387,,1096,28,8,2,,,72020.84
4392,2025-02-10,2785,60,11,10,,136.93,113754.39
4395,2025-09-05,292,6,9,5,338.27,,40863.58
4398,2025-05-28,2798,41,13,3,,60.24,106741.62
4400,,2671,69,3,4,255.08,57.92,40633.48
4401,2025-06-01,1657,36,9,5,1725.55,116.27,
4403,2025-02-22,327,17,11,3,969.65,,
4404,,1652,73,6,5,773.58,150.48,
4405,2025-03-30,2010,112,1,8,0.0,137.98,
4407,2025-04-17,2266,25,2,7,279.97,,55645.35
4408,,830,80,11,11,1593.87,135.25,239192.96
4410,2025-06-06,2984,29,9,6,1433.23,220.54,
4411,2025-08-13,2394,71,15,4,125.71,11.02,
4412,2025-07-19,1289,50,4,6,1185.53,,69093.45
4416,2025-06-04,1237,25,13,2,,77.97,39307.4
4417,2025-12-21,2596,70,11,3,1119.27,242.41,
4423,2025-01-09,2747,59,3,1,0.0,,9734.56
4425,,126,10,14,1,,107.99,145036.79
4426,2025-11-11,1467,52,13,2,,494.3,154930.71
4428,,2653,65,9,3,974.74,147.41,41210.1
4429,2026-02-20,2458,80,10,1,1785.87,,149524.87
4431,2026-01-11,688,69,4,8,1235.64,72.86,
4432,2025-05-26,1025,12,5,4,,,105779.77
4433,2026-01-13,130,23,8,5,1477.07,249.81,
4435,2025-11-23,227,60,15,6,95.44,17.03,
4436,2025-01-21,1888,71,15,2,,71.67,50890.18
4438,2025-04-10,2417,46,14,12,1991.59,,336992.12
4445,2025-09-11,1743,68,6,2,324.35,,34860.46
4446,,171,21,6,12,689.12,147.39,111453.44
4447,2025-03-14,1091,37,6,8,,132.91,130741.1
4448,2025-04-09,1902,66,9,7,1447.66,230.02,
4449,2025-03-16,950,24,12,7,,145.11,199579.82
4450,2025-06-22,2761,56,9,2,1133.42,184.17,
4451,,1706,78,3,2,97.72,17.51,6181.96
4456,2025-07-03,700,22,5,2,,327.34,206960.94
4458,,2101,55,12,9,1375.44,,72228.59
4459,2025-07-27,821,69,1,8,1629.64,272.16,
4461,,1631,65,4,8,,192.91,154952.37
4462,,1348,40,3,6,1328.66,151.7,188461.66
4463,2025-12-12,2286,64,7,6,1288.12,,154609.56
4465,2025-08-22,2064,48,5,8,576.35,,50104.26
4466,2025-05-26,2517,53,13,8,,60.99,13151.4
4467,2025-10-06,70,40,3,6,1071.12,200.04,
4468,2026-09-01,833,46,13,10,431.55,90.68,
4469,2025-05-02,1422,46,11,7,,262.59,66998.07
4470,2025-05-20,995,40,3,1,,,
4475,2026-02-13,2217,32,10,1,215.71,19.8,
4477,2025-04-24,1684,62,10,9,526.23,,64310.33
4478,2025-10-22,2853,25,12,3,,253.34,
4479,,1027,10,1,12,435.56,85.73,44954.07
4480,,9,13,13,5,603.46,65.09,107130.52
4482,2025-01-31,1368,59,2,7,,251.87,198623.49
4487,2026-02-03,516,5,7,7,1794.44,,297475.88
4488,2025-12-30,1165,17,5,2,,175.03,128805.76
4489,2026-01-26,1171,43,8,6,825.17,177.42,
4490,2025-11-23,937,26,15,4,,,
4491,2026-02-18,2662,53,11,11,1318.25,231.49,
4494,2025-12-04,2702,56,6,6,769.54,155.38,
4495,2025-10-30,1372,61,12,6,528.52,81.0,
4496,2025-03-24,292,30,3,11,838.08,159.87,
4498,2025-12-18,1831,55,15,12,1172.05,,170045.89
4500,2025-04-07,1136,15,4,5,,205.14,195015.98
4503,2025-04-27,1666,73,12,7,,43.17,
4505,,2589,74,14,3,319.45,68.75,
4506,2025-12-31,2255,71,14,1,,140.21,123706.41
4508,2025-06-03,2585,58,8,3,1670.11,,235967.47
4509,2025-07-22,1768,51,2,3,1130.3,80.16,
4510,,1869,74,3,2,,,11731.62
4514,2025-01-23,2464,2,13,1,1754.21,160.27,
4517,2025-05-01,1848,26,13,4,1752.43,,
4519,2025-12-13,2991,74,3,1,947.23,,120204.28
4521,2025-01-16,2150,16,1,10,,21.74,
4522,2025-02-14,2690,52,5,3,-145.01,7.58,
4523,2025-09-11,2433,48,8,9,,284.64,227282.03
4526,2025-04-20,360,6,7,1,75.19,,
4527,2025-12-01,2524,42,7,4,1167.58,,65473.5
4529,,2390,103,12,9,382.73,,19116.52
4531,2025-10-12,1290,50,3,7,,350.02,
4532,2025-03-08,1135,6,12,11,317.22,,8173.29
4533,2025-11-03,473,47,8,3,811.37,66.28,
4534,2025-04-15,1363,55,11,9,1326.81,,261004.96
4535,2025-06-24,2293,16,5,10,1701.18,,277795.52
4538,2026-02-05,2926,67,11,5,215.26,,5458.06
4540,,2124,58,9,12,1938.14,475.6,150989.13
4541,2025-08-21,1037,55,4,10,1156.12,,223136.34
4542,2026-02-14,1846,43,4,3,1498.87,192.34,
4543,2025-12-05,1063,44,1,3,279.84,30.22,
4544,2025-04-20,759,52,2,5,764.4,,
4547,,2152,52,9,4,1384.14,312.19,77993.14
4550,,2621,1,10,2,261.13,54.0,35678.39
4551,2026-01-14,1334,67,11,9,1247.15,,160595.77
4554,,281,6,6,3,1037.89,101.17,135300.99
4555,2025-09-13,719,62,15,2,,108.78,
4557,2025-07-23,293,67,5,8,,185.83,19719.13
4558,2025-04-10,1142,15,3,8,,26.52,73867.05
4559,2025-08-31,1969,6,11,3,,,136404.22
4561,,1596,41,4,5,975.92,149.77,83540.11
4563,,2468,68,6,11,1468.33,,129795.04
4564,2025-02-24,2233,41,8,11,619.39,,60979.27
4565,2025-09-16,1398,31,9,2,1324.33,,
4567,2025-01-24,778,76,11,7,1418.03,,59919.59
4570,2025-05-04,75,24,2,6,,46.91,32499.08
4571,2025-07-25,3864,9,12,11,134.76,,26812.09
4572,,2958,37,4,6,1578.81,348.6,229365.62
4574,2025-10-17,2457,70,2,9,1006.8,100.59,
4576,2025-11-05,642,45,5,7,1378.95,,88021.23
4579,2025-06-09,1186,29,12,5,,46.28,54371.12
4580,2025-02-26,208,63,3,3,,191.24,207044.28
4582,,1687,43,11,7,,13.8,12491.58
4583,2025-11-14,2272,44,6,4,,103.53,40789.34
4584,2025-05-13,2290,69,1,11,195.52,18.07,
4587,2026-02-16,1792,29,2,3,174.92,,
4588,2025-03-01,575,35,11,11,,208.96,166064.49
4589,2025-07-10,783,10,13,2,341.05,57.19,
4592,2025-03-12,1585,55,5,10,,488.57,
4593,2025-05-27,1526,21,9,8,1678.32,310.65,
4594,2025-10-11,573,76,2,3,875.13,,127780.03
4599,2025-05-21,368,70,14,2,,64.56,16707.97
4600,2026-02-03,2800,2,9,8,,73.11,24011.24
4602,2025-04-28,181,12,8,2,1624.62,,
4604,2025-02-23,2266,13,12,3,,147.33,124447.3
4605,2025-11-08,1388,52,11,3,487.74,106.51,
4606,2025-12-23,2524,62,15,3,1387.85,193.41,
4608,2025-12-06,45,19,6,4,,37.14,42722.39
4610,,2291,25,3,10,,,
4611,,1425,10,7,9,1477.67,315.19,
4614,2025-07-09,811,62,2,11,,38.32,56688.63
4616,2025-10-01,302,17,7,5,268.76,,27421.04
4617,2025-01-24,429,29,14,6,,112.42,47695.1
4621,,1598,3,4,9,55.76,12.62,5591.76
4622,2025-08-24,1089,34,10,8,,,237762.03
4623,,998,64,4,12,1553.88,218.17,34690.2
4628,2026-01-23,1565,79,6,1,,13.72,4305.97
4629,2025-04-15,316,23,13,12,344.88,,40181.51
4630,2025-03-18,1149,36,11,9,815.46,138.62,
4635,2025-08-07,1439,28,11,9,,230.85,157500.59
4636,2026-01-14,1,52,5,8,,346.91,70771.54
4638,2025-05-07,1996,8,7,11,,263.84,313652.67
4640,2026-02-02,704,16,10,3,,106.09,86915.79
4643,2025-08-04,2897,48,14,8,1560.33,,254229.23
4644,,1352,101,11,1,,,81342.97
4645,2025-05-21,329,77,10,7,1692.41,235.93,
4647,,2780,75,15,5,1303.46,274.31,165634.48
4648,2025-02-12,1409,30,13,5,480.11,115.9,
4649,,2140,33,14,9,1759.33,194.35,192594.48
4652,2025-04-13,2436,44,10,11,,71.91,56050.52
4656,2025-10-26,916,72,11,12,,,277501.23
4658,2025-12-06,1254,19,10,5,1575.25,,113201.45
4659,2025-01-29,2062,47,9,3,,181.0,69124.68
4661,2026-01-06,1988,47,1,5,,37.91,
4662,2025-12-10,535,75,4,7,,39.81,
4666,2025-12-16,2384,62,15,2,,135.22,60122.41
4667,2025-09-12,676,53,1,9,1134.02,69.32,
4668,2026-01-09,1385,19,12,1,1271.02,235.76,
4669,2026-02-01,364,8,13,10,,48.3,41471.49
4671,2025-06-18,2699,64,8,1,,96.85,20527.8
4673,2025-12-07,1292,72,13,9,,120.11,
4677,2025-10-16,2839,73,4,1,,371.04,169365.53
4678,2025-05-31,2072,64,11,11,1737.92,,346727.79
4679,2025-12-15,1320,26,13,8,875.88,,
4680,2025-05-19,2365,21,11,8,,228.03,
4681,,22,51,8,10,,149.41,35876.81
4683,2025-05-24,2516,18,11,12,1689.44,340.79,
4685,2025-05-09,1175,16,7,9,455.14,,79065.28
4686,2025-12-16,2613,26,3,1,,1731.86,83667.8
4687,2025-12-15,953,16,7,10,1937.71,142.28,
4690,2025-07-30,1934,3,6,4,1905.36,,75228.7
4691,,594,68,15,3,736.25,136.59,
4693,2026-02-13,1139,70,5,11,,,86735.87
4694,2025-09-12,2525,19,5,3,,243.81,190557.79
4696,2026-01-25,1744,64,9,12,,122.32,58441.82
4699,2025-12-03,509,11,12,8,1567.4,358.09,
4700,2025-06-13,1393,40,6,10,755.13,82.18,
4701,,807,64,9,4,0.0,58.38,41425.81
4702,2026-01-29,2287,30,8,2,1753.65,151.78,
4704,2025-06-02,2846,20,8,8,,54.95,35915.61
4705,2025-11-28,551,70,7,6,,,
4706,,2139,78,2,8,1848.87,418.95,169142.71
4708,2025-02-25,2596,32,10,9,217.49,,
4709,2025-03-07,1808,8,12,11,1010.07,102.69,
4710,2025-12-06,2173,60,7,11,1924.76,,151863.42
4712,2025-11-26,1879,48,11,7,599.25,,53844.94
4713,2025-07-30,2281,51,1,11,1350.94,,59804.78
4716,2025-12-27,814,72,14,12,1634.57,,263563.56
4717,,2192,33,5,4,1115.78,,95433.3
4718,2025-07-13,2830,95,13,2,1756.78,,
4719,2025-07-28,1462,14,13,9,1621.08,,54982.91
4721,2025-01-10,2410,32,2,12,,274.4,
4724,2025-09-15,2136,62,11,10,209.25,,38890.62
4730,2025-02-15,1371,78,6,9,,216.12,140561.59
4732,,1782,48,11,1,1688.66,,239860.47
4733,,1813,14,3,6,1586.69,256.81,243794.41
4734,2025-06-04,247,17,11,11,1567.46,,53964.07
4735,,2806,12,13,12,422.23,27.86,27040.74
4736,,1974,72,10,7,,,
4738,2025-01-05,1883,65,5,7,902.14,154.08,
4742,2026-01-31,233,38,14,11,742.18,,29823.82
4743,2026-01-25,2188,38,8,12,,,11673.73
4748,2025-10-28,2195,1,10,3,,109.28,51743.71
4753,2025-03-08,1987,61,15,3,,50.97,71489.77
4754,2025-01-15,2671,61,8,9,875.52,101.0,
4755,,1751,61,2,7,86.46,15.11,8037.98
4756,2026-01-27,512,41,6,1,,2948.15,
4757,2025-03-17,1759,7,5,1,,188.15,141932.43
4759,2025-09-25,222,53,4,10,1647.77,301.06,
4760,2025-11-19,2306,40,14,5,1888.24,,292204.97
4761,2025-11-07,335,62,15,7,207.44,,7760.03
4767,2025-07-26,2511,10,11,9,582.28,,42533.5
4770,2025-03-22,1049,12,2,9,,209.86,
4771,2025-08-22,1756,37,8,5,,165.87,
4773,2025-06-13,145,66,2,6,,133.47,
4774,2025-08-11,1322,13,12,6,1469.79,,258102.13
4776,2025-07-07,698,47,6,4,834.32,193.47,
4779,2025-07-28,2231,37,12,10,1143.95,,185898.28
4780,2025-03-21,1667,54,13,10,,100.09,234397.76
4781,2025-06-10,182,73,4,5,1057.96,163.89,
4782,2025-09-06,1267,38,1,2,,95.89,38529.82
4783,2026-01-17,1572,74,14,11,1600.0,129.81,
4784,2025-09-02,702,28,11,7,411.51,,30073.51
4785,2025-09-24,234,1,9,9,,,215515.35
4786,2025-04-12,822,43,4,7,1780.71,,305392.98
4790,2025-01-30,2621,61,2,12,,68.8,24681.02
4791,,2154,69,10,8,954.79,163.12,185157.55
4793,,778,61,11,1,1767.27,,345095.2
4797,2025-12-25,1454,52,3,10,333.79,,53868.82
4798,2025-11-10,886,74,2,9,,10.57,4818.89
4804,,1650,42,9,2,1596.77,,196135.41
4806,2025-09-28,289,13,5,2,,,113740.56
4807,,2303,57,9,12,1598.31,,210488.27
4814,2025-09-19,631,53,5,6,0.0,381.58,
4816,2025-04-10,1503,72,5,12,,124.17,
4817,2025-12-14,2595,53,6,2,,179.62,65435.11
4819,2025-05-19,1278,27,9,8,1735.52,,242769.68
4821,2025-08-04,2133,38,2,6,,10.37,4533.62
4822,2026-02-13,37,15,15,12,,,246713.35
4824,2025-03-22,1312,39,8,1,930.01,,133210.94
4825,2025-07-26,1722,22,6,10,1876.22,,86691.37
4826,2025-02-17,1993,36,13,12,328.04,53.97,
4829,,297,15,4,6,1968.56,412.83,201547.45
4831,2026-01-12,2367,51,6,2,709.42,,97386.77
4833,2026-02-10,1098,20,6,12,1783.43,127.31,
4835,2026-01-18,1552,13,9,11,,163.37,106418.37
4838,2025-11-07,1424,46,5,8,269.75,,
4842,2025-10-08,2007,42,5,6,1202.02,150.34,
4845,2025-04-16,999,54,15,8,128.64,16.33,
4847,2025-07-25,272,1,2,9,146.56,,
4848,2025-02-25,2118,56,13,8,,199.99,164760.3
4849,2026-02-14,2594,29,3,4,943.24,,137752.68
4851,2025-05-27,1358,54,6,11,,1705.19,
4852,,684,30,4,7,1204.27,206.28,225782.16
4853,2025-09-10,1880,19,7,7,1950.54,,
4854,,144,29,8,6,1563.05,367.26,239091.19
4855,2025-03-16,1569,33,4,2,993.52,,192840.23
4856,2026-01-13,466,69,11,5,1599.08,,264294.33
4857,2025-09-16,1663,68,15,5,,71.44,27472.19
4858,,2260,44,14,1,1250.39,257.52,116808.59
4860,2025-07-06,1346,10,14,8,59.89,,
4861,,1923,77,15,1,1634.72,,
4862,2025-10-13,405,2,3,2,97.3,,11085.56
4866,2025-10-22,654,70,9,10,,,90434.42
4868,2025-12-03,2855,16,4,2,1334.77,140.15,
4871,2026-02-05,1210,48,12,5,409.37,,
4872,2025-02-27,248,12,8,8,178.92,,18008.38
4875,2025-01-14,2472,10,15,8,1510.66,,
4876,2025-11-18,1748,16,8,9,1551.3,,60348.5
4879,2025-06-27,800,34,11,4,,157.65,63605.1
4880,2025-09-24,2748,36,2,10,637.74,,121593.62
4881,2025-12-07,1353,57,4,2,,159.87,111983.85
4883,2025-03-12,898,49,14,9,,217.29,243686.44
4884,,792,19,1,10,,307.19,
4885,2025-06-30,788,24,9,11,,136.7,182512.6
4886,2025-08-09,2354,43,13,11,,,11212.57
4887,,1280,27,6,1,1112.53,120.67,
4888,2026-02-18,2441,44,14,7,,67.23,41131.83
4893,2026-01-05,1310,16,15,10,1487.29,,211887.22
4896,2025-07-25,1329,69,7,1,,427.64,293255.32
4897,2025-08-16,943,40,8,6,1764.79,,284478.78
4902,2025-08-05,351,20,12,11,,29.69,65761.47
4904,2025-10-22,1904,22,7,4,243.6,,35378.16
4905,2025-09-16,1676,25,7,3,1426.66,,52727.74
4907,2025-09-02,1550,29,4,12,637.63,,93540.98
4908,2025-01-13,940,72,14,3,1337.78,,146385.52
4911,,2969,28,1,12,952.02,178.57,80588.56
4914,2025-02-17,1405,60,11,1,,541.97,74918.0
4915,2025-05-30,1621,39,1,4,1871.95,102.12,
4916,2025-03-10,1256,32,3,11,,173.63,156082.17
4917,2025-04-17,1869,40,11,11,698.68,121.99,
4924,2025-11-23,1274,6,10,6,,30.59,
4925,2025-12-09,2147,53,2,6,,,368524.06
4926,2025-07-25,1739,69,1,10,896.03,1451.33,
4927,2025-12-27,688,99,15,10,,15.39,4872.17
4931,2026-02-08,2863,42,11,4,837.95,,120011.4
4939,2025-10-03,2220,67,4,7,289.17,,26012.79
4943,2025-09-21,2457,61,2,3,,287.56,195604.67
4945,,1212,19,12,1,,268.22,220521.92
4947,2025-06-22,2882,58,9,9,507.21,106.75,
4948,2025-03-21,240,40,8,7,0.0,,255107.69
4950,2025-07-06,871,73,4,12,537.73,,104496.22
4954,,1710,78,2,4,712.29,114.09,133241.37
4955,,2116,48,6,6,,104.37,
4956,2025-10-13,824,80,7,4,1553.86,330.39,
4958,2026-02-03,2352,17,7,1,,88.67,98240.34
4959,2026-02-17,1758,5,14,1,,154.93,101968.77
4962,2025-08-29,170,27,15,10,102.46,12.58,
4963,,2516,13,10,9,1545.08,178.1,
4965,2025-03-24,260,47,6,1,,,161851.4
4967,2026-01-28,1046,34,12,7,,22.24,23739.25
4971,2025-04-01,555,36,7,2,964.14,187.31,
4978,2025-08-19,1067,12,12,6,,,3486.33
4979,2026-01-13,79,37,12,3,1543.56,,307724.98
4980,2025-02-11,319,42,10,6,1256.35,,
4981,2025-11-20,999,46,2,7,,51.13,67921.12
4987,,655,37,15,4,1654.96,235.49,62991.65
4989,2025-07-11,1939,4,3,4,212.72,,12730.42
4990,2025-03-11,199,70,11,2,,26.32,19522.0
4993,,145,33,12,12,1601.64,340.19,258886.64
4997,2025-09-06,1035,78,1,1,,77.89,19578.26
4998,2025-09-09,3676,60,9,2,,1701.8,212295.1
4999,2025-06-01,1910,62,13,8,,298.61,205246.76
5000,,2710,71,7,4,,146.36,
5001,2025-11-08,1719,53,9,5,1448.28,,67068.29
5002,2025-12-07,1479,77,14,8,1207.28,155.2,
5003,2025-12-08,802,29,15,3,641.48,114.64,
5006,2025-09-17,2271,14,13,12,653.69,,96540.77
5007,2025-08-01,1983,8,13,1,430.81,,28183.51
5009,2025-04-21,1859,38,15,6,,,
5010,2025-12-14,131,77,3,3,1501.1,212.91,
5011,2025-07-17,146,7,6,4,421.75,,36003.19
5013,2025-06-10,717,73,2,9,,126.3,61880.36
5018,2026-02-18,1029,34,14,1,,,26090.59
5019,2025-01-19,2971,6,8,2,613.1,,97941.36
5022,2025-10-22,708,56,12,8,266.42,65.18,
5023,2025-06-07,692,40,2,2,138.53,,16465.79
5026,2025-04-03,1039,31,2,1,942.97,,63506.81
5027,2025-11-08,221,50,15,3,,12.16,2608.84
5028,2026-01-15,3738,38,9,2,239.72,16.06,
5031,2025-03-20,581,30,6,10,529.09,,48003.31
5035,2025-05-03,78,65,11,6,1119.24,,67256.68
5037,2025-11-01,587,23,13,11,223.87,,18063.04
5038,2025-05-15,886,21,3,12,,13.98,
5040,,508,58,2,5,,89.97,155163.36
5042,2025-07-29,2631,73,10,4,1349.17,,
5052,2025-11-08,1214,45,7,8,,,103827.41
5055,2025-04-07,1612,11,7,8,,43.32,43749.63
5056,2025-10-04,893,46,7,2,245.49,,
5057,2025-10-09,993,25,3,7,1045.52,,
5058,2025-01-05,2795,40,8,8,,174.38,
5059,,2429,79,12,1,,40.58,
5061,2026-02-08,2782,70,11,1,391.62,94.63,
5062,,554,50,9,10,903.57,190.75,
5063,2025-06-26,2075,22,8,2,1460.93,,
5064,2025-12-22,1209,67,2,10,,58.29,36006.94
5066,2026-01-16,2181,65,7,4,1173.27,79.88,
5067,2026-01-17,258,38,8,10,,261.88,
5068,,2298,14,3,7,,102.26,250945.42
5069,2025-02-09,1856,42,2,7,1719.94,217.87,
5071,2025-01-06,1071,37,15,1,,96.9,81504.54
5072,2025-09-09,1685,61,8,3,1022.06,,103921.14
5073,2026-02-17,1265,52,15,10,1447.98,85.08,
5075,,2208,37,4,9,1851.49,340.26,
5076,2025-07-08,1919,31,6,9,,105.62,69414.82
5077,,2326,1,9,10,381.97,21.39,15866.29
5078,2026-01-29,2329,8,14,10,1094.58,55.56,
5080,2025-05-11,303,57,13,10,652.42,,52066.96
5081,2026-01-10,2837,19,13,5,944.0,,
5082,2025-05-27,1456,6,9,4,1632.48,,106509.44
5083,2025-06-04,679,68,10,11,,160.52,167461.85
5084,2025-07-06,707,71,11,6,1257.76,295.48,
5085,2025-09-18,1204,78,13,8,66.61,16.38,
5086,2026-02-17,1157,43,9,10,390.43,,53022.76
5088,2025-10-24,2189,61,4,6,1347.7,,265781.92
5091,2025-01-30,1610,80,5,4,,220.4,
5092,,1321,70,11,7,1990.61,241.24,237918.9
5093,2025-08-21,1858,66,10,3,1118.84,181.73,
5094,2025-01-29,523,17,14,7,999.09,,
5095,2025-02-18,360,23,6,7,1613.52,,190345.33
5096,2025-03-19,327,66,4,6,1225.37,290.99,
5097,2025-09-22,532,29,10,3,1822.55,220.15,
5099,2025-01-08,1611,13,2,7,513.29,84.43,
5104,2025-08-30,1978,72,4,4,1834.74,308.9,
5105,2025-08-21,2994,23,2,2,233.96,,4745.38
5106,,1244,55,9,8,504.97,101.11,49111.34
5107,2025-05-10,1900,36,1,2,,85.58,195656.77
5109,2025-09-26,2888,33,4,9,1462.48,117.03,
5111,,2509,25,1,5,201.36,31.05,
5114,,2560,30,5,6,560.47,73.73,111993.45
5117,2025-03-20,267,13,4,3,,28.09,81479.14
5121,2025-12-11,2544,18,14,8,,95.15,76468.75
5124,2025-02-22,1035,80,2,12,1831.3,,104802.08
5125,2025-08-01,2496,42,12,5,,,63185.26
5126,2025-05-21,923,14,6,8,936.37,,52933.8
5128,,1963,14,7,11,1695.34,,84896.86
5130,2026-01-26,868,66,15,6,,103.85,59544.85
5131,2025-12-27,503,57,3,2,1224.42,,142130.43
5134,2025-08-12,1681,76,15,2,,21.79,5150.37
5136,2025-06-19,556,67,12,4,,176.02,194112.26
5138,,2389,20,10,7,838.66,59.84,165379.14
5140,2025-05-06,840,2,10,9,,,32153.99
5144,2025-08-31,172,8,15,11,1214.69,,82557.18
5145,,1425,56,2,4,477.44,,42511.76
5146,2026-02-18,1407,16,13,4,1165.26,90.03,
5148,2025-05-21,3506,30,9,11,52.39,,3907.45
5152,2025-04-12,918,78,3,11,,290.76,244307.86
5153,2025-05-02,574,80,10,2,1755.41,265.26,
5156,2025-06-02,2660,68,6,10,,266.31,234008.57
5157,2025-11-04,2411,58,7,8,1860.83,423.52,
5158,2025-10-07,1897,62,8,4,,168.7,
5160,2026-02-13,2364,56,15,5,1870.04,,313720.15
5161,2025-11-06,2583,25,8,11,,88.61,44499.97
5163,2025-01-03,1131,30,4,8,902.93,,109962.33
5164,2025-03-24,2799,31,10,8,,265.41,206805.25
5165,2025-08-19,1500,31,4,5,1599.56,,48291.35
5168,2025-10-19,2407,43,3,11,,326.43,
5171,2026-01-06,458,13,6,4,1084.33,220.67,
5173,2025-01-31,691,21,8,2,,182.07,97169.78
5177,2026-01-14,587,59,14,11,227.06,,15318.3
5178,2025-03-22,142,33,1,12,,195.54,
5183,2025-10-01,387,6,14,4,428.57,69.7,
5184,2025-04-30,2825,52,5,12,,21.82,19722.22
5187,2025-06-24,1171,66,13,3,,,
5188,2026-01-26,236,69,14,12,832.86,83.33,
5189,2025-10-19,2399,68,9,6,950.47,,139060.93
5192,2025-12-06,1210,12,8,11,1960.19,363.66,
5195,,744,55,4,3,926.06,151.34,41334.05
5196,,710,7,1,9,304.67,69.68,
5198,,2032,20,12,12,974.67,112.94,189090.31
5203,2025-11-06,2339,71,10,6,1246.38,,58911.27
5204,2025-06-01,718,80,12,10,1531.02,227.19,
5206,,269,71,14,2,613.26,,75032.23
5207,2025-01-29,872,60,8,4,1426.42,,45672.79
5209,2025-10-09,913,3,11,3,622.99,107.04,
5215,2026-02-12,2610,5,14,7,1977.13,179.32,
5218,,2749,14,14,11,1730.96,136.64,50065.6
5222,2026-01-06,2855,17,4,3,,160.04,104017.19
5225,2025-11-07,1410,63,12,7,,258.11,194015.98
5227,2025-03-30,2930,44,14,10,231.79,,24490.35
5232,,1429,49,9,12,1006.58,196.64,
5235,2025-11-25,985,61,15,9,1261.07,,34303.93
5236,2025-05-03,1152,78,9,3,,106.03,44320.13
5239,2025-09-03,35,16,8,8,165.09,25.11,
5241,2025-04-02,2515,29,4,5,1934.05,,115892.26
5243,2025-08-15,1050,49,9,12,,,308547.07
5244,2026-01-12,241,53,3,7,1899.98,,299110.99
5245,2025-07-23,2541,53,15,3,738.16,,105128.03
5246,2025-04-27,615,4,14,6,468.47,,86080.47
5248,,2118,71,4,4,476.93,113.6,85324.69
5249,2025-08-15,2897,44,14,9,101.87,8.35,
5251,2025-11-21,60,3,3,7,,159.51,74744.86
5252,2025-04-12,2143,51,13,11,1162.49,72.42,
5253,2025-02-17,1041,42,2,1,670.23,84.24,
5258,2025-11-18,2081,42,15,6,,,217824.84
5261,2025-03-28,2661,1,7,1,1311.19,,45193.9
5263,2025-08-24,717,33,15,6,,83.8,90325.62
5266,,1630,35,6,4,,,124574.95
5268,,1844,76,4,5,,122.54,37304.23
5271,2025-01-14,2626,21,8,4,1619.73,,
5277,2025-02-21,1667,22,7,6,1416.26,207.25,
5279,2026-01-14,1824,50,13,7,792.37,,151769.48
5280,2025-07-03,1066,35,9,9,130.74,28.52,
5282,2025-07-29,194,48,7,2,,,
5283,2025-06-09,628,43,1,9,1594.45,,205094.85
5284,2025-03-10,51,64,10,9,593.46,,61736.38
5285,2025-09-02,945,77,4,2,862.17,122.22,
5289,,201,79,5,3,311.66,36.41,54039.07
5291,2026-02-19,1981,80,1,6,681.38,117.35,
5295,,1409,70,13,1,500.68,122.5,57575.65
5297,2025-10-06,962,30,8,10,0.0,,5195.68
5300,2025-03-13,663,22,14,12,1346.62,334.22,
5301,2025-11-01,896,38,8,3,,57.14,37485.56
5303,2025-11-13,2287,48,14,1,,46.46,
5304,2025-07-01,1206,64,5,7,,158.93,179161.89
5306,,708,67,15,10,1260.54,87.45,233514.21
5310,2026-01-31,2103,43,2,11,,49.45,65364.93
5311,2025-05-07,1976,39,15,9,,51.58,34584.25
5319,2026-01-07,132,36,9,7,,274.62,123258.51
5325,2025-04-19,1842,23,3,10,180.48,18.84,
5326,2025-11-27,603,68,14,10,1854.33,,219116.93
5329,,2625,55,2,11,1662.12,228.1,
5330,,1037,48,15,7,952.39,69.24,21551.3
5331,,2539,3,8,1,1302.97,301.85,187960.65
5332,2025-08-04,371,3,9,3,-1085.3,,205876.25
5334,,400,26,13,12,393.32,93.08,50398.14
5336,2025-04-24,2502,39,15,5,709.61,42.05,
5337,2025-02-20,2478,33,3,9,,267.99,214068.83
5339,2025-07-22,2551,18,3,8,,,28597.68
5342,2025-10-01,944,3,6,12,1876.96,,279972.6
5343,2026-01-18,2499,62,8,1,,37.52,22387.7
5344,2025-01-07,2139,2,2,1,152.89,,26817.76
5345,2025-07-07,2378,46,11,8,1548.4,373.01,
5346,2025-08-30,389,20,11,9,,203.65,134179.59
5347,2025-12-29,2403,11,8,8,454.7,,44844.72
5348,2025-09-01,287,36,6,11,451.85,97.97,
5350,,1244,55,13,5,1640.37,,317854.15
5355,2025-11-26,2976,13,1,4,784.45,,115566.9
5356,,164,53,3,10,1041.68,188.22,129743.75
5357,2025-10-30,2569,15,1,7,,,114793.13
5358,2025-06-08,131,69,3,2,,100.01,88197.0
5363,,194,6,1,8,428.82,64.24,26859.18
5364,2025-05-25,1894,33,2,11,,47.97,27611.12
5366,2025-01-21,438,3,1,5,404.15,,
5368,2026-01-25,1791,10,2,12,1505.13,,
5369,,2095,71,6,4,,122.61,83250.56
5375,2026-01-21,2019,54,4,4,,40.08,35377.92
5377,2025-02-09,1877,73,3,5,,,69022.54
5379,2025-06-30,2119,15,9,9,,267.21,36611.31
5381,2025-04-05,1796,40,3,6,,36.58,20133.52
5382,2025-09-26,2903,44,1,10,90.36,,2056.14
5383,2025-03-07,2115,16,2,9,1089.42,84.56,
5384,,773,52,10,6,,75.93,108505.68
5386,2025-09-05,2189,15,15,5,1700.34,,265151.7
5387,2025-08-14,1892,60,13,5,1002.17,,75068.97
5388,2025-07-14,686,27,1,9,263.0,54.52,
5390,2025-05-03,563,40,10,11,,28.63,18073.21
5391,2026-02-17,2265,42,1,12,834.41,75.24,
5394,2025-07-20,609,80,10,10,1904.74,292.22,
5398,2025-10-17,1713,13,2,3,,,50075.07
5399,2025-08-02,2585,60,8,1,923.06,,167198.59
5400,2025-03-10,1260,41,14,3,1872.86,,130519.85
5403,2025-10-01,162,9,5,10,,140.37,31709.41
5404,2026-02-13,958,30,3,9,,77.34,19104.51
5406,2025-12-02,2238,20,15,5,622.91,77.87,
5408,2025-04-15,739,74,10,8,,216.6,226201.89
5409,2025-01-11,630,24,10,12,1087.16,,199584.07
5411,2025-09-01,2612,42,7,3,1694.12,222.54,
5412,2025-01-06,2597,28,5,5,964.86,136.14,
5416,2025-08-20,1712,64,13,1,1777.44,,338405.27
5417,,1341,30,1,4,1914.68,130.83,153751.42
5418,,2420,9,4,11,1048.58,,151035.79
5419,2025-01-28,1593,57,1,6,,6.63,8621.73
5420,2025-09-02,989,49,8,11,1152.52,,190930.55
5421,2025-10-31,1115,78,13,11,1763.53,,323192.48
5422,2025-06-02,2900,25,1,11,1186.62,135.44,
5423,2025-08-08,188,62,14,4,,9.6,
5424,,797,27,3,8,1198.6,279.98,130074.04
5429,2025-05-05,1575,54,2,8,199.26,27.81,
5431,2025-03-18,1273,16,4,11,1689.95,186.29,
5432,2025-04-17,1950,47,11,3,1893.14,,247078.31
5434,2025-11-11,2228,20,2,10,,,
5435,2026-01-17,2705,27,11,11,1614.48,,
5439,2025-09-02,565,33,4,4,,,129030.34
5441,2025-06-28,2507,64,11,11,,202.13,211957.53
5442,2025-03-23,2483,78,3,6,1148.04,112.91,
5443,2025-01-24,2778,24,8,12,,,17282.83
5445,,3798,14,9,12,,408.12,257678.71
5446,2025-10-19,1891,4,3,12,,99.34,48513.88
5449,2025-06-09,458,32,12,9,,128.58,135355.89
5452,2025-09-26,1487,37,1,6,1973.34,,148854.58
5453,2025-11-02,646,79,9,12,1485.08,296.69,
5455,2025-02-02,99,62,1,10,,,303035.29
5456,2025-11-14,533,1,9,11,685.11,,34109.19
5457,2025-08-22,2391,63,8,5,1354.43,,99477.37
5458,,2507,40,14,11,799.21,,157546.54
5459,,2452,30,7,6,242.29,59.45,34884.16
5460,,604,47,6,7,1650.68,,135708.92
5461,,1930,32,4,8,1618.69,143.34,184696.1
5463,2025-10-12,288,31,6,1,,150.67,184057.49
5464,,1623,60,15,3,144.01,,14753.7
5466,,2169,24,7,7,0.0,60.74,
5468,2025-11-04,1554,26,5,2,1447.21,,221805.76
5469,2025-05-13,385,21,5,8,829.09,123.23,
5470,2025-05-12,1539,32,7,8,,137.78,
5471,2026-01-03,71,49,8,3,,217.89,43076.48
5474,2025-07-30,269,34,3,10,481.29,,84489.18
5477,2025-06-26,2481,77,9,9,348.82,77.45,
5478,2025-06-23,2753,40,9,7,855.17,,97179.29
5479,2025-04-22,2463,30,6,10,,37.83,
5483,2025-09-10,2504,2,3,4,298.01,,11802.66
5485,2025-07-01,154,41,10,6,,,127855.68
5486,2026-01-09,1573,66,8,3,1983.37,281.49,
5487,,27,43,7,8,845.4,186.14,142505.14
5488,2026-01-29,881,47,10,5,1660.92,245.61,
5490,2025-09-12,393,24,5,7,,92.02,18156.79
5494,2025-02-21,2293,79,2,6,,300.94,73704.55
5496,2025-04-03,819,61,9,7,,38.29,
5498,2025-01-06,2336,17,1,7,1677.16,346.75,
5500,2025-08-26,1498,56,2,12,1862.43,,225555.76
5504,2025-06-27,2192,76,4,9,1203.65,,
5507,2025-04-14,901,77,8,3,1969.55,415.29,
5508,2025-08-26,933,33,14,1,140.59,29.22,
5509,2026-01-23,787,69,11,1,693.47,73.17,
5510,,2370,41,12,1,195.0,30.63,
5511,2025-06-14,2100,59,4,12,,105.35,53400.01
5512,2026-01-21,2010,48,5,4,,337.95,104745.31
5515,2025-08-21,2022,60,9,11,211.67,,
5517,2025-08-15,2933,63,5,11,364.89,83.36,
5518,2025-03-28,390,14,9,11,1867.27,175.38,
5519,,591,45,10,9,477.82,108.88,35816.19
5520,2025-09-24,532,36,7,4,549.06,,51798.01
5521,2025-04-14,2951,35,5,12,,125.51,148408.32
5522,2025-11-29,3665,23,12,6,1161.47,,199513.01
5525,2026-02-16,2122,44,3,6,-438.87,32.09,
5526,2025-08-14,2790,56,2,9,,,129712.16
5527,,1412,53,11,10,1423.77,,56117.67
5530,2025-09-02,931,16,13,2,,206.47,168445.71
5533,2025-12-14,2157,80,7,8,256.63,25.99,
5534,2025-07-18,2205,4,2,11,178.36,36.57,
5535,,2293,80,14,9,,,18962.81
5536,2025-06-25,2430,68,2,3,189.04,,24041.7
5538,2025-05-04,1731,67,11,10,,179.44,132153.41
5539,2025-03-04,667,44,4,3,,36.96,11597.38
5540,2025-12-05,2373,38,8,10,,272.47,58461.68
5544,2025-09-17,2736,27,6,9,,274.2,262347.42
5545,2025-07-14,95,51,9,7,,48.0,42348.93
5548,2025-06-17,2822,45,10,7,1627.48,241.3,
5552,2025-06-11,2884,39,14,9,1552.63,105.05,
5553,2026-01-28,2781,46,7,9,831.04,,115621.46
5554,2025-03-06,2518,28,15,6,,107.83,152241.09
5555,2025-04-07,1068,65,7,3,484.95,90.33,
5556,2025-10-07,736,9,8,8,991.03,,128657.95
5557,2026-01-22,1599,30,6,7,,194.88,
5558,2025-09-01,2535,14,6,5,356.36,,
5559,,320,31,15,2,515.74,34.35,81836.65
5560,2025-08-28,1420,5,3,5,1958.95,,318012.71
5561,2025-01-08,1288,56,5,2,352.58,30.16,
5563,2025-10-30,1272,2,4,3,1308.52,1741.39,
5570,2025-08-02,1929,80,11,11,,174.48,136664.87
5572,,387,4,12,2,1998.28,348.69,240888.92
5573,2025-06-30,2017,2,9,9,1617.01,,88518.86
5574,2025-05-17,161,13,10,6,288.0,,11854.35
5580,2025-06-16,1465,35,6,8,577.83,,
5581,2025-05-18,2403,23,1,10,942.01,144.05,
5582,2025-10-23,1747,34,2,9,,84.18,87535.57
5583,2025-01-10,2528,2,14,11,,12.18,
5584,,1615,76,8,10,-1675.76,307.37,
5585,2025-07-08,2893,37,14,11,362.75,40.69,
5588,2025-04-07,700,41,1,8,,,
5589,,600,68,12,1,374.72,49.77,64146.61
5590,2025-09-26,340,64,5,12,1674.82,364.31,
5592,2025-07-06,985,74,1,6,1009.21,,
5593,,15,32,1,6,1903.91,126.89,51832.2
5595,2025-09-22,1935,39,3,4,,122.47,63958.23
5597,2025-01-03,1915,16,13,9,1319.87,,62019.54
5598,2025-02-25,2086,4,4,6,,115.82,227247.21
5599,,624,15,10,1,1777.96,120.0,116904.39
5602,2025-06-25,713,39,15,3,943.2,146.38,
5605,2025-11-23,2468,54,3,6,959.66,,191812.49
5606,2025-07-12,1708,57,5,7,,205.28,237383.6
5608,2025-05-28,106,9,15,5,1783.28,267.08,
5609,2025-10-09,405,69,15,2,,155.83,56058.54
5611,2025-04-07,2402,74,13,2,1430.08,,37973.97
5613,2025-05-27,518,40,8,10,1729.5,321.5,
5615,,1683,57,9,3,0.0,,44374.53
5616,2025-11-29,2257,54,1,2,1015.08,161.77,
5619,2025-07-02,2624,59,7,10,838.56,,154466.88
5620,2026-02-01,63,72,5,4,1510.11,,160714.25
5621,2025-02-24,2542,23,13,2,1442.37,193.18,
5622,2025-01-22,1499,28,1,5,,178.28,45218.89
5626,,705,6,6,11,1554.15,138.29,175881.0
5628,,2403,3,11,11,1089.85,269.38,130595.71
5630,2025-07-22,2887,24,9,9,1986.52,,157056.6
5631,2025-02-07,1023,63,5,3,1969.96,319.86,
5632,2025-10-23,2802,13,5,1,,,
5635,2025-11-16,771,28,15,6,1499.79,,54030.51
5636,2025-12-16,2938,70,11,7,,32.78,11089.8
5638,2025-02-05,1933,51,12,12,99.9,,6993.56
5640,2025-03-11,1446,30,2,3,178.52,,6071.79
5641,2025-10-28,250,40,6,5,1805.85,382.6,
5643,2025-01-12,3687,22,1,7,805.86,,159810.97
5645,2026-01-04,38,4,15,2,963.91,72.32,
5647,2025-10-03,429,76,1,10,528.61,,84229.62
5650,2025-01-24,2307,38,14,11,62.7,,8575.29
5652,,1666,17,10,5,,151.9,324904.75
5653,2025-11-11,537,37,7,5,,232.43,74450.69
5655,2025-12-22,2315,10,5,9,807.11,,21124.08
5656,2025-10-26,1642,53,11,11,1390.84,141.53,
5657,,1201,61,1,3,1054.65,150.22,88499.06
5658,2025-11-18,718,32,9,2,,,104948.63
5659,,2500,5,10,11,505.98,60.41,45659.25
5661,2025-01-02,2177,2,6,7,1075.21,258.17,
5666,2025-08-21,2203,16,15,8,889.73,89.54,
5668,2025-10-07,3564,78,7,6,,225.56,48123.85
5669,2025-10-01,1365,48,11,11,1139.59,,194848.89
5671,2025-05-07,421,32,1,10,597.73,,55550.99
5675,2025-07-11,1445,26,10,7,1628.23,,231566.54
5676,2025-11-29,1796,5,1,3,1978.32,176.11,
5678,2025-05-11,2105,62,11,7,240.3,48.16,
5680,,2720,75,14,2,373.71,81.24,65210.56
5681,2025-04-28,1375,77,1,6,1725.81,,
5684,2026-01-06,479,26,11,7,1674.92,183.12,
5689,2025-09-08,413,23,10,9,,,
5691,2025-09-08,1833,40,6,8,,173.85,
5693,2025-04-19,414,7,6,7,1935.22,255.75,
5694,2025-10-16,2896,21,1,11,669.48,,57062.48
5695,2025-07-28,2826,28,3,3,1107.05,228.24,
5697,,2415,79,9,3,1253.22,,243143.0
5698,2025-03-12,1838,34,9,11,1370.25,,58632.4
5699,2025-07-28,2433,56,9,4,,49.39,29859.68
5701,2026-01-29,1439,23,9,1,253.31,53.28,
5703,2025-05-14,2498,75,7,7,,354.24,217380.45
5704,,2260,30,10,1,,64.41,89218.57
5708,,1011,23,5,4,,143.96,245315.17
5710,,746,19,7,6,1791.91,407.33,
5716,2025-03-21,2887,59,5,11,1014.58,,164913.11
5717,2025-04-15,2155,31,4,4,1164.06,160.84,
5718,2025-06-01,125,74,1,3,,,
5719,2025-01-12,2580,8,2,5,,77.04,59788.84
5722,2025-07-12,891,55,5,4,683.34,,65472.66
5724,2025-06-19,2112,35,12,3,,,
5725,,1631,36,14,7,1730.23,168.38,307547.51
5730,2025-05-08,2761,8,1,9,1563.88,356.96,
5732,2025-03-04,1938,2,6,11,,284.32,246001.53
5734,2025-10-15,2784,66,8,5,340.39,,23247.91
5735,2025-12-10,1982,46,1,9,275.47,35.77,
5737,,290,9,13,7,1365.5,,217197.41
5742,2026-02-01,113,23,5,4,626.56,35.29,
5747,2025-09-29,2245,57,1,4,1759.08,387.22,
5748,2025-01-24,996,26,13,2,,96.69,
5750,,2038,64,7,6,1104.34,56.86,67505.71
5752,2025-03-30,823,25,14,10,1402.88,91.84,
5754,2025-10-11,1617,69,11,3,,237.57,242557.51
5755,2025-11-07,1890,25,15,7,577.03,84.37,
5756,2025-07-02,2295,16,1,9,1997.65,242.32,
5759,2026-02-02,2394,33,9,12,,309.87,105778.99
5760,,2920,27,1,5,,9.74,4570.57
5761,2025-01-16,594,77,5,6,1010.44,,131897.94
5763,2025-08-13,464,80,12,8,573.93,,78312.12
5765,,556,53,4,8,1753.71,260.81,121758.86
5768,2025-04-09,608,71,8,8,66.15,12.41,
5770,2025-03-07,1338,53,3,7,,112.87,119033.63
5772,2025-05-01,1432,78,4,3,,237.24,
5775,2025-05-21,2204,68,6,8,,127.15,71655.48
5776,,2819,34,2,5,957.18,199.55,73554.2
5777,,469,59,6,2,,86.91,71925.66
5778,2025-06-18,2411,12,11,8,1026.65,110.23,
5779,,481,31,4,7,265.45,46.42,38092.74
5780,2025-07-16,1378,60,1,4,411.98,,14996.28
5781,2025-07-30,2450,17,13,9,,26.39,5454.27
5782,2025-07-11,930,44,15,4,,82.46,
5786,2025-04-20,340,48,4,11,,314.6,82123.36
5787,2026-02-05,1178,68,15,11,1721.3,,289382.41
5789,,1552,17,9,8,951.29,68.76,131305.99
5791,,1010,73,6,12,,309.35,236528.05
5794,2025-09-19,626,16,6,2,1585.67,,
5796,2025-12-09,726,39,9,11,1174.98,167.97,
5797,2025-07-15,2338,69,5,12,1297.39,,243414.26
5798,2025-08-31,1528,70,9,6,752.42,,135594.91
5799,2025-12-02,1151,18,10,10,1634.64,,176034.16
5801,2026-02-19,526,11,3,3,,,
5802,2025-06-11,1413,1,9,7,,,47397.44
5804,2025-02-13,1234,77,9,5,375.85,,43752.44
5805,2025-09-17,849,35,13,8,488.21,108.99,
5806,2025-08-14,1134,8,14,3,1319.22,,194354.99
5807,2025-10-05,1548,65,13,12,1411.12,,92289.42
5809,2025-01-11,878,54,9,2,620.39,,42467.38
5812,2025-03-13,451,41,8,2,,63.65,103525.55
5814,2025-12-31,2787,20,12,4,1796.86,,260459.48
5816,,2688,63,12,5,636.29,100.0,59544.09
5818,2025-04-27,1580,19,6,4,,137.18,91507.68
5819,2025-10-08,1324,76,10,2,850.5,,141270.33
5821,2025-02-24,1023,35,9,4,,53.55,
5823,2025-04-27,478,40,1,9,309.76,67.22,
5825,2025-02-15,581,22,6,2,,13.93,14284.53
5827,2025-11-13,224,56,8,9,,,40935.49
5829,2025-04-20,1021,67,12,10,1827.47,,112983.27
5832,2025-07-27,539,58,11,12,,,132136.21
5834,2025-10-12,1150,32,15,6,50.92,,
5836,2025-05-28,2280,29,14,11,,113.21,71313.05
5837,2025-08-21,2348,37,13,7,1034.31,169.92,
5838,,2507,76,6,3,621.99,31.87,26144.44
5840,2025-07-10,883,64,6,9,,58.55,47150.22
5842,2025-08-02,968,28,11,10,507.15,121.4,
5843,2025-08-23,2695,40,2,1,,,189381.05
5851,2025-03-09,2568,63,13,12,-628.36,,96797.91
5853,2025-11-26,455,25,13,11,1222.69,,59674.94
5855,2025-06-28,1416,39,1,6,,122.92,74340.31
5856,,812,12,7,1,1442.31,316.63,
5857,,1908,18,10,6,1492.8,214.96,
5861,2025-11-16,2035,66,10,11,813.24,,
5864,2025-09-28,1948,65,15,7,1415.61,77.83,
5865,2025-08-15,636,7,7,12,,77.63,
5867,,2801,29,4,8,960.25,151.86,
5868,2025-02-03,66,35,15,12,470.27,,20840.91
5870,2025-08-08,1038,23,11,10,0.0,248.0,
5871,2025-03-28,2366,3,1,10,161.2,11.48,
5872,2025-04-14,2672,73,5,12,551.3,80.25,
5878,2025-12-01,2865,22,1,10,568.7,69.94,
5880,,1371,48,6,9,1703.1,285.74,184151.13
5882,2025-05-10,1823,74,1,8,-181.44,,15590.08
5884,2026-02-01,1514,60,1,3,478.98,,45232.81
5885,2026-01-28,2075,77,2,7,1725.75,,231088.61
5886,,1462,54,8,4,1822.58,197.4,94822.0
5887,2025-04-05,2769,35,9,9,,66.59,83294.9
5892,2025-06-27,965,56,5,3,1459.72,,80937.53
5895,,189,69,3,11,435.47,54.22,81242.73
5897,2025-04-09,2181,57,11,6,,222.48,65393.15
5898,2025-11-24,629,13,10,8,1947.21,,312247.94
5899,2025-02-04,2525,49,5,5,,62.37,72935.92
5901,2025-12-11,346,54,15,10,799.36,,133955.26
5902,2025-12-28,344,64,3,4,795.83,,
5903,2025-04-07,1636,68,15,2,573.03,60.33,
5910,2026-01-25,567,29,4,1,888.34,,
5915,2025-11-09,55,68,9,10,1974.64,,96623.22
5916,2025-08-06,2000,13,15,1,,60.3,42782.29
5917,2025-10-19,498,100,8,11,518.34,54.42,
5918,2025-01-14,3720,37,7,8,178.4,26.89,
5920,2025-04-23,712,32,14,7,,273.1,70926.4
5921,2025-07-25,1854,67,9,7,436.25,,17818.81
5922,2025-08-17,2547,2,3,1,,387.98,152401.66
5924,2025-08-23,462,62,5,12,677.67,66.86,
5927,2025-09-08,770,30,10,2,,62.13,26573.6
5928,2025-04-05,2874,48,3,10,340.0,,59664.22
5929,2025-08-21,1236,20,6,6,1169.09,,
5930,2025-06-10,2595,31,5,12,297.02,,40850.75
5931,2025-05-12,293,30,13,12,891.53,,27601.4
5932,2025-03-02,1174,41,5,9,,29.14,
5933,2025-11-09,216,70,15,8,1719.24,,
5935,2025-09-16,2056,27,12,10,482.97,,
5936,2025-05-25,976,49,10,8,427.06,65.46,
5937,2025-07-02,1887,59,4,5,231.98,,21307.98
5939,2026-01-04,2281,1,5,2,,163.74,
5942,2025-08-10,2150,61,11,6,715.67,,75269.06
5943,2025-05-30,692,34,2,7,427.34,76.9,
5944,2025-02-20,2261,14,4,11,105.36,,
5945,2025-10-01,2804,27,10,8,537.21,60.47,
5946,2025-11-01,2322,52,6,1,,52.23,
5947,2025-10-05,3760,65,5,4,,,45370.72
5949,2025-02-28,156,48,14,10,,34.84,62543.52
5950,,2349,43,4,10,-1153.26,156.62,223674.5
5953,,1183,79,10,9,1642.59,,
5954,2025-10-31,2893,77,7,9,,13.02,2724.29
5957,2025-09-22,378,78,14,5,,106.14,
5959,2025-07-21,2479,23,4,10,,,280208.19
5960,2025-07-19,971,18,9,1,1509.91,325.45,
5961,2025-06-23,353,58,7,7,528.53,,65739.62
5963,2025-10-09,1334,42,7,2,,,
5967,2025-11-06,607,55,3,3,1640.14,,64164.83
5969,2025-10-31,1773,70,14,10,136.86,29.35,
5972,2025-01-06,1161,44,6,2,,85.29,110588.98
5973,2025-10-15,551,51,9,10,,176.3,271163.73
5975,2025-01-22,1973,40,10,6,1683.47,,250549.39
5980,2025-06-21,1498,69,13,7,,,25967.44
5981,2025-11-11,1773,26,12,10,147.4,,14291.24
5982,2025-10-03,317,42,6,2,1598.8,,
5985,,2236,44,8,9,,307.22,192846.79
5986,2025-06-08,1573,29,10,9,1745.95,,136648.07
5987,2026-01-19,1578,15,9,2,849.57,149.69,
5990,2025-02-04,1058,74,5,10,1494.13,187.64,
5991,2025-07-15,2642,68,15,4,,134.22,
5993,2025-08-04,807,34,5,8,1984.76,,288022.32
5994,2025-09-26,2121,20,10,9,,282.09,104792.19
5996,2025-08-22,479,17,5,11,,97.88,202530.12
5998,,1419,21,5,10,1232.55,221.47,
6000,,923,62,4,9,57.48,,7113.31
6001,2025-07-19,984,40,7,11,1508.29,,170849.24
6002,2025-09-23,723,76,2,8,1639.24,405.05,
6004,2026-02-17,2673,4,11,4,1088.24,,27832.44
6005,2025-10-30,672,69,6,4,,,
6007,2025-11-09,2973,4,13,6,1227.75,,177856.22
6009,2026-01-18,598,29,13,12,,369.97,299423.41
6010,2026-02-15,1942,50,11,4,,,9338.14
6011,2026-02-07,826,15,7,10,,,298845.24
6015,2025-07-17,832,7,12,10,514.25,,
6020,,754,37,7,10,1456.72,315.62,112655.21
6023,2026-02-07,163,22,3,1,1261.72,,69816.51
6025,,1321,39,4,11,764.73,152.79,27484.7
6029,2025-07-08,2758,118,14,11,961.1,115.12,
6030,2025-01-01,1042,25,2,5,,,52901.38
6032,2025-04-08,1989,60,5,3,,,117593.08
6034,2025-04-15,2651,53,11,11,471.29,47.9,
6035,,1306,37,2,6,226.29,53.04,
6037,2025-03-17,2222,57,13,8,1834.03,,312520.5
6039,,298,66,5,10,,69.24,
6040,,2535,43,12,5,1909.49,190.48,90940.11
6041,,1356,69,3,11,-821.1,83.27,150580.51
6042,,466,26,3,8,1282.73,102.19,67452.38
6043,2025-10-02,1097,24,15,5,1091.84,,
6044,2025-01-22,1283,23,4,9,,176.85,87006.51
6046,2026-01-29,2181,6,11,8,1185.44,91.66,
6047,,2751,17,15,11,1880.92,110.74,101536.4
6049,2025-10-25,447,74,15,10,,,50542.14
6050,2025-07-02,1699,12,8,1,1325.64,,237812.66
6052,2025-07-30,662,69,13,11,1131.9,77.63,
6058,2025-09-10,2888,5,1,11,,,79349.69
6059,2026-01-06,2341,25,10,2,386.02,,
6061,2025-03-20,434,51,10,10,1544.77,,242678.97
6062,2025-05-12,2019,4,10,4,1123.06,,
6065,2025-07-23,2058,39,2,1,476.67,,57750.01
6066,2025-01-16,660,58,6,3,,67.41,90366.24
6067,,122,48,11,11,993.19,88.17,
6069,2025-06-03,2210,80,2,8,,,347731.7
6070,2025-06-11,2757,53,5,1,163.07,34.55,
6071,2025-10-25,2931,60,13,7,224.42,,16668.99
6075,,1762,20,7,10,,,
6076,2025-07-15,1574,19,5,12,222.68,,40421.78
6078,2025-05-13,1897,55,4,12,634.17,,113757.85
6082,2025-04-16,633,35,5,3,1710.72,,
6084,2025-12-06,606,11,4,6,,,102379.55
6088,2026-01-20,297,14,7,9,,82.0,16851.14
6090,2026-01-30,743,12,15,12,1242.06,,132444.25
6095,,2666,7,14,2,,360.13,221002.68
6097,2026-02-02,1957,45,3,5,1640.51,,46738.94
6098,,1426,58,10,2,1598.13,362.8,75332.58
6099,2025-06-20,1152,39,3,10,,73.59,103352.42
6104,2025-11-10,716,49,11,1,1936.56,282.9,
6106,2026-01-06,2678,25,13,1,,2355.31,328144.02
6107,2025-05-08,3626,47,4,6,,167.77,57116.32
6110,,133,69,15,9,264.32,,
6111,,2052,50,3,3,,80.61,90006.51
6113,2025-09-21,2605,30,4,12,1988.07,,
6116,2025-07-06,1371,33,11,9,207.81,33.65,
6118,2025-03-14,1173,30,11,5,1699.07,,204314.37
6120,2025-04-15,1255,100,15,5,1760.92,232.1,
6121,2025-04-10,2939,4,4,12,,89.78,60519.18
6123,2025-09-15,2964,47,7,1,,,260973.31
6125,2025-06-28,1831,35,4,4,292.15,57.64,
6126,,492,3,8,1,1702.48,189.15,261905.67
6128,2025-01-14,2613,49,6,6,,14.73,29222.29
6130,,412,19,4,11,532.15,,
6136,2025-11-13,311,63,2,2,92.37,,
6140,2025-02-08,795,36,6,6,959.01,,96401.97
6144,,984,7,10,4,510.92,,18945.89
6146,2025-04-14,1175,34,12,12,520.75,,
6147,2025-06-11,127,77,13,2,,146.75,73359.95
6149,,2616,72,3,12,840.03,208.06,151171.03
6150,2026-02-19,158,52,12,6,,,210060.08
6152,,631,17,15,6,1506.63,,86997.83
6153,2025-05-29,532,21,6,9,,,164414.45
6156,2025-09-06,2071,80,15,1,,2146.04,
6158,,346,58,9,8,1932.48,157.27,349293.6
6159,2025-10-26,2544,61,8,5,937.78,,37019.37
6160,2025-10-30,1238,51,11,4,1468.03,,226060.94
6161,2026-10-01,1646,40,8,9,1695.51,,
6163,,762,36,10,1,603.35,,78120.23
6164,2025-03-05,1528,47,10,10,,60.53,73466.33
6165,2025-12-31,1325,9,7,5,,38.14,37530.67
6167,2025-10-29,1245,27,15,7,1732.33,,290382.61
6168,2025-10-04,2023,26,5,11,384.04,90.25,
6169,,2038,16,5,9,950.35,89.51,148083.45
6171,2025-08-09,1973,35,12,8,,201.05,
6173,2025-03-02,717,10,14,9,,,27763.9
6174,2025-12-08,1570,30,4,7,1710.72,,227370.4
6176,2025-01-22,211,9,6,12,355.05,35.88,
6177,2025-06-13,435,41,1,5,,934.82,57861.2
6178,2025-12-23,1052,47,15,8,478.08,,12807.35
6179,,1568,112,6,7,822.48,125.59,98292.02
6180,2025-05-08,2211,68,15,2,1279.26,,61078.89
6181,2025-08-14,1609,57,12,9,,357.7,68089.36
6182,2025-04-17,2471,61,13,2,347.42,24.78,
6183,2025-10-01,894,29,11,3,895.85,,178323.46
6184,,348,37,5,5,,30.6,43954.51
6185,2025-01-09,458,10,3,8,1931.1,,251615.99
6189,2025-11-22,715,10,14,6,786.11,,103471.24
6194,2025-01-21,2473,1,15,2,,,191335.69
6195,2025-11-06,1968,12,3,1,506.12,42.86,
6196,2025-05-31,264,9,3,4,54.12,7.71,
6197,,159,53,15,9,305.18,64.97,17342.36
6198,2025-10-01,1021,65,1,3,1841.33,,228443.31
6199,2025-02-09,1302,45,2,9,,446.18,320597.38
6201,2025-03-27,2237,6,4,9,,97.67,
6204,2025-07-13,1849,41,10,1,,60.04,
6207,2025-08-24,371,41,4,10,1197.5,260.24,
6209,2025-03-07,772,5,1,7,,173.52,87150.79
6210,2025-12-31,1805,42,13,11,444.48,48.62,
6211,2025-01-27,2619,14,14,1,320.64,63.07,
6212,2025-08-17,2796,71,14,11,673.17,,39246.58
6214,2025-02-15,147,72,10,9,180.3,9.37,
6218,,2911,72,4,12,1765.71,262.84,
6223,2025-07-14,1525,14,7,11,749.55,84.69,
6224,,1802,17,4,9,,160.7,81513.17
6226,2025-04-06,830,30,11,8,,145.12,139975.55
6227,2025-02-14,2433,27,9,8,,209.31,194515.16
6229,2025-11-21,2781,41,14,5,,,194401.1
6231,2025-01-02,182,45,2,8,1706.44,,130860.36
6233,2025-01-18,1233,75,3,3,408.94,,66828.64
6242,,2907,35,10,2,,,83886.34
6243,2026-02-06,1645,2,5,10,,12.18,15087.88
6244,2025-11-24,2361,61,7,9,,181.07,231304.97
6247,2025-11-23,176,10,6,11,1020.26,,96054.69
6249,2025-12-03,1912,39,15,4,1331.71,319.2,
6251,2025-03-17,1142,16,5,4,1201.29,,160920.36
6252,2025-12-11,542,27,14,11,535.56,,
6253,,122,79,2,5,,373.64,327279.69
6254,2025-05-21,1851,21,15,2,583.95,72.08,
6255,2025-01-20,2179,67,11,12,390.68,,
6261,2026-02-01,147,76,15,3,966.04,1527.15,
6262,2025-03-13,210,67,2,6,,,79482.54
6264,2025-12-13,1686,22,14,12,1218.07,71.79,
6268,2026-01-22,448,14,1,7,1680.53,,250169.76
6273,2025-09-12,867,12,3,8,1494.25,103.08,
6274,2025-07-31,369,27,15,12,1065.23,,103340.21
6275,2025-08-17,2099,37,4,6,635.4,,
6276,2025-06-05,245,39,8,3,,406.73,327421.5
6277,,1022,59,5,11,149.24,25.57,14762.21
6278,2025-03-23,1797,39,1,7,190.15,33.04,
6281,2025-08-19,1455,2,3,6,,20.92,70427.81
6282,2025-08-21,926,53,6,1,,317.2,199938.12
6285,2025-02-20,761,25,8,7,444.95,,59998.14
6288,,1873,30,12,7,,,155410.72
6292,2025-03-22,2399,13,5,7,467.71,,17192.68
6293,2025-11-07,2193,59,10,7,220.43,,8164.23
6294,2025-07-01,1580,5,11,4,1009.67,,70260.89
6295,2025-05-04,1594,54,5,4,,312.85,158409.63
6297,2025-12-31,2939,34,10,12,1777.96,1961.78,
6298,2025-03-26,447,29,7,2,189.65,,
6299,2026-02-08,1969,61,12,9,789.41,,149119.61
6300,2025-01-11,2128,30,13,3,1615.2,2151.45,
6305,2025-08-19,1933,51,15,3,291.87,,27174.24
6307,2025-05-17,497,18,8,4,,739.41,37897.82
6308,,1854,10,1,8,1498.53,204.68,190222.41
6309,2025-12-01,2279,79,7,9,,79.83,100702.23
6312,2025-03-03,270,65,3,9,1382.82,,36531.55
6313,2025-12-13,2507,40,7,5,1563.65,309.97,
6315,2025-03-30,2805,7,4,8,,,27123.71
6316,,2008,74,10,2,488.8,51.91,20087.52
6317,2025-10-11,1938,42,1,6,1235.71,,209654.55
6318,,1820,60,5,8,1820.14,333.53,171637.45
6320,2025-06-15,1019,46,13,7,521.9,,40848.88
6321,2026-01-16,1815,42,5,1,59.23,,3548.92
6322,2025-06-28,2550,43,13,9,,133.59,168835.53
6323,2025-06-22,677,50,1,8,704.68,136.73,
6325,2026-02-19,2087,29,15,3,1013.03,,196376.1
6328,2025-10-01,787,70,13,11,1328.98,275.19,
6330,,475,14,14,11,864.54,,88599.37
6331,,377,69,8,6,1174.3,148.88,59538.77
6334,2025-03-14,1731,22,5,1,,32.25,18935.55
6335,2025-03-08,1020,59,13,11,,34.26,28284.26
6336,2025-05-08,2874,60,8,6,204.86,44.05,
6341,2026-01-17,1381,38,13,11,,216.76,45777.84
6344,,359,38,6,11,,66.04,
6345,2025-11-13,116,5,8,4,1446.59,275.17,
6346,2025-06-05,258,58,3,7,177.6,,
6347,,2915,38,4,8,609.87,,89759.75
6348,,1785,65,8,6,592.02,59.13,102087.75
6351,2025-09-20,130,22,10,3,1988.94,295.86,
6352,,1113,49,15,6,793.7,172.14,50943.06
6353,2025-05-03,1299,43,12,9,1387.81,,44919.93
6355,2025-09-20,201,10,13,4,1198.08,,202559.75
6360,2025-12-18,2395,77,14,2,,199.23,175347.84
6362,2025-10-19,580,64,15,4,286.11,,
6366,2025-12-07,1102,11,1,12,1113.17,108.92,
6367,2025-10-04,1158,10,6,4,890.22,,172624.54
6369,2025-01-07,2078,28,6,10,959.41,108.8,
6371,2025-09-18,771,14,3,12,896.02,,118699.33
6372,2025-02-24,1499,44,11,9,1964.15,167.95,
6374,2026-01-26,377,38,7,8,203.15,44.39,
6375,2025-10-26,2507,59,9,2,1149.94,285.04,
6377,2025-03-22,115,41,12,11,,47.93,25512.32
6379,2025-06-12,2128,12,15,8,1924.83,351.78,
6380,,1601,20,5,4,1090.59,228.81,56805.96
6382,2025-06-03,70,57,2,12,,28.89,
6384,2025-01-19,21,37,7,2,955.08,141.33,
6386,2026-01-10,500,11,6,5,61.2,5.86,
6389,,1369,23,8,7,,183.41,
6391,2026-05-01,2302,43,8,1,1582.25,,189600.23
6392,2025-07-16,1524,65,12,5,240.36,,23776.76
6394,,2729,16,2,12,138.06,29.35,13617.37
6398,2025-05-05,669,45,1,2,,,
6401,2025-02-19,2943,33,10,1,,132.56,92826.63
6402,2025-11-14,567,57,9,2,684.46,,68401.09
6403,2025-10-28,2644,77,14,4,,274.43,306763.96
6405,2025-09-22,1239,6,4,5,,,85243.6
6410,,1801,38,11,9,,343.78,253548.91
6412,2025-10-02,346,39,2,4,,235.43,99460.79
6414,2025-10-20,1561,1,7,7,1497.23,330.59,
6415,2025-08-19,871,28,6,8,,196.62,79614.61
6419,2026-02-18,574,78,10,8,1418.85,133.68,
6421,2025-03-15,3540,5,4,1,945.34,51.74,
6423,2025-10-16,316,70,11,6,,159.39,74694.57
6427,,1827,22,6,10,1538.93,337.79,201699.65
6429,2025-12-25,2460,8,2,11,713.32,,120956.59
6430,2025-11-10,1129,61,6,8,,325.47,252749.78
6432,,1026,5,6,6,,6.26,14455.31
6433,,1377,40,11,9,1418.79,,220581.01
6437,2025-01-07,2048,31,3,5,1455.06,,250617.45
6439,2025-01-03,2909,32,14,6,1551.32,,119414.24
6443,2026-01-26,327,40,5,3,,289.66,39327.34
6446,,2622,8,8,3,454.71,,59551.12
6447,2025-11-07,2573,31,1,1,,,193525.12
6448,2025-01-20,87,64,5,10,442.51,,54188.55
6452,,1158,68,2,8,,,39680.41
6453,2025-01-26,594,79,2,3,,57.85,13326.95
6455,2025-04-04,1180,35,9,4,685.04,,
6456,2025-05-21,377,26,13,1,,,9003.77
6457,2025-07-13,1309,10,7,4,,36.54,
6461,2025-05-31,1742,41,2,2,1582.69,,42255.99
6464,2025-01-06,1854,3,10,2,,234.0,101249.3
6465,2025-11-02,1048,2,7,1,1126.87,,41803.59
6469,2025-12-04,1551,61,15,5,1120.95,,27316.67
6473,2025-09-25,2747,22,12,1,337.77,24.54,
6476,2026-02-19,1303,22,9,6,1280.14,,239150.15
6477,2025-01-01,1688,53,4,5,1182.98,,97298.56
6478,2025-10-18,1473,21,13,5,,72.92,49506.72
6479,2025-03-27,1398,3,7,8,,,179644.68
6480,2025-03-11,3799,64,12,9,,,293449.39
6482,2025-06-28,976,38,11,7,,195.58,121356.82
6484,,1588,19,7,7,1820.93,321.29,208705.96
6488,2026-08-02,1913,57,1,2,,96.96,
6490,2025-10-14,2283,76,2,2,,178.95,186681.91
6493,2025-05-04,1907,41,11,2,,,313901.36
6494,2025-10-09,973,56,5,10,870.55,,105440.83
6497,2025-07-16,1789,64,1,10,1811.43,213.14,
6499,2025-01-06,1781,76,2,2,,226.59,88893.56
6500,2025-09-24,1674,42,6,11,1009.68,,87962.16
6502,2025-07-27,2796,36,13,3,,50.25,
6503,2026-01-01,615,80,11,5,511.41,35.39,
6506,2025-11-30,1531,79,8,7,,49.42,53632.79
6507,2025-10-12,1857,74,10,1,,,210397.65
6508,2025-06-25,112,19,1,12,,51.42,39842.49
6509,2025-03-25,2252,79,6,7,,111.44,39360.7
6510,2025-02-28,1572,17,12,5,,83.24,41399.52
6512,2025-12-25,365,23,15,6,1337.83,118.28,
6513,2025-11-22,1680,4,8,9,626.38,,114457.52
6515,2025-06-01,2448,46,2,1,,140.99,
6516,2025-09-21,2897,26,6,2,,141.85,155047.98
6519,2025-06-11,1940,80,4,3,,196.39,148132.45
6520,2025-06-26,2341,47,15,11,,13.94,35625.24
6522,2025-09-22,100,28,9,8,1512.17,,195963.19
6525,2025-06-25,1556,77,3,4,1753.28,,272565.7
6526,2025-05-26,2697,53,2,3,,134.09,96704.63
6528,2025-06-11,1455,53,14,6,,79.95,7785.54
6529,2025-02-20,2967,30,9,1,,52.8,52281.83
6532,2026-02-16,2346,15,14,12,,16.24,
6536,2025-04-09,763,76,5,1,57.32,,9449.12
6539,2025-04-06,2821,60,13,12,,186.44,204327.63
6540,2026-01-13,1212,4,10,3,1172.53,137.34,
6544,2025-10-19,1299,47,8,2,1451.42,,60507.02
6545,2025-12-06,2502,50,13,2,1071.25,124.35,
6547,2025-05-13,935,77,13,2,,94.17,87744.85
6549,2025-12-10,2007,67,13,6,,,96076.87
6551,2025-04-14,725,78,12,4,,216.22,45275.35
6557,2025-01-30,1852,61,6,11,753.42,,
6559,,1699,74,3,1,1497.32,361.15,204870.29
6560,2025-05-22,762,52,6,3,930.11,229.47,
6562,2025-06-26,1645,1,1,9,,46.0,159696.58
6564,2025-11-10,303,74,8,1,1613.11,,97705.52
6565,,2437,35,10,1,1475.32,81.52,166297.45
6567,2025-08-05,142,35,12,9,-891.98,,159249.05
6571,,2690,19,14,1,567.31,,28579.5
6573,,64,30,8,4,246.06,,42442.47
6574,,1474,77,13,2,713.23,86.38,73232.13
6575,2025-07-03,182,35,7,10,,393.95,173799.04
6578,,825,69,11,1,780.06,152.01,
6580,2025-07-02,174,63,9,12,,,
6582,2025-03-26,2196,25,1,3,581.91,69.88,
6584,2025-11-26,777,40,11,10,981.55,58.31,
6585,,1512,55,5,11,1951.79,119.79,308214.94
6586,,1281,19,5,4,453.72,72.36,89187.81
6587,,284,21,4,9,1705.26,179.03,
6588,2026-01-24,114,9,15,11,,136.29,57926.32
6589,,2650,57,15,4,1775.84,175.35,183720.86
6590,2025-03-20,2885,23,15,4,,172.73,
6591,2025-03-19,8,9,2,4,113.14,8.51,
6592,2025-12-07,269,41,6,7,539.59,,
6595,2025-05-01,1006,32,11,4,1501.95,,164268.34
6597,,2531,57,10,8,750.2,52.93,28856.34
6598,2025-07-01,2628,6,1,12,,140.01,55074.15
6600,2025-07-22,174,48,1,12,773.53,,74847.92
6602,2025-01-25,2677,24,14,11,1160.73,,155868.41
6603,2025-08-14,1831,35,8,3,1746.91,,220450.16
6604,2025-11-10,2324,21,11,10,,208.13,147673.19
6606,2025-02-17,970,49,2,10,127.41,26.96,
6607,2025-09-10,2400,29,8,9,,90.43,
6610,2025-10-28,2018,28,9,5,789.11,97.05,
6612,2026-01-20,897,76,14,7,,23.87,28407.96
6614,2025-01-31,1573,1,7,7,,,296910.66
6615,2025-02-27,2914,104,15,1,,73.88,
6618,2025-12-19,2561,68,10,6,,,314917.24
6619,2025-08-04,1867,46,15,11,564.44,98.42,
6620,2026-01-08,2477,9,2,10,,226.35,54249.96
6622,2025-09-20,1016,58,11,4,652.38,,125400.15
6623,2025-04-13,421,29,10,11,179.8,,7346.06
6624,2025-04-13,1910,31,12,4,357.4,,12203.36
6626,2025-10-10,476,50,13,9,1600.73,393.26,
6628,2025-11-17,2263,45,4,11,994.62,,163695.97
6629,2025-04-28,1609,16,7,4,576.3,79.15,
6633,2025-11-01,522,9,5,2,836.73,,
6634,2025-01-03,1823,60,6,4,1963.71,153.59,
6635,2025-11-09,572,15,15,4,686.18,143.37,
6636,2025-09-12,2579,5,10,6,,201.91,49430.34
6637,,1252,52,5,3,1915.94,192.32,178184.91
6638,,415,39,12,9,1349.01,,
6639,2025-11-08,2849,73,13,4,1320.62,,141790.65
6640,2025-01-17,880,18,5,11,1332.52,170.08,
6642,2025-10-25,1501,57,7,11,,47.57,9334.42
6643,,2597,47,4,10,1026.39,197.97,
6646,2025-03-30,1650,32,13,5,,28.2,30458.1
6647,2025-08-06,2420,60,6,6,,,
6649,2025-09-22,1012,45,8,4,,99.64,165793.66
6650,2025-07-10,2154,17,15,3,,,224385.03
6653,2025-03-31,893,32,12,8,,70.97,14308.86
6654,2026-01-21,2103,7,6,2,75.48,10.16,
6655,2026-02-03,2923,69,15,1,687.14,157.04,
6657,2025-04-11,877,63,7,1,1815.25,,
6661,,209,46,15,9,279.89,39.46,7610.35
6663,,2177,97,15,2,1394.95,320.65,112915.18
6667,2026-10-02,1014,4,4,6,,,34922.31
6668,2025-05-02,2522,9,3,1,119.29,,16036.97
6669,2026-02-15,1365,1,5,6,,269.22,131017.47
6671,2026-01-23,2930,46,5,8,544.57,77.51,
6672,,512,76,10,11,1199.23,234.27,224240.51
6673,2026-02-14,949,69,1,9,703.24,41.82,
6675,2025-10-23,1924,45,12,12,1639.6,,
6676,2025-08-09,1168,12,10,2,,,40099.0
6677,2025-05-22,1011,37,9,1,,136.69,93124.53
6678,2025-01-04,1475,42,5,11,,26.55,22733.54
6679,,208,18,5,11,1809.13,232.91,
6680,2025-02-14,3712,43,12,2,437.99,,76907.31
6682,2025-06-14,2559,54,5,6,,51.11,27997.62
6683,2025-11-15,2327,49,12,10,1951.95,,388857.57
6689,2026-02-10,2117,2,13,9,,44.13,48076.62
6692,2025-09-03,107,14,9,11,536.21,,83030.04
6693,2025-05-12,2716,64,13,1,853.88,134.07,
6695,2025-04-18,2480,41,9,8,58.49,11.62,
6696,2026-01-25,2684,1,10,12,,72.29,101955.26
6697,2025-03-25,1429,26,11,12,,91.13,54372.68
6698,2025-05-22,814,69,15,3,,186.43,125871.21
6699,2026-01-05,756,14,6,6,322.9,,
6703,2025-02-27,1038,55,9,12,,32.64,63494.11
6708,2025-01-07,855,31,2,11,1696.04,,
6712,2025-03-20,882,3,12,5,1496.66,245.76,
6713,2025-02-28,927,16,7,9,1672.78,,
6714,2025-01-18,546,25,11,9,1666.48,226.96,
6715,,1203,24,10,9,1378.3,165.54,126621.64
6716,2025-12-31,1873,56,11,6,698.33,,27341.69
6717,2025-07-02,159,5,11,6,607.46,,55328.84
6719,2025-10-13,883,20,12,3,1093.68,206.67,
6721,2025-03-02,1373,66,5,12,1058.96,,
6725,2025-08-30,1179,10,5,2,1083.14,70.32,
6731,2025-08-20,1123,56,14,2,400.91,,23113.2
6736,2025-11-20,2246,37,1,5,1014.03,,65048.25
6737,2025-02-25,2237,2,4,1,716.41,,42480.83
6739,2025-12-09,1915,43,2,4,1667.94,,57135.45
6742,2025-02-03,89,8,13,3,,370.38,166634.47
6743,2025-04-10,2983,26,7,4,,297.19,
6744,2025-10-28,2933,47,8,11,1879.49,224.39,
6745,,623,16,2,1,1328.83,123.54,176593.55
6746,2025-09-27,3767,4,9,2,1395.3,,49418.53
6749,2025-08-21,816,74,6,3,529.68,,52473.45
6750,,1006,60,15,6,1300.66,,
6751,2025-10-18,1916,71,1,9,,273.16,
6752,2025-01-22,2324,53,3,12,,131.09,
6753,2026-01-17,315,10,10,9,,29.68,34210.07
6759,2025-09-18,2662,67,11,9,,,137463.85
6760,2025-05-09,1183,30,11,4,,182.1,207270.51
6761,2025-09-20,2845,51,5,1,,,57098.91
6762,2025-01-02,2542,45,7,12,982.18,136.8,
6763,2025-04-22,304,52,5,1,1250.77,,30032.69
6764,2025-06-13,2414,27,11,5,,164.3,30577.43
6765,2025-04-19,2650,28,3,1,1330.95,98.88,
6767,2025-04-19,304,35,7,6,,101.83,
6769,2025-03-14,899,48,2,1,996.78,243.46,
6770,2025-10-27,2251,78,15,2,,372.63,185632.06
6771,2025-10-07,2845,5,13,4,,,133223.19
6773,2025-11-18,911,7,11,2,65.21,,
6774,,1353,57,15,1,1272.0,264.65,
6775,2026-02-11,2730,31,11,1,,,17650.63
6779,,2014,44,4,2,1838.18,411.69,261423.03
6782,2025-12-26,504,45,1,12,,215.89,177066.06
6784,2025-06-16,699,45,15,11,,203.62,169898.78
6785,2025-03-21,1901,43,7,6,405.01,,73641.23
6789,2025-04-16,1842,4,12,7,1084.12,,
6790,,153,72,12,9,1582.86,308.04,312185.19
6792,2025-07-22,2693,41,9,7,1879.62,,72272.59
6794,,2526,43,1,12,283.53,,18381.07
6795,2025-05-10,588,38,2,7,1852.02,409.91,
6796,2025-01-03,989,5,4,3,,22.15,37060.72
6797,2025-05-03,2422,12,2,8,,149.55,139193.76
6798,2025-02-22,120,36,4,5,1982.22,200.98,
6799,2025-07-17,3633,76,12,9,902.15,,
6800,2026-01-20,653,55,9,3,,122.4,
6801,,702,20,12,1,,346.28,288239.73
6803,,2195,72,2,12,1326.88,87.09,183421.76
6805,2026-01-30,1018,32,15,5,343.53,53.55,
6807,2025-08-18,1193,4,8,10,1083.25,,174758.3
6808,2025-01-08,2694,60,6,6,1287.66,,70494.81
6813,2025-02-06,1560,6,8,11,1920.66,,69689.31
6814,2025-12-16,1185,15,3,12,423.19,87.28,
6817,2026-01-05,2326,46,2,12,1657.54,199.55,
6819,2025-09-10,995,56,8,8,1862.39,198.01,
6821,2025-10-22,818,10,2,1,,111.04,
6823,,2851,36,5,9,953.52,138.35,38586.34
6824,2025-04-12,2868,31,8,6,255.92,35.22,
6826,2025-03-01,1272,21,12,12,1617.0,,194786.49
6827,2025-10-11,342,78,7,11,,,177281.68
6829,2025-01-21,1305,22,11,1,1063.04,163.69,
6833,,1740,10,4,9,369.37,53.16,44458.88
6834,,2863,69,11,4,1723.07,,75030.97
6835,2025-12-21,1631,62,12,1,1185.21,125.68,
6837,2025-03-15,1403,6,13,3,,260.72,107287.9
6839,2025-09-07,199,4,11,11,,209.76,251781.72
6841,2025-12-10,1351,79,7,3,,20.58,3899.35
6842,2025-09-06,3877,67,1,3,249.8,35.58,
6845,2025-06-05,875,42,10,5,,301.8,179585.83
6846,,854,30,4,7,,,14403.23
6847,2025-12-10,2511,19,7,5,1401.96,,128967.62
6848,2026-01-26,1160,57,7,12,191.96,30.12,
6850,2025-12-03,421,63,7,10,,65.7,62996.47
6852,,293,12,2,1,956.57,79.44,181933.46
6853,2025-04-12,1528,21,10,3,1632.49,,178852.46
6854,2025-10-01,1373,33,4,1,1085.31,,
6855,2025-11-24,1553,26,12,8,614.54,57.69,
6857,2025-10-31,901,43,7,1,1738.02,,52730.88
6858,2025-06-11,204,29,14,12,1806.62,,59603.83
6861,2025-04-19,1041,31,13,1,,328.48,242413.59
6863,2025-03-16,2216,34,2,12,802.98,111.2,
6864,2026-02-10,1935,46,15,3,,2146.08,
6865,2025-08-20,538,31,14,9,,188.65,157479.78
6872,2025-10-15,2959,24,8,9,,,220642.39
6873,2025-09-21,273,33,15,12,775.99,69.77,
6874,2025-11-20,2988,58,3,3,,283.95,180586.18
6879,2025-01-13,2449,27,1,5,1107.02,58.52,
6880,2025-09-03,309,23,13,2,1454.4,154.72,
6883,2025-08-11,346,41,6,11,966.88,114.99,
6884,2025-05-12,1433,35,7,5,659.92,86.13,
6885,2025-09-07,2207,65,7,11,,,124479.67
6886,2025-09-16,2215,59,13,12,,335.93,137545.04
6887,2025-07-17,2880,37,13,3,-1987.61,,292045.79
6890,2025-05-11,726,28,4,9,116.34,12.1,
6895,2025-09-01,1053,50,9,10,,178.15,
6897,2025-04-13,2687,1,5,3,1855.16,173.5,
6898,2025-12-15,2039,21,15,1,661.1,,22819.32
6899,,2579,46,1,8,1713.64,178.96,
6900,2025-07-16,2847,43,14,3,,7.66,8656.13
6903,,2134,1,7,3,1791.43,381.83,352474.15
6907,2026-02-18,2937,26,6,8,389.76,35.47,
6909,2025-11-09,531,36,5,12,724.97,818.73,
6910,2025-04-05,669,70,11,12,1869.49,232.19,
6912,2025-01-26,1469,58,14,7,,191.22,
6913,2025-12-13,2211,24,2,4,,37.93,27799.54
6916,2026-01-04,279,15,8,6,1211.26,269.77,
6917,2026-02-06,1856,65,3,1,,17.43,7774.21
6918,2025-10-12,332,1,8,2,320.27,,12425.06
6919,2025-04-23,1503,12,6,8,1707.43,257.89,
6920,2025-12-21,1353,21,2,11,1015.33,,175485.5
6921,2026-01-16,465,62,2,3,394.75,,57049.46
6922,,1654,56,15,3,1136.56,1841.36,92567.48
6924,,688,65,13,3,-399.95,48.27,
6927,,2071,73,2,3,,291.84,
6928,2026-01-04,1001,3,9,8,574.27,,56266.43
6929,2025-11-21,1079,18,7,2,,,97547.09
6930,,2214,70,15,11,1503.47,332.22,171346.05
6932,2025-05-15,527,64,11,3,,144.6,204652.21
6933,2026-01-16,1563,70,12,2,853.73,,112351.12
6935,2025-01-26,1159,24,8,7,1089.56,,66059.49
6936,2025-01-20,1026,36,3,3,,,64124.74
6937,2025-04-22,1075,13,6,8,,283.34,188733.4
6938,2025-01-04,930,23,5,12,1786.73,420.49,
6940,,2808,64,8,5,,117.16,
6941,2025-03-04,2403,16,6,6,1859.95,,116323.0
6942,2025-08-30,348,62,1,4,1926.76,,54823.08
6943,2025-12-01,2380,16,13,9,1238.83,84.89,
6944,2025-01-27,1465,60,10,4,,309.2,41492.02
6946,2025-02-13,1186,57,13,11,1593.95,304.3,
6951,2025-08-11,955,43,3,12,,12.82,11124.43
6953,,591,57,14,9,1611.48,222.03,274697.67
6954,2025-02-03,1920,24,3,1,,275.84,51079.01
6956,2026-01-08,3522,64,5,12,1695.53,145.18,
6957,,1294,12,6,3,1390.15,311.98,45273.74
6963,2025-05-01,2483,65,13,2,1621.23,,221570.95
6965,2026-01-15,1680,29,9,2,1299.02,,237159.15
6968,,1583,43,6,4,,256.27,
6969,2026-01-27,677,25,2,4,871.71,,164318.46
6970,2025-02-02,1657,27,9,9,,299.73,169960.54
6971,2025-09-17,827,7,15,9,,227.59,163052.93
6972,2025-07-23,2577,29,13,7,234.73,,30991.49
6975,2025-04-01,2161,14,14,10,98.74,,4435.82
6976,2025-09-03,1129,79,5,1,1687.23,208.66,
6977,,639,1,10,1,1887.47,277.14,129271.46
6978,2026-02-20,1754,35,2,5,783.84,67.45,
6983,2025-05-28,895,34,11,9,,298.03,248868.98
6984,2025-12-13,1368,33,10,4,1657.17,326.87,
6985,,882,67,11,6,869.54,,
6987,2025-02-15,365,53,13,12,246.41,51.69,
6990,2025-06-05,223,64,3,5,650.38,105.29,
6992,2025-10-04,861,71,5,11,,287.08,
6995,,2868,46,5,9,,,
7005,2025-01-06,2234,27,13,10,589.7,,83124.55
7010,2025-10-14,2783,31,1,4,,97.89,92490.53
7012,2025-02-06,2953,29,1,6,,9.65,3907.23
7015,2025-03-17,328,13,10,12,701.79,62.06,
7016,2025-09-09,2728,65,11,2,,197.61,33700.87
7017,2025-11-22,532,36,10,10,1338.31,154.64,
7018,2025-05-21,2277,79,4,7,496.91,66.33,
7019,2025-10-31,1643,57,13,3,,,105231.42
7020,2025-06-27,816,28,12,1,420.96,56.62,
7021,,1167,7,10,3,975.69,,165047.58
7023,2025-01-27,3666,62,15,2,1392.41,,70643.02
7024,,2906,59,1,4,662.8,135.21,80120.34
7026,,924,1,12,7,178.07,9.87,14545.86
7028,2026-02-12,1980,49,4,4,1708.24,,220708.78
7030,,583,57,14,3,983.03,113.52,123551.24
7033,2025-02-01,190,40,5,6,,,30923.63
7034,2025-04-20,281,21,3,8,893.17,,165266.64
7035,2025-09-23,419,48,13,8,1049.37,,25564.46
7037,2025-04-19,100,3,12,1,1829.07,,143797.53
7038,2025-01-31,3686,61,13,1,,135.63,87646.11
7040,2025-12-24,2174,59,3,8,,90.24,
7048,2025-12-31,2802,95,12,3,701.29,129.68,
7049,2025-12-13,1588,73,4,10,,224.13,74594.01
7051,,2409,61,15,1,149.39,,9016.6
7053,2025-06-16,1814,57,8,7,802.29,,77536.49
7054,2025-06-16,193,8,10,5,,240.17,96541.08
7055,2025-09-18,767,27,1,11,,,30544.72
7056,2025-04-30,2324,48,15,3,1092.94,80.05,
7057,2025-10-11,1717,35,3,8,1811.5,174.07,
7058,2025-03-16,2963,35,4,2,,146.89,70367.97
7059,2025-04-12,2631,76,11,7,524.52,51.5,
7060,2025-03-11,1695,3,8,2,,194.89,65836.32
7064,2025-03-03,2144,103,4,8,,,8255.22
7069,2026-01-05,1737,42,7,11,,76.38,98453.53
7072,2025-02-19,1385,42,3,3,,90.77,51337.17
7074,2025-09-26,763,65,11,5,958.76,87.15,
7076,2025-03-11,964,15,1,4,1833.83,,252665.87
7077,2025-08-13,2391,22,14,7,1628.61,343.63,
7084,2025-11-06,232,53,9,11,1989.73,481.68,
7085,2025-12-24,2180,55,3,11,731.27,73.14,
7086,2025-12-03,702,24,4,9,342.71,55.68,
7089,2025-07-17,2726,75,6,9,710.74,,94602.29
7092,2025-04-20,1389,56,14,8,1348.39,,102767.79
7096,2025-12-28,1196,55,4,7,501.37,98.17,
7106,,2964,70,1,8,479.34,50.08,
7108,2025-10-07,205,67,13,11,1067.85,,
7109,2025-12-23,1504,77,13,2,224.89,46.08,
7112,2025-10-24,2466,26,7,5,674.33,95.04,
7113,2025-07-05,2111,76,15,11,,292.12,123484.67
7114,2026-04-02,637,68,2,6,,179.54,
7115,2025-12-13,78,69,12,1,592.81,130.72,
7117,2025-03-20,1862,103,4,2,608.09,90.59,
7125,2025-03-20,2599,60,2,10,401.07,,54114.32
7131,,574,4,1,1,339.41,80.22,50862.37
7133,,1004,18,5,4,,234.34,38375.77
7141,2025-11-18,2663,59,11,11,1980.41,406.34,
7142,2025-06-13,969,72,10,3,365.78,40.87,
7143,,1742,38,5,12,127.49,6.39,19858.75
7144,2025-03-10,131,66,5,7,561.51,,94161.49
7145,2025-03-02,539,32,1,8,806.25,,138727.1
7146,2026-01-30,2578,75,12,5,,,
7147,2025-11-12,303,56,15,2,1408.44,,
7148,2025-02-14,994,80,1,2,,318.91,
7153,,246,45,5,9,274.79,66.34,6664.62
7155,,1238,59,3,6,588.28,88.02,94036.0
7156,2025-03-06,1094,71,12,8,941.62,,157560.12
7157,2026-01-09,2531,66,9,6,906.37,217.79,
7158,,86,2,5,10,775.23,171.66,
7160,2026-02-01,2223,67,12,5,1423.79,,150646.27
7163,2025-08-12,2452,62,8,9,1175.72,,116027.65
7164,2025-05-13,191,39,13,10,1417.52,283.95,
7165,,1150,48,10,4,168.01,39.42,
7168,2025-10-09,1482,24,10,12,,,25420.85
7170,2026-01-15,928,5,7,8,,250.06,62669.99
7171,2025-04-09,403,52,9,4,,64.46,137874.83
7172,2025-10-24,1425,26,3,5,532.04,,60483.16
7176,2025-07-29,1361,22,6,10,1957.43,,230747.05
7180,2025-12-25,217,7,8,2,1059.56,,189569.15
7181,2025-04-12,2203,24,14,4,,290.62,162134.44
7182,,672,30,5,11,412.33,30.58,36985.02
7183,2025-10-24,2675,25,9,12,850.67,,79625.77
7184,2025-07-31,2496,2,14,9,,57.39,37479.22
7185,2025-06-11,1193,33,4,10,1484.06,,149180.33
7187,2025-11-28,1261,52,2,1,946.73,199.87,
7188,,2518,39,9,5,1590.34,212.31,306432.57
7192,2025-01-27,2645,9,2,5,437.21,773.82,
7195,2025-11-24,824,6,9,3,73.65,11.48,
7196,2025-12-06,2448,35,9,1,,236.25,293085.65
7199,2025-07-17,1221,35,7,10,,234.42,72201.0
7200,2025-09-18,2209,78,9,1,,138.34,114696.27
7201,2025-06-14,1848,9,15,11,700.01,70.58,
7203,2026-01-29,2283,74,8,7,,273.56,
7204,,2886,7,9,12,121.17,7.71,6596.85
7207,2025-07-24,2990,16,15,4,,215.9,185930.04
7209,2025-04-30,1748,34,5,1,,250.85,
7211,,2181,14,8,9,,98.62,94572.54
7214,2025-04-26,179,72,10,3,1702.25,333.27,
7215,,2789,3,4,4,263.81,30.63,17874.98
7216,2025-05-11,1058,33,11,8,234.3,55.71,
7218,2026-01-02,1534,39,15,11,1501.95,204.28,
7219,2025-12-17,929,58,13,2,802.2,,110513.6
7221,2025-05-23,2472,1,2,7,369.9,56.99,
7223,2025-06-03,341,48,15,2,,120.46,20052.04
7225,2025-05-26,1519,50,15,2,,,38335.49
7226,2025-08-09,2090,38,13,8,,224.12,
7227,,2143,2,11,4,968.1,136.98,
7230,2025-11-04,2419,72,1,9,1548.35,,50562.79
7231,2025-11-26,2552,77,12,7,684.01,142.65,
7233,2025-03-04,1402,21,8,3,,104.25,21348.67
7234,2025-11-11,1842,51,2,4,736.35,148.59,
7235,2025-07-23,1460,3,15,10,,295.64,
7236,,1211,72,15,9,1280.4,244.09,70130.84
7238,2026-01-14,2505,80,11,9,,240.16,194417.28
7239,2025-09-09,2559,79,4,11,,325.97,322320.71
7242,2025-05-08,513,16,8,12,981.86,,128289.36
7243,2025-06-07,2952,46,1,9,538.04,62.65,
7247,2025-11-26,435,3,13,2,345.45,,24364.18
7251,,1797,60,9,5,162.82,,30831.62
7252,2025-12-10,2528,70,5,1,1634.57,,108635.14
7253,2025-05-25,1303,59,2,7,,57.93,
7257,2025-08-23,1955,34,14,6,532.22,,
7259,2025-06-16,1706,13,10,5,718.89,123.77,
7260,2025-04-18,2169,12,7,2,,,169021.43
7261,,1195,70,9,8,,222.25,147611.18
7263,2026-01-19,2880,79,9,11,470.29,102.6,
7267,2025-10-15,1882,66,10,9,1812.99,,
7269,2025-02-24,1056,37,12,12,588.43,,23020.64
7271,2026-01-25,2409,45,6,9,1880.82,,358848.2
7273,2025-02-15,938,61,9,12,1316.95,165.37,
7275,2025-04-27,252,3,15,11,1486.83,,137614.2
7276,2025-07-08,9,66,15,10,,48.47,60352.67
7277,,2969,76,11,1,1264.9,185.28,182803.19
7278,2025-01-15,31,40,15,5,,203.01,268520.03
7280,,2536,39,6,12,1266.34,131.1,
7281,2025-01-24,1610,45,1,5,1873.4,288.28,
7283,2025-06-26,1280,7,15,7,1558.33,,144918.38
7289,2025-11-13,2221,43,11,2,1180.29,184.96,
7290,2025-07-18,983,44,5,12,,,138759.09
7291,2025-04-20,1069,37,6,6,,98.15,115028.53
7292,2025-04-10,664,19,9,6,,155.81,134777.47
7294,2025-01-31,2249,67,4,1,1005.06,,63433.12
7296,,2758,5,12,6,,,100745.75
7297,,1968,49,13,1,,2173.47,126751.34
7300,,38,34,8,1,,123.27,45056.43
7302,2025-07-29,975,62,2,5,,,176085.42
7303,,1439,14,10,7,1591.7,356.26,85385.98
7304,,2451,5,5,2,1455.14,156.08,57585.84
7305,2025-01-12,889,19,9,9,1698.97,,193490.31
7306,2025-10-01,727,7,3,4,1091.07,,110380.64
7309,2025-10-24,2881,48,8,12,,97.94,
7310,2026-01-11,415,67,9,3,-1335.33,,248085.37
7311,2025-11-15,1767,69,8,1,736.94,,29180.13
7312,2025-02-26,2391,2,12,1,412.79,,
7316,2025-05-03,1530,67,13,8,1065.5,148.37,
7317,2025-12-18,163,99,10,11,,49.58,
7318,2025-08-10,767,56,9,11,370.65,25.29,
7326,2025-04-15,514,55,11,4,626.14,,82569.35
7327,2025-07-13,778,41,14,10,,109.14,246386.55
7329,2025-02-21,2238,93,15,10,1854.16,404.4,
7333,2025-09-26,1309,53,3,4,576.92,129.15,
7334,2025-04-09,1036,26,8,10,1283.25,300.22,
7336,,1369,15,3,7,1424.92,197.53,212085.26
7337,2025-07-12,1757,74,12,5,,,
7338,2026-02-03,1169,58,6,8,786.7,,28827.24
7341,2025-03-13,1842,45,4,12,661.4,,30863.09
7343,2025-08-31,723,64,10,5,1086.64,212.85,
7348,,1106,18,2,9,88.09,15.03,13817.92
7349,2025-09-05,1870,71,10,9,1659.76,315.51,
7350,2025-05-04,248,53,12,10,1545.87,,277687.68
7351,2025-01-04,1033,15,2,3,353.19,,34038.28
7353,2025-09-04,2287,41,6,3,,237.79,
7354,,1806,31,5,6,,234.09,189531.82
7355,2025-08-25,2133,65,6,11,642.66,,119982.62
7356,,2084,43,3,8,,,
7357,2025-01-04,739,76,4,3,1547.91,178.08,
7361,2025-03-24,887,58,1,12,,121.14,13550.76
7365,2025-08-24,735,36,8,9,,,226394.2
7366,2025-07-21,1075,57,8,8,1014.8,,67404.91
7367,2026-01-30,2795,30,8,5,,151.15,
7368,2025-11-01,754,13,1,8,1095.78,212.84,
7372,,205,28,15,5,311.92,76.62,15589.3
7373,2025-09-14,904,50,5,2,904.66,170.69,
7375,2025-03-30,499,11,15,3,,76.59,83557.52
7381,2025-06-30,2888,39,9,1,1234.59,,176208.09
7382,2025-03-03,1074,39,11,4,1344.32,,239763.52
7383,2025-10-24,1108,46,7,12,,76.11,39933.84
7384,,2977,74,13,6,83.3,15.99,11604.74
7385,2025-01-09,1233,14,9,5,71.14,,5441.46
7386,2025-03-11,2015,66,15,5,1626.87,,279719.9
7387,2025-08-10,2731,34,13,10,1631.06,373.72,
7389,2025-02-07,2231,15,6,11,1432.19,,63471.53
7390,2025-10-02,2865,13,10,5,780.28,,49269.7
7391,,2252,73,11,1,1879.8,263.83,334560.64
7393,2025-02-12,1683,78,1,8,,109.02,105827.33
7394,,752,70,7,2,1691.06,121.63,77846.83
7395,,549,7,11,1,803.13,125.48,56935.78
7397,,2294,53,2,9,1662.1,277.75,107230.1
7399,2025-10-10,1737,56,6,6,990.04,,177661.3
7400,2026-02-20,1202,5,12,6,,56.17,
7401,2025-02-09,806,2,5,1,1462.53,309.63,
7402,2025-04-26,2763,79,13,7,492.55,31.0,
7403,2025-04-27,1959,20,1,1,,176.64,75718.89
7404,2025-05-02,1384,31,11,10,1940.71,,211417.53
7405,2025-07-10,800,19,13,9,,88.46,68475.91
7406,,2068,11,4,6,597.9,40.56,114227.11
7409,2025-12-30,2070,18,15,7,,,132748.46
7411,2025-09-13,42,74,2,8,770.72,,40649.24
7413,2025-02-13,675,16,15,4,1754.02,231.75,
7416,2026-01-18,2013,119,3,2,,,107357.54
7417,2025-03-24,2863,35,8,5,1027.94,,174798.72
7418,,2477,4,3,6,1136.98,143.46,133654.3
7419,,1880,74,6,3,,,13291.61
7420,,959,38,2,4,507.65,26.32,99991.81
7422,2025-06-29,2095,71,3,11,75.49,11.47,
7423,2025-03-15,1560,23,5,11,504.04,88.32,
7424,2025-09-10,1002,21,5,4,852.18,121.6,
7430,2025-12-31,540,20,6,2,1530.57,,168314.68
7432,,270,40,1,7,1615.86,202.69,148963.17
7435,2025-04-06,1041,62,9,8,1285.63,,
7436,,1467,7,2,5,,191.83,36209.23
7440,2025-12-23,2275,22,11,8,1333.08,270.42,
7444,2025-03-16,2211,70,2,11,1632.12,364.97,
7445,2025-11-11,2662,78,8,1,,89.1,
7448,,1929,69,3,4,1001.34,192.6,36076.54
7450,2025-06-07,1264,32,1,5,492.77,30.36,
7454,2025-04-01,1568,1,13,7,313.31,,33683.4
7455,,1577,5,5,3,,91.43,58206.59
7457,2025-09-02,983,16,2,12,,227.79,189494.82
7458,2026-01-23,1169,5,4,12,,188.65,59228.26
7461,2025-05-18,2464,1,12,10,564.21,101.97,
7463,2025-06-30,2577,1,5,6,392.64,70.25,
7464,2025-03-19,359,3,4,3,731.32,139.28,
7466,,2744,7,9,10,1863.89,212.27,
7467,2025-05-08,592,3,10,7,471.33,,82029.36
7468,,173,14,14,8,,219.47,214817.38
7469,2026-01-01,2569,71,6,10,,269.57,
7470,,1403,69,15,10,565.67,71.73,
7473,2025-05-17,1683,30,10,4,1855.33,,356956.45
7474,2025-05-08,630,73,13,5,1363.44,138.79,
7475,2025-09-26,315,7,13,3,,180.72,
7476,2025-03-12,2827,9,12,3,,155.89,88552.93
7477,2025-11-06,1543,39,1,3,406.36,,25646.92
7480,2025-07-23,824,30,1,7,,475.75,121158.55
7481,2026-01-26,1103,68,6,5,,16.52,
7483,2025-09-23,2306,48,6,8,1695.07,,
7485,2025-05-02,1811,2,4,10,,81.74,37879.03
7487,2025-08-25,2076,60,15,10,,294.43,212479.5
7489,2026-02-13,1282,8,9,8,,,
7490,,2848,41,3,8,167.83,41.47,11918.71
7492,2025-07-19,1155,77,6,11,,57.46,78995.92
7493,2025-06-04,30,54,1,8,,289.43,130935.59
7494,2025-09-30,2351,30,14,9,,34.13,
7495,,1112,74,2,12,703.67,129.88,112271.2
7496,2025-11-18,2521,13,9,10,505.0,,19175.93
7497,2025-06-10,2709,30,12,10,,,
7498,2025-04-20,1014,15,4,9,,,59815.94
7499,2025-08-15,407,42,2,9,,209.02,91545.82
7500,2025-04-05,2860,61,6,1,,182.27,91712.73
7504,,60,32,8,9,1566.07,,291248.89
7505,,2676,54,5,12,726.89,49.87,
7507,2025-09-08,2120,54,5,1,,,228476.33
7509,2025-03-23,1466,42,12,11,1809.79,394.04,
7511,2025-09-10,805,50,12,7,829.42,88.23,
7512,2025-10-12,1570,19,9,11,1210.99,,142818.08
7514,2025-08-21,2325,44,14,8,1270.28,,150141.78
7518,2025-01-05,820,52,8,7,,136.4,93231.13
7519,2025-04-02,1886,15,5,7,884.52,160.53,
7522,,2790,7,1,6,1721.97,162.85,238668.21
7524,,1569,38,15,12,,351.16,
7528,,1113,55,8,12,451.09,72.43,
7532,2025-04-22,1185,70,3,8,998.34,,199108.26
7534,2025-02-10,1959,71,10,8,,203.07,86020.46
7539,2026-01-22,627,71,4,12,1323.4,,239061.98
7542,2025-09-04,2886,6,2,7,996.58,,
7544,2025-06-30,1281,37,13,4,1414.22,,279909.02
7545,2025-05-28,1600,42,12,3,,275.95,52170.78
7546,2025-09-13,540,9,13,9,0.0,,39086.16
7549,2025-04-26,655,74,2,3,,162.61,32187.31
7550,2025-06-11,1098,20,14,11,,81.86,170335.8
7551,2025-07-10,1956,24,9,9,583.63,31.26,
7553,2025-09-21,1970,12,13,1,,62.63,87990.37
7555,2025-02-06,1518,51,15,1,1672.41,395.3,
7556,2025-06-29,2342,53,7,6,585.59,,82436.99
7560,2025-12-07,1508,58,3,12,869.29,,19788.59
7561,2026-04-01,2425,70,8,9,,146.15,72141.94
7562,2025-05-25,2395,32,8,2,509.85,,96192.73
7563,2025-06-30,638,27,2,1,,,241098.18
7566,,690,57,4,2,1862.61,394.88,42402.07
7567,2025-02-24,2516,65,1,11,-1453.9,294.32,
7568,2025-03-24,2439,53,8,12,1063.43,,
7570,2025-01-05,2507,22,5,3,,243.07,
7571,2025-10-25,2277,56,5,3,709.83,48.64,
7575,2025-09-20,1291,19,9,2,920.37,186.15,
7576,2025-04-13,1346,44,8,4,1845.72,,182466.57
7578,2025-05-11,1842,29,8,2,198.83,,27555.42
7582,2025-12-14,2696,38,5,4,,,
7583,2025-08-27,2409,45,5,11,,,64269.54
7584,2025-12-04,835,13,10,11,1932.45,359.05,
7585,2025-04-18,2402,46,8,7,,250.54,66737.63
7587,2025-07-24,337,4,2,1,450.38,,65980.89
7590,2025-01-08,1733,20,5,6,1819.18,,305609.61
7595,2025-05-27,863,52,4,10,,52.23,24910.62
7597,2025-02-10,261,52,11,7,,74.93,13464.72
7598,2025-12-14,2679,54,4,12,,,172380.36
7600,2026-01-01,2116,77,3,12,1518.99,123.22,
7601,2025-04-23,93,50,13,6,,156.3,118567.54
7605,2025-04-05,1785,48,13,12,,,129882.47
7606,2025-12-16,1453,62,13,2,,394.06,50440.36
7607,2025-01-08,1526,61,6,10,,189.53,208341.6
7609,2025-08-10,761,29,10,1,,135.07,301472.85
7610,2025-03-02,275,44,3,1,990.09,155.53,
7611,2025-12-15,86,65,6,12,,99.2,67573.15
7616,2025-09-29,1375,46,11,12,94.46,20.83,
7617,,927,1,2,10,1442.35,314.75,237803.25
7618,,771,49,5,6,,108.67,205486.15
7619,2025-01-07,2390,30,9,4,,,15289.25
7620,2026-01-18,2338,39,13,7,1855.94,446.05,
7621,,2104,14,11,3,668.41,33.83,16907.93
7623,2025-06-19,85,52,11,2,,272.4,52819.95
7624,2025-05-21,1071,25,13,1,,42.63,19938.92
7625,,766,25,12,10,1302.37,,89583.3
7626,2025-08-12,437,13,15,4,,63.39,122981.81
7629,2025-02-21,1689,50,5,11,,119.37,243957.98
7635,2025-04-16,799,42,4,4,,162.47,74693.75
7636,2025-10-07,2011,33,9,6,1828.22,189.16,
7637,2025-05-31,2787,71,10,8,-1066.29,224.32,
7639,,2302,78,1,8,1945.58,309.45,271040.91
7640,2025-11-24,718,29,3,10,480.53,46.71,
7641,2025-06-25,616,103,8,7,,376.52,309226.34
7642,2025-07-27,2570,40,2,3,1989.61,,347648.01
7644,2025-09-28,1522,20,12,11,1818.01,227.58,
7647,2025-02-08,1568,36,14,5,351.58,26.69,
7648,2026-01-03,122,73,3,9,,,123989.39
7649,2025-06-15,1108,4,10,9,,101.29,177309.6
7652,2025-03-31,2183,49,9,12,,,65018.44
7653,,3000,7,14,1,1437.07,183.02,
7654,2025-12-09,344,11,8,2,958.07,214.54,
7655,2025-11-30,718,4,6,4,651.78,137.21,
7656,,3721,60,14,1,1339.7,,83200.61
7658,2025-07-24,927,15,7,11,,150.52,162386.81
7659,,1305,15,10,10,1433.95,333.88,102509.12
7662,,2004,54,10,3,,166.31,
7663,2025-08-29,535,24,5,3,,43.67,82078.63
7664,2025-05-09,109,64,9,9,,,337859.42
7669,2025-02-08,1398,27,10,2,-205.96,14.11,
7672,2025-04-17,603,8,12,10,325.03,,40229.33
7673,,2977,80,12,3,,204.24,173654.66
7674,2025-05-15,693,6,15,3,,136.69,117233.57
7675,2025-09-24,228,16,15,11,,53.96,
7678,2025-10-15,2108,68,8,6,847.17,103.83,
7679,2025-04-19,145,15,12,9,,,41134.26
7680,2025-01-16,1721,9,13,12,385.0,,42456.4
7681,2025-01-31,2477,52,13,8,1109.57,,135847.06
7682,2026-12-01,1461,25,13,9,,258.3,178893.97
7684,,244,15,15,4,863.85,104.97,169596.02
7687,2025-05-31,412,23,1,7,,381.06,97865.47
7688,2025-01-01,2793,72,9,9,641.68,,100427.82
7689,2025-05-30,2550,41,13,2,165.22,32.81,
7692,2025-08-13,260,30,13,10,1996.44,249.09,
7693,2026-01-19,2601,75,7,9,579.06,36.09,
7699,,583,60,9,12,1828.2,194.13,239643.02
7700,2025-05-29,576,45,2,1,1768.55,124.35,
7701,2025-04-17,3691,38,14,8,,173.32,
7702,2025-12-22,1177,59,1,6,1135.63,,87017.41
7703,2025-10-27,3813,48,9,11,416.18,,35852.62
7704,2025-03-21,2833,78,3,4,,,84372.19
7706,,1206,18,2,7,357.26,30.79,
7707,2025-11-05,1241,70,14,7,,,2190.12
7709,2025-12-31,2760,36,2,7,,187.87,267265.96
7710,2025-11-29,339,67,13,7,1467.78,,
7712,2025-03-17,2735,35,9,3,1338.19,127.35,
7714,2025-03-03,1488,1,9,11,1392.86,147.23,
7716,2026-02-19,2061,19,10,6,1758.9,,101751.71
7717,2025-12-25,94,49,8,4,368.08,,
7718,2025-04-02,1461,8,13,1,1153.34,122.85,
7719,,110,45,14,9,532.42,67.21,67065.63
7720,,505,5,13,5,767.3,131.82,97952.31
7721,2025-11-11,1704,7,2,4,,85.02,
7723,2026-02-06,2386,53,8,2,334.11,,31098.89
7724,2025-05-29,2328,13,13,6,,38.56,19343.65
7726,2025-10-22,1528,13,8,11,1481.89,308.17,
7727,,1851,22,9,12,0.0,91.56,
7728,2025-08-30,684,23,9,12,1281.19,,
7729,2025-04-24,1259,3,11,4,,246.24,218313.04
7731,2025-09-02,1636,7,10,7,661.88,,33263.43
7733,2026-01-26,2767,33,8,10,1083.25,,160361.27
7736,2025-10-18,491,50,7,8,85.68,,
7738,2026-02-15,1019,59,4,3,1633.14,85.65,
7740,2025-04-10,1208,20,11,11,237.15,,40161.68
7743,2025-11-03,292,23,13,10,384.98,46.25,
7745,2025-11-09,1434,78,14,5,1040.84,,
7746,2025-12-01,2863,7,1,3,1474.87,,
7747,2025-03-15,2177,52,5,8,,,93006.87
7749,2025-05-25,90,15,12,8,,68.35,42231.57
7751,2025-02-25,2157,69,10,7,1666.53,,73854.29
7752,2025-07-12,1148,78,2,1,1608.48,,74042.22
7753,,2866,67,15,10,,322.99,322286.34
7754,2026-01-28,1586,53,7,7,240.17,,
7756,2025-01-11,971,22,6,10,,321.96,280728.26
7757,2025-11-23,1553,60,15,12,1398.82,,
7758,2025-10-25,1042,25,12,7,1393.38,,115170.28
7760,2025-05-13,1682,23,2,12,,261.75,75847.75
7762,2025-02-01,283,66,11,10,1358.24,250.78,
7763,2026-01-08,572,42,8,10,1521.39,,260600.99
7764,2025-04-28,2072,6,12,9,,271.82,25634.55
7766,,225,31,14,12,,112.94,
7768,2025-07-18,439,9,9,11,,111.35,236830.32
7769,2025-02-11,2049,59,11,8,1939.32,351.15,
7770,2025-11-16,1610,41,11,9,,144.37,
7771,,204,11,1,1,1863.98,435.36,159680.83
7772,2025-10-04,1315,18,7,12,,51.39,23952.37
7773,2025-09-26,346,14,6,5,,2252.37,90738.22
7774,2025-09-13,381,102,9,6,73.13,,11279.72
7775,2025-03-09,2488,37,1,6,,73.76,73014.11
7776,2025-07-15,2674,47,3,4,67.15,,3859.05
7777,2025-12-21,2803,16,15,4,,,80406.9
7778,,309,61,2,4,702.01,78.35,111648.42
7780,2025-09-21,739,49,4,11,1001.26,,99085.47
7782,2026-01-27,281,51,9,7,,,167609.35
7783,2025-05-21,2633,71,10,9,,70.22,82356.42
7788,2025-09-29,14,32,11,12,1367.11,145.75,
7789,2025-12-22,1726,6,5,7,805.25,,
7790,2025-02-27,1739,9,9,10,1533.6,,
7791,2025-09-22,2021,25,15,11,,,
7793,,1498,75,13,11,1084.75,76.0,105416.32
7794,2025-05-25,214,71,13,11,129.32,30.76,
7796,2025-06-14,1312,15,12,6,343.52,43.38,
7799,2025-12-15,2001,69,2,5,0.0,454.74,
7801,2025-02-20,857,78,14,1,352.85,39.26,
7803,2026-02-14,2593,58,2,2,,67.05,18775.93
7807,2025-03-01,2852,10,14,7,1045.94,200.52,
7809,2026-02-17,1841,64,11,4,1664.79,,309652.03
7810,2025-02-13,902,33,1,12,,48.53,29368.86
7812,2025-02-11,2196,25,1,8,275.69,,54778.92
7815,2025-09-10,2819,1,6,2,167.28,25.49,
7816,2025-01-03,1937,16,4,11,254.73,,
7819,,2343,72,11,7,,70.67,73769.17
7820,2025-03-13,1203,34,4,6,189.43,,27051.12
7823,,2724,6,7,11,,121.67,302440.41
7825,2026-01-07,1737,6,2,7,1435.41,,213179.99
7827,2025-12-18,1974,70,15,2,909.16,84.8,
7828,2025-10-16,1161,66,14,11,,4.91,11310.63
7829,2025-10-06,2030,11,4,10,778.38,,36280.11
7833,,523,36,13,7,,32.43,23066.18
7834,2025-11-27,1224,37,13,11,469.09,106.43,
7836,2026-01-02,974,49,1,11,,,12587.19
7837,2025-06-06,702,1,10,9,,238.52,31218.73
7842,2025-03-23,792,73,11,8,1529.45,,170045.5
7844,2025-08-31,1293,71,11,3,,121.52,76680.87
7847,,2047,11,1,1,1787.86,440.93,278406.75
7848,,2800,22,9,4,256.8,43.86,31107.84
7849,2025-04-29,1527,4,10,8,1848.92,,92562.71
7850,,1478,32,15,3,228.4,,
7851,2025-02-22,539,62,6,5,686.88,,111182.92
7852,2025-12-18,2744,33,14,11,,,
7854,2026-01-05,1445,49,4,3,859.64,,
7855,2025-08-16,336,26,10,1,735.6,,113897.51
7858,2025-09-21,1595,44,12,4,,,147793.64
7859,2025-07-09,2645,55,13,6,,141.39,138860.6
7860,2025-10-04,446,59,13,7,316.62,,53084.7
7861,2025-04-17,2234,36,8,8,468.46,,41208.16
7862,2025-12-26,433,61,8,1,,34.65,28194.28
7864,2025-08-13,2034,70,7,3,,,118992.34
7866,2025-07-21,2863,58,4,2,,112.11,46529.25
7867,,556,30,15,6,543.0,40.52,41246.42
7868,2025-03-06,703,52,13,9,,,
7869,2025-07-11,2645,45,11,2,1355.4,,39803.2
7870,,1258,73,6,12,1809.14,445.34,48550.66
7871,,1206,76,10,4,367.78,63.84,19003.79
7877,2026-01-01,163,61,13,2,,,10735.62
7878,2025-03-16,267,25,8,1,876.69,85.25,
7880,2025-12-19,1541,49,14,4,1090.46,,57423.04
7885,2025-09-24,517,13,4,3,-1220.9,107.8,
7887,2025-07-06,472,6,2,6,221.37,,6432.36
7888,,206,37,10,2,1980.91,403.85,246153.86
7889,,994,42,6,8,425.05,34.69,62751.33
7894,2025-06-27,2432,16,7,5,508.75,,77235.13
7898,2026-01-26,877,29,14,8,922.23,,151157.74
7899,2025-05-28,1770,70,11,3,1258.31,206.07,
7900,2025-08-13,1557,19,1,10,342.11,,38180.1
7902,2025-03-08,3704,16,14,12,1531.92,,279612.42
7903,2025-06-06,3,11,9,12,1124.32,,73979.45
7905,2025-09-18,2853,25,14,1,1887.5,,164484.96
7908,2025-02-16,2306,12,5,8,,103.36,67509.48
7909,2025-01-06,574,78,5,7,329.72,,12723.55
7914,2025-02-24,622,31,14,6,474.05,,23678.79
7915,2025-11-29,1973,45,13,11,104.76,,7327.53
7917,2025-08-18,2588,74,5,5,,,94570.75
7919,2026-01-01,345,59,6,3,,121.33,122640.31
7920,2025-09-28,383,59,15,3,,12.65,37082.09
7923,2025-08-22,1061,15,10,11,,,
7925,,2917,50,1,10,325.29,,6554.36
7929,2025-10-20,1089,75,15,3,,119.76,128585.22
7932,2025-12-05,167,54,8,3,,239.65,79869.58
7933,2025-10-22,1225,5,6,6,138.15,8.64,
7934,,2099,14,1,12,1360.11,297.94,
7935,,1804,63,7,6,572.46,84.73,66840.55
7936,2025-04-01,784,69,11,6,,116.46,
7937,2025-11-03,2905,31,7,4,1371.46,,123154.73
7938,2025-05-29,1708,28,14,5,,17.94,8907.76
7940,2025-08-08,2314,28,15,4,613.82,102.97,
7941,2025-12-16,1700,35,10,4,1773.84,,322692.59
7943,2025-03-22,2573,21,3,9,,202.99,144559.42
7947,2026-01-18,240,35,15,9,460.66,39.79,
7948,2025-01-10,2912,18,13,5,-1840.08,,58263.11
7950,2025-06-10,68,60,6,6,1251.57,,42272.22
7951,2025-03-19,2738,38,11,9,1224.53,,
7952,2025-06-27,99,20,11,7,1470.53,,151297.48
7953,2025-08-24,494,17,9,3,825.56,170.74,
7954,,2430,47,4,2,357.42,51.85,38407.47
7955,,2343,23,11,2,,19.78,17014.38
7957,2025-02-19,385,60,12,9,,179.92,67256.19
7958,2025-08-09,4,24,14,11,,317.65,227205.12
7960,2025-02-22,2710,60,11,5,1829.26,,199109.66
7962,2025-04-16,2419,64,3,10,,81.75,218568.32
7963,2026-01-20,419,58,8,6,,23.39,8149.57
7966,2025-03-16,1658,62,15,4,,35.87,20063.8
7969,2025-08-31,2497,73,10,7,1804.82,,
7972,2025-08-03,169,51,15,8,1515.38,138.85,
7975,2025-06-24,429,13,3,7,,103.68,17591.61
7976,2025-03-28,1463,60,9,3,,,
7977,2025-05-12,1036,7,2,8,1059.06,,118292.86
7978,2025-06-11,1571,56,5,12,,112.88,
7979,2025-07-19,431,34,5,10,,75.48,
7980,2025-03-03,437,2,7,1,111.0,,16755.58
7981,2025-08-20,513,37,4,6,,,86794.3
7982,2025-12-21,1040,73,12,6,77.98,,
7985,2025-10-09,411,6,2,9,451.98,,82584.74
7990,2025-08-06,735,22,3,9,1635.36,,
7992,2026-01-05,1838,4,15,3,1104.1,87.33,
7993,2025-11-23,921,53,15,8,1620.51,,77830.27
7994,2025-05-26,1109,23,11,6,588.14,120.96,
7995,,216,5,15,2,297.25,53.86,17080.09
7997,2025-11-24,2338,14,1,1,1181.56,86.53,
7999,2025-10-26,1319,63,1,2,,201.4,176139.95
8000,2025-03-12,1328,25,15,6,986.0,153.63,
8002,2026-01-28,2179,53,15,12,,198.26,138514.64
8003,2025-11-01,2025,61,2,6,,399.63,
8005,2025-01-01,1267,49,1,12,,21.26,21781.03
8008,2025-07-13,1159,70,8,7,1307.34,307.47,
8011,2025-10-17,369,48,8,11,,15.47,29246.4
8012,2025-10-31,2884,43,6,6,,19.33,26938.8
8014,,1128,25,2,4,1273.86,302.85,136565.47
8016,2025-09-04,984,58,1,7,1089.85,,
8017,2025-02-17,541,69,15,7,,117.83,
8021,,140,40,1,6,289.74,29.1,18600.59
8022,2026-02-11,2450,10,4,12,,25.17,33829.38
8024,2025-12-17,2317,26,12,12,1782.52,,77470.38
8025,2025-12-26,1262,49,14,8,968.44,,179686.77
8028,,1651,68,10,12,189.72,30.59,
8029,2025-02-01,921,32,12,1,,82.64,39858.36
8030,2025-08-15,464,42,3,12,705.04,106.31,
8032,2025-10-19,1446,26,15,2,997.84,99.85,
8033,,1520,74,4,1,132.69,,20435.18
8034,2025-08-16,2099,59,5,7,878.65,194.0,
8036,,1884,40,13,12,153.21,,
8037,2025-02-19,2059,46,4,5,266.92,21.14,
8038,2025-09-28,600,74,6,4,86.8,149.45,
8039,2025-08-23,98,18,7,9,,309.12,
8041,,2617,65,12,5,806.22,,
8042,2025-01-17,870,24,14,5,1196.31,,149967.21
8046,2025-02-07,677,49,14,12,135.41,8.81,
8049,2025-01-23,2718,74,10,3,,39.99,103195.46
8050,2025-07-04,2773,21,12,8,1804.48,200.33,
8051,2025-04-06,697,76,2,4,262.25,57.07,
8052,,2688,29,6,2,,250.51,96848.22
8053,2025-12-18,2724,13,3,4,,,68101.51
8055,2025-10-24,2819,66,11,1,786.79,,150455.98
8060,2025-08-03,1355,64,11,6,,52.48,
8061,2026-02-08,587,39,10,11,1927.09,,132886.74
8062,2025-05-08,1885,76,6,9,,,128882.22
8063,2025-08-18,209,33,13,4,1176.67,,146325.11
8066,2025-03-17,2030,14,9,1,,,
8072,2025-07-09,367,57,11,6,,123.76,120960.83
8073,2026-01-23,49,10,3,3,553.18,,85345.42
8076,2025-11-11,142,74,4,7,,244.25,
8078,2025-02-22,755,48,12,1,,,225692.41
8079,,973,27,2,10,,87.71,
8080,2025-04-02,1680,12,12,7,1468.56,302.75,
8081,2025-12-20,2854,42,9,8,1528.22,303.81,
8082,2025-09-24,725,44,7,2,194.8,,27090.11
8084,2025-04-21,1115,72,14,11,1469.48,170.74,
8086,2025-09-22,1760,45,3,5,974.72,,153692.18
8087,2025-12-02,1045,1,2,3,778.92,,32436.01
8092,2025-01-19,2593,73,15,4,,65.71,22693.86
8093,2025-08-31,261,38,7,12,,,79930.44
8095,2025-08-28,2482,75,10,5,604.05,134.22,
8097,2025-11-23,2416,28,15,6,,43.41,34316.13
8101,2026-01-19,2449,47,15,2,1084.96,160.21,
8105,2025-02-11,2422,31,8,12,,321.15,74942.07
8106,2025-06-01,3708,48,4,3,,16.9,9871.47
8108,2025-05-04,1436,76,11,8,,,
8109,2025-12-04,1574,4,15,6,840.88,1051.93,
8110,2026-02-12,1742,38,5,7,1659.82,261.33,
8118,2025-04-30,1255,13,4,10,,122.08,72732.93
8121,2025-10-29,2546,56,15,10,1946.81,,211504.81
8125,2025-12-30,2407,79,2,11,1576.64,,
8128,2025-06-19,1313,61,5,9,1038.51,250.16,
8132,2025-03-13,1746,22,8,1,289.32,,46144.03
8133,2025-09-30,2701,19,1,4,1524.3,357.91,
8134,2025-05-12,2268,63,15,3,,,
8136,2025-04-19,2416,34,1,4,868.71,,50831.75
8137,,434,60,6,9,688.67,41.37,111049.44
8138,2025-08-25,1346,43,12,9,,,230123.63
8141,,1833,11,4,12,713.16,96.34,
8143,2025-07-07,1137,72,15,5,581.1,136.98,
8144,2025-01-31,1004,34,8,5,792.85,,
8147,2026-02-17,724,24,8,8,289.95,,
8149,2025-10-18,130,32,7,10,1296.49,,214513.87
8150,,1549,16,8,7,1904.27,313.63,82677.73
8153,2025-05-12,2270,75,4,1,1521.03,287.96,
8155,2025-08-27,1326,11,14,12,644.43,36.01,
8157,,2255,41,15,10,1206.18,,63530.91
8158,2025-08-17,2757,69,15,11,982.2,132.69,
8159,2025-05-20,2764,22,14,10,,126.51,164964.73
8160,2026-01-21,2388,29,1,1,1192.01,113.42,
8165,2026-02-10,1166,28,2,6,1806.53,168.33,
8166,2025-06-05,2975,1,10,6,,,216246.55
8167,2025-07-24,2081,10,7,4,1206.05,,
8172,2025-05-16,1997,25,11,9,,,138204.79
8173,,694,29,15,4,,305.34,
8174,2025-02-27,1026,38,9,8,,63.83,60674.47
8175,2025-01-27,1239,11,2,4,227.72,,8573.43
8177,2025-08-10,2679,63,5,1,867.69,125.34,
8180,2025-03-27,2455,65,7,1,1804.6,339.0,
8181,2025-02-25,2286,44,11,11,,32.23,84392.09
8182,2025-07-30,268,12,7,1,833.27,,
8183,,2064,67,10,4,1711.59,194.71,247519.74
8186,2025-07-25,338,59,9,12,,390.27,
8190,2026-01-11,1121,33,4,3,370.16,,19565.79
8193,2026-01-18,282,65,1,8,600.12,55.85,
8194,2025-03-17,414,11,10,11,1687.99,85.28,
8195,2025-06-02,554,67,13,9,1490.37,,85724.6
8196,,303,54,2,11,1046.57,132.02,139307.94
8197,2025-07-07,739,21,2,6,1168.29,,158913.48
8198,2025-08-07,1940,7,6,9,,105.56,
8202,2026-02-13,1148,11,9,11,,63.62,28187.33
8204,2025-04-12,1973,32,14,5,1888.78,,
8205,2025-12-29,3672,2,4,1,,41.77,90193.5
8206,2025-11-01,716,32,13,11,728.71,,53847.97
8208,2026-01-18,1291,22,8,5,892.44,,151181.42
8209,2025-06-13,1233,8,9,3,812.92,115.03,
8211,2025-03-17,1471,18,10,1,,81.55,125931.42
8213,2025-02-18,1812,21,13,5,713.97,,33434.07
8214,2025-12-02,1932,66,10,1,,45.6,
8217,2025-05-26,296,51,12,7,743.96,,111346.55
8219,,2789,22,6,2,699.03,,74890.43
8220,,2717,58,4,5,254.38,61.51,21304.97
8223,2025-05-02,1444,40,13,5,1365.54,298.5,
8224,2025-09-14,325,18,8,7,,,70533.55
8228,,2116,106,14,12,,61.64,59370.56
8229,2025-06-06,2772,42,8,8,,,143940.86
8230,2025-01-17,2670,16,9,7,,,194810.95
8235,2025-07-16,1160,79,13,6,,9.75,10928.1
8237,2025-05-19,2387,59,12,5,,,217405.14
8238,2025-08-23,1190,27,9,9,,61.48,34864.04
8239,,2280,66,7,10,1509.31,242.31,161044.56
8240,2025-07-12,1938,46,10,7,,120.43,73910.33
8241,,1725,62,12,11,1645.19,,255434.39
8242,2025-05-24,2316,6,1,8,,,167319.34
8244,,978,61,5,6,,161.76,123073.45
8245,2025-06-28,1489,72,6,9,,31.7,76163.96
8247,2025-01-12,1096,48,13,1,,181.74,93775.52
8248,2025-04-14,2094,39,5,7,1215.31,238.18,
8251,,1378,8,8,9,1351.99,176.41,127041.74
8256,2026-02-05,2685,10,1,3,502.69,,
8257,2025-08-09,2388,26,3,4,1378.36,,
8258,2025-02-10,1694,33,3,2,1429.34,,127406.94
8259,,974,37,5,11,219.64,14.34,32784.06
8261,2025-09-27,320,32,12,6,55.08,7.74,
8262,2025-01-09,746,13,8,3,,149.64,177430.51
8265,2025-03-27,761,68,4,5,,55.66,68051.39
8266,,2529,33,4,8,101.74,,3818.66
8267,2025-01-19,224,80,9,9,,8.01,9062.39
8268,2026-01-18,2766,2,15,1,450.44,767.36,
8269,2025-04-18,825,40,9,1,964.23,154.09,
8270,2025-08-31,519,58,14,10,,,108974.17
8272,2026-01-02,2536,18,6,4,,,33261.36
8273,2025-10-07,346,24,3,5,1746.6,,207209.98
8275,2025-04-27,1450,32,5,10,,30.96,9452.1
8277,,2997,79,1,7,705.69,114.61,
8279,2025-08-07,366,56,13,9,271.07,,40505.51
8280,2026-01-23,899,12,14,11,1806.88,,77983.93
8281,2025-01-07,391,21,2,7,1064.22,,67800.32
8283,,958,36,3,11,300.93,71.43,18797.72
8284,2025-07-07,405,27,10,4,327.58,19.94,
8285,,2064,22,1,1,833.03,,89784.34
8291,,190,22,2,8,1924.0,459.25,153983.82
8293,,796,21,15,12,747.92,171.83,28203.74
8304,2025-01-27,1524,17,7,9,1348.33,,131195.68
8306,2025-09-30,1741,67,8,12,335.89,,57712.42
8307,2025-03-18,1024,13,3,6,1076.32,,203056.49
8308,2025-02-11,1794,18,3,1,525.61,92.71,
8309,2025-12-17,966,14,13,6,259.09,13.6,
8310,2025-01-31,1601,26,2,6,514.82,,94037.72
8313,2025-10-09,500,7,8,2,255.04,,
8314,2025-10-15,2311,15,9,8,790.72,,
8315,2025-08-09,963,20,14,4,1415.48,149.16,
8316,2025-05-12,767,33,11,3,,116.34,27791.52
8317,2025-12-03,1064,75,4,9,,177.37,192434.5
8318,2025-11-09,668,61,12,12,,,180793.03
8322,,2247,74,14,12,152.72,21.21,
8323,2025-05-02,1753,105,1,7,,,
8324,2025-10-15,2167,48,13,3,,279.23,
8326,2025-04-22,670,22,5,11,76.0,7.0,
8329,,518,14,15,4,563.25,95.79,
8331,2025-10-21,1285,5,13,2,,161.71,173936.48
8332,2025-09-21,2726,35,7,10,,193.73,110668.57
8333,,2130,27,5,5,928.6,,164907.3
8334,2025-08-03,2627,44,4,2,210.9,23.63,
8337,2025-12-31,2150,5,12,10,1080.14,,111220.95
8338,2025-09-05,1131,27,6,8,-810.63,,62886.27
8339,2025-09-13,1426,37,3,6,,,18835.8
8340,2025-02-04,260,8,15,10,715.74,1184.74,
8341,2025-01-01,2521,79,5,3,1797.79,418.93,
8343,2026-02-16,1154,68,11,11,1706.14,335.37,
8345,2025-02-12,1736,7,12,3,,87.76,89756.67
8348,2025-03-09,259,37,14,5,1324.2,175.55,
8349,2025-12-05,2155,80,3,1,1857.89,108.14,
8352,2025-06-14,582,23,5,7,,275.76,358702.8
8356,2025-10-19,1699,46,12,3,790.55,73.19,
8360,2025-09-05,3591,18,1,9,1021.1,237.76,
8361,2025-11-04,2879,94,2,12,,98.76,92659.19
8362,,182,10,4,10,-1491.46,188.89,48708.09
8365,,1573,80,13,2,1505.33,213.66,252456.84
8368,2025-10-30,574,29,4,6,-520.45,,63650.29
8373,,1750,68,4,6,,,53998.02
8374,2026-02-06,516,58,12,6,,,24114.11
8377,,2129,6,13,12,,29.48,11849.23
8378,,2672,7,12,3,0.0,128.08,154577.66
8383,2025-07-27,1377,9,10,5,1985.38,,195631.38
8385,,1406,61,13,8,1862.49,422.0,107946.88
8386,2025-09-17,502,65,14,4,,180.55,257397.83
8388,,2139,5,1,12,923.51,56.04,148546.14
8393,2025-06-29,1189,27,2,8,1499.94,110.46,
8397,2025-11-04,93,47,13,4,1349.55,,151940.14
8398,2025-07-24,1755,19,10,8,,,24246.27
8399,2025-08-12,830,62,10,12,1269.24,,161483.53
8401,2025-12-11,2254,15,4,8,1320.77,126.03,
8402,2025-07-28,231,53,15,11,,169.46,180378.49
8404,2025-12-16,18,58,9,7,312.46,,32392.39
8406,2025-03-27,197,35,6,3,,123.41,145351.03
8412,2026-01-20,492,9,2,3,,86.44,42559.77
8413,2025-05-21,991,69,10,9,197.91,44.93,
8414,2026-02-15,1191,58,8,4,1292.02,100.84,
8415,,1800,23,2,5,983.31,106.75,177539.87
8418,2025-03-31,774,10,9,7,705.25,55.76,
8419,2025-05-15,171,78,1,11,,,
8420,,1207,15,5,2,1348.94,261.32,251721.11
8421,2025-04-06,1757,29,1,6,,,44700.78
8422,2026-01-21,2079,16,12,12,,,115192.61
8426,,444,60,10,7,364.05,36.43,
8429,2025-12-20,2565,7,13,8,1686.71,,176141.96
8430,,812,105,11,2,0.0,394.42,340489.09
8431,2026-01-01,1500,55,6,1,1501.58,,250667.3
8433,2025-09-03,1141,3,9,7,1998.88,468.95,
8434,2025-12-20,2392,71,3,4,1981.84,,89758.0
8437,2025-03-29,605,74,8,5,963.65,,150265.31
8438,2025-04-26,2552,53,9,1,,92.82,22428.41
8440,2025-06-06,77,10,11,1,1781.03,,55893.64
8441,2026-02-09,2615,74,8,9,1381.68,213.97,
8443,2025-01-01,2805,41,7,2,1013.45,,
8444,2025-07-15,236,80,12,11,729.15,125.14,
8446,2025-08-14,1717,74,4,11,,125.28,66855.6
8447,2025-08-09,2921,39,1,6,1418.7,232.62,
8450,2025-02-24,1440,42,8,3,,229.34,
8452,2025-08-27,1680,58,4,5,298.84,41.5,
8453,2025-12-09,1762,22,10,10,809.46,,
8455,,1036,66,9,1,469.14,102.58,10922.88
8457,2025-04-25,1839,53,5,3,581.15,,88751.97
8462,2025-12-15,1839,47,2,7,94.55,13.93,
8465,2025-11-14,2038,42,4,4,1229.8,260.04,
8466,2026-02-20,1820,53,12,7,551.68,,
8467,2025-03-26,2556,18,12,10,,66.29,11890.92
8468,2025-12-21,1721,60,13,9,339.23,,32395.37
8469,2025-04-21,712,18,7,4,716.21,,94775.46
8471,2025-02-06,481,7,12,12,1076.02,,84069.01
8472,2026-02-17,1570,5,14,7,,172.82,100933.01
8473,2025-01-30,498,24,10,3,1423.29,,276081.24
8474,2025-04-07,272,66,7,10,,172.83,175606.84
8475,2025-12-18,1486,15,1,5,1161.64,,165387.48
8476,,727,35,4,7,1740.45,169.2,36574.26
8477,2025-12-10,1202,14,4,11,867.88,,90297.2
8478,2025-08-14,204,56,1,6,,265.93,118441.88
8480,2025-11-23,2812,9,7,5,-78.75,,2785.68
8481,2025-07-20,2200,56,3,3,246.57,,17319.42
8482,,2329,63,13,1,176.18,,20664.71
8484,2025-11-28,1194,29,15,11,152.23,26.03,
8485,2025-03-28,479,54,11,6,,127.88,310277.82
8486,2025-05-01,1382,33,2,8,,,152086.73
8488,,2716,32,9,1,1568.13,185.04,138948.34
8489,2025-03-06,422,9,15,2,,250.08,
8491,2025-07-22,2014,69,4,6,1080.96,,
8492,2025-08-29,1329,79,8,5,-614.05,,64530.28
8493,,1133,68,11,9,,70.37,
8494,2025-05-01,3708,52,8,3,,155.84,316769.83
8497,2025-12-04,1229,17,15,9,0.0,,118268.78
8498,2025-11-03,377,12,7,11,,131.11,
8499,2025-11-27,1576,13,12,6,598.48,1074.33,
8501,2025-05-05,2132,4,2,6,1479.84,363.76,
8503,2025-06-03,2539,60,12,3,241.01,,12861.96
8504,2025-05-12,640,38,7,9,,115.4,81500.11
8506,,2549,30,2,8,835.87,,85354.18
8508,2025-12-06,2616,25,15,11,620.0,,103460.0
8509,2025-11-26,1428,35,10,8,1459.22,,180799.59
8510,,2393,27,15,2,,1359.83,
8512,2025-06-25,2106,63,15,9,177.16,,23157.94
8513,,716,60,10,3,1603.03,261.9,42571.63
8514,2025-08-15,2153,69,15,3,138.74,,10110.88
8517,2025-08-14,833,24,6,6,242.82,,15386.32
8518,2025-11-24,503,5,7,10,1971.09,115.66,
8519,2026-02-09,707,40,10,6,1641.69,98.85,
8520,,647,80,8,5,134.4,25.6,3970.51
8525,2025-11-19,1644,24,4,9,,,105718.37
8526,2026-01-29,1619,68,15,5,1451.74,,282775.84
8527,,2972,70,3,1,869.71,208.82,118451.22
8528,,1921,7,5,11,794.84,80.7,106346.86
8529,,1576,41,5,11,1151.57,280.86,79552.99
8531,2025-05-24,2332,19,3,5,734.98,108.35,
8532,2025-04-26,1133,76,9,9,1437.81,273.23,
8533,,1065,47,14,11,,,101118.96
8537,,1818,52,2,4,1027.09,111.96,138732.5
8538,2025-04-04,109,53,5,6,,33.06,
8541,,236,36,10,5,491.73,115.11,58803.52
8542,2025-01-20,2939,25,12,1,1337.89,,40250.51
8543,2025-01-23,1145,21,14,1,,100.83,152087.21
8544,,1137,70,2,7,1534.59,100.52,233552.11
8548,2025-02-19,814,74,15,11,,341.06,246398.57
8549,2025-01-10,1203,8,6,2,1451.3,,157225.79
8550,2025-11-09,2439,30,4,4,950.12,207.02,
8553,2025-09-27,2111,51,1,3,0.0,74.14,
8554,2025-09-14,3713,47,3,4,,86.43,73399.52
8555,2025-04-28,106,43,6,6,1903.4,212.38,
8558,,1600,102,4,6,1959.56,308.36,230837.18
8559,2026-02-05,1467,53,13,7,533.25,,72178.2
8560,2025-10-30,3621,35,7,12,724.18,,45225.05
8561,2025-05-04,1495,55,12,2,,384.89,209564.09
8562,2025-03-08,211,33,1,6,,101.66,79086.81
8563,2025-04-12,2190,50,3,11,1488.38,,276644.36
8566,2025-11-25,959,71,6,12,,274.53,124669.22
8567,2026-11-01,2776,45,14,2,,,85689.27
8568,2025-02-01,2269,16,12,6,1947.63,,150008.85
8570,2025-09-25,717,30,4,12,735.08,,122199.26
8577,2025-02-03,2940,20,4,3,,123.05,31510.43
8579,2025-09-13,982,17,10,10,,,
8582,2025-04-27,976,47,3,5,990.59,,140015.65
8583,2025-01-16,81,20,5,8,,67.57,
8585,2025-01-04,485,19,8,6,528.14,,80422.56
8586,2025-04-17,1153,47,6,5,1964.7,259.94,
8589,,1600,53,11,8,366.27,43.41,54156.15
8590,2025-01-19,131,68,5,1,501.63,,18823.69
8591,2025-07-03,1375,26,2,8,,241.5,135166.36
8594,2025-09-10,100,26,11,7,1803.31,,74137.44
8595,2025-07-03,15,41,14,12,959.09,,88031.91
8596,2025-12-29,164,53,12,1,,,
8597,2025-01-31,2084,33,3,6,,303.16,199190.8
8602,2025-06-10,1724,55,12,5,648.7,36.25,
8603,2025-10-01,1590,8,8,4,980.47,,102987.42
8604,2025-10-02,934,14,1,8,1823.81,450.28,
8606,2025-03-15,666,45,8,4,1896.02,,340940.25
8607,,1720,53,8,5,,,70453.61
8608,2026-01-29,1534,38,10,9,,,31902.1
8610,,1871,11,3,1,1309.66,110.78,226980.15
8611,,1219,5,6,10,739.43,51.06,62158.1
8612,2025-06-30,55,11,14,10,,64.97,112675.81
8613,2025-09-11,14,78,3,2,1117.02,,153957.03
8614,,578,55,13,3,1032.09,98.82,57523.62
8615,2025-03-11,1047,58,14,2,,13.93,3380.44
8616,2025-08-05,1907,14,8,5,,,329476.11
8618,2025-03-01,1287,1,12,10,1119.95,275.49,
8619,2025-12-22,2779,35,5,4,,179.21,114032.11
8620,,1911,64,4,7,1122.95,173.95,97433.36
8625,2025-03-07,1773,4,1,10,1977.39,,183229.91
8626,2025-06-12,2915,31,8,9,,,
8629,2025-11-19,1547,63,10,8,641.32,49.49,
8631,2025-05-31,3510,63,6,5,,,
8633,,1708,1,5,8,1882.47,425.13,350107.34
8634,2025-05-02,346,44,11,12,1775.65,,342524.29
8635,2025-07-29,985,36,4,8,,137.63,
8637,2025-10-22,2151,13,13,5,206.08,30.04,
8640,,754,24,4,4,479.96,86.72,95719.32
8643,2026-02-13,698,47,4,12,67.17,,
8645,,35,44,2,11,,,33127.66
8647,,775,21,15,4,1071.56,184.81,22924.05
8651,,272,68,2,3,323.19,59.29,54448.93
8652,2025-12-31,2361,59,15,10,1584.5,348.84,
8659,2025-02-27,2748,77,11,9,1600.69,299.03,
8660,2025-12-25,2721,38,10,10,88.67,,17600.54
8661,,2214,30,4,6,,,
8663,2025-01-25,943,17,11,4,1482.08,,80681.47
8666,2025-01-02,2828,42,9,8,,249.61,
8667,2025-06-02,2727,32,14,8,1730.58,,326061.03
8668,2025-04-10,2188,50,5,9,0.0,,179483.61
8669,2026-02-17,2492,51,14,10,1499.6,252.42,
8670,2025-07-19,3617,21,7,5,609.89,146.03,
8672,2025-03-17,2024,16,6,5,1955.44,,210626.8
8673,2025-08-09,1041,31,5,2,580.15,124.74,
8674,2025-11-18,2778,53,4,11,1941.09,204.68,
8675,2025-11-26,1666,50,6,1,160.95,,14655.47
8676,2025-09-10,1092,70,1,2,,266.44,
8677,2025-05-18,119,62,8,3,,123.99,
8678,2025-10-19,2547,46,9,11,,,17037.07
8679,2025-10-04,1927,15,6,4,624.87,85.73,
8681,2025-05-24,1897,14,3,2,1102.41,,46386.75
8682,2025-04-04,350,23,9,12,,38.28,30944.59
8684,,1205,43,3,11,225.48,35.77,37968.9
8687,2025-09-04,2260,12,14,4,1085.96,,69737.48
8689,2025-03-25,1353,43,12,10,965.32,,36116.44
8691,,744,36,13,11,591.55,136.42,102834.76
8693,2025-03-03,1303,53,4,3,0.0,,
8694,2025-12-02,530,69,7,9,653.01,,
8695,2025-04-28,2462,40,9,12,781.8,,139204.77
8697,2025-06-10,1203,37,9,6,414.96,,48161.11
8699,,2728,11,4,6,1744.58,2301.67,258887.77
8700,2025-02-06,1937,65,8,7,,,200231.59
8701,2025-07-04,2329,24,10,3,558.85,,101317.19
8702,2025-05-27,1364,77,8,9,,224.91,
8703,2025-12-19,150,27,7,2,1745.81,,68729.93
8708,2025-02-17,218,7,1,4,1423.77,284.61,
8710,2025-05-19,1941,102,15,11,,357.11,
8711,2025-07-03,2951,60,2,8,357.64,,33303.77
8712,2025-08-17,2609,65,12,6,,119.46,300304.64
8713,2026-01-16,2654,64,6,6,1624.73,,
8715,2026-01-21,1775,72,12,9,,277.34,38946.14
8716,2025-07-29,1095,56,10,12,1173.47,,42732.65
8717,2026-01-14,353,7,12,6,1390.91,216.25,
8719,2025-02-17,193,25,1,4,997.8,232.35,
8720,2025-07-13,2261,48,5,1,504.25,,99172.34
8721,2025-06-24,11,67,14,7,1560.09,,41640.84
8722,2025-08-23,2597,59,10,4,1982.62,375.68,
8723,,2013,18,10,8,,,
8724,2025-12-07,2333,8,6,7,1795.3,2396.9,
8725,2025-11-11,2937,44,13,4,,169.18,96286.25
8726,2025-10-13,1936,48,1,12,175.91,,30177.66
8727,,963,34,2,12,,80.59,127090.22
8730,2025-03-31,682,32,10,6,1532.85,,209122.34
8731,2025-07-06,1665,3,14,12,,31.05,16819.52
8737,2025-12-05,1346,6,1,2,1078.07,,200952.33
8741,2025-09-16,1700,62,4,7,,,183749.63
8742,,1421,26,12,8,1899.12,212.49,174571.27
8743,2025-09-11,598,38,5,3,,85.99,104543.85
8744,,1059,26,5,12,1938.02,113.6,195133.58
8746,2025-08-24,2306,27,7,9,,166.9,46060.33
8747,2025-09-07,2979,19,2,5,1034.03,,141161.31
8748,2025-07-27,2959,34,3,1,,198.6,
8749,,1988,49,14,8,902.52,192.15,160238.1
8752,2025-05-14,142,51,7,12,,,80467.86
8753,2025-10-20,1142,4,14,3,451.87,,76361.14
8755,2025-01-11,2712,8,6,12,212.31,,41436.17
8757,,2018,62,4,4,,314.02,
8758,2025-05-03,2849,48,5,5,1030.12,223.44,
8760,2025-09-28,1105,10,2,11,1415.72,,189155.89
8761,2025-06-04,2587,67,1,5,980.92,,118407.0
8763,,165,18,11,6,,225.91,
8765,2025-06-29,2557,10,11,5,443.34,737.88,
8766,2025-03-13,2942,70,14,9,,,57139.32
8768,2025-02-14,2264,58,11,12,,124.54,
8773,2025-07-04,2793,43,11,9,,49.01,24806.04
8776,2025-08-26,606,33,2,6,359.57,78.23,
8778,,144,15,4,11,484.85,,
8779,,2183,18,10,6,,,32571.08
8780,2025-11-24,1100,11,15,7,834.18,,50705.35
8785,,12,35,14,12,279.55,55.84,
8787,,1958,69,7,4,135.93,28.53,15167.6
8791,2025-06-28,2840,14,3,11,659.43,68.55,
8793,2025-07-02,742,75,6,1,292.36,,44176.66
8795,2025-03-16,1146,27,11,10,1544.57,195.14,
8797,2025-03-06,2680,58,7,7,1469.07,259.79,
8798,,2608,52,2,5,,180.37,
8799,2025-08-08,2941,39,7,11,509.83,99.92,
8800,2025-04-16,2882,2,9,10,,44.84,15887.53
8801,,797,2,1,12,1885.23,311.79,117898.52
8804,2025-09-06,1333,59,9,7,948.89,233.37,
8805,2025-09-16,814,2,3,10,,114.16,157033.02
8807,,2672,32,6,12,,,76747.62
8808,2025-12-11,3661,78,1,8,1228.95,256.71,
8809,2025-04-27,925,25,11,2,,,
8811,2025-05-23,2281,53,3,9,783.41,,80352.54
8815,,958,78,12,6,761.88,60.15,21080.48
8816,2025-10-12,347,36,15,10,,,3694.5
8817,,2632,57,6,10,1594.52,152.14,137027.83
8821,2025-10-15,1155,19,8,10,1177.23,153.24,
8822,2025-06-12,2503,50,13,9,1133.29,,204752.87
8824,2025-01-02,160,4,4,9,,213.03,168941.51
8826,2025-11-15,1592,70,3,7,1374.2,,
8827,2025-12-15,1130,26,3,9,1607.77,166.92,
8828,2025-06-05,1960,71,13,11,190.66,,
8829,2025-05-31,2877,42,8,3,,187.17,151326.75
8830,,62,35,10,10,,39.11,
8832,2025-05-30,241,16,14,2,,31.13,13341.4
8833,,319,35,10,11,457.58,92.07,
8834,2025-10-12,1457,48,7,8,1558.01,292.76,
8835,2025-03-05,1307,44,14,12,786.93,,116887.47
8836,2025-01-04,893,15,13,2,599.52,,105614.56
8839,,2499,96,1,5,1833.22,,230589.71
8841,2025-08-28,322,39,1,1,697.63,,
8843,2025-05-19,2662,78,5,3,1609.44,179.34,
8844,2026-01-01,2358,2,12,12,1306.71,,86655.44
8846,,358,27,9,3,0.0,93.63,90234.51
8847,2025-05-11,1531,34,15,10,1436.11,159.16,
8848,2025-10-07,2329,76,7,10,1136.71,88.2,
8849,2025-07-27,2646,71,15,8,1445.93,174.45,
8851,2025-05-10,35,24,3,11,1027.94,175.72,
8854,2025-08-28,953,18,3,5,,42.14,98792.66
8855,2025-05-15,846,13,5,9,1959.52,,
8857,,1439,59,1,2,1752.89,237.15,175805.1
8858,2025-03-20,2576,38,4,11,1490.48,,120654.61
8861,2025-10-23,207,24,10,3,,,
8862,2025-05-25,325,24,3,2,242.62,,20757.68
8863,2025-07-05,41,8,13,7,67.42,10.18,
8864,2025-10-16,1614,72,1,10,,260.69,
8865,,2480,10,8,1,1994.91,261.88,
8868,2025-12-21,2010,16,8,6,,,162417.74
8874,2026-02-09,2831,3,11,3,1746.41,,278803.51
8875,2025-08-16,2849,42,15,11,1068.16,,62351.06
8877,2025-08-06,1683,29,10,6,658.12,149.82,
8878,2025-01-16,531,53,11,4,904.25,,87110.74
8879,2026-02-09,862,63,4,8,564.59,68.03,
8881,2025-07-27,2472,3,7,3,1562.11,,281950.7
8882,2025-03-18,2760,27,13,2,1113.96,,166783.5
8886,,1325,41,13,10,412.35,,40102.14
8887,2025-02-18,42,36,5,9,1439.72,267.81,
8890,2025-05-26,1100,34,12,7,206.0,35.9,
8891,2025-02-06,2210,65,7,9,,,48441.97
8894,2025-01-14,806,13,12,7,,114.28,74946.02
8896,2025-02-04,2436,29,6,10,,329.06,88618.24
8898,2026-01-14,2950,25,1,9,887.16,,107409.89
8900,2025-01-06,1208,7,13,4,,91.77,216720.02
8901,2025-09-22,1535,69,14,6,,,220968.93
8902,2025-04-16,1419,72,15,9,,186.29,174426.85
8903,2025-07-01,1308,73,11,2,,65.64,84851.86
8907,2025-04-21,2766,58,15,7,,45.06,12617.45
8913,2025-11-18,1445,19,6,11,,,135129.37
8915,,679,8,8,5,,11.66,11214.16
8916,2025-11-11,1469,33,9,7,,193.29,40980.15
8917,2025-11-28,1201,8,2,6,,,177786.5
8918,2025-03-21,2559,53,10,7,,304.32,
8920,,934,68,14,6,118.98,15.13,15076.76
8921,,1039,27,5,10,1504.67,356.8,117798.91
8922,2025-07-11,55,69,13,7,,19.62,10388.73
8924,2026-01-20,772,9,11,7,,70.25,
8926,2025-08-24,2888,5,6,1,725.98,,62728.14
8928,2026-01-08,164,24,2,9,,133.28,110022.28
8931,,2520,73,8,4,,27.49,
8933,2025-10-25,2683,27,15,11,1914.88,466.04,
8935,2025-02-18,111,76,9,8,599.63,,39479.06
8936,2025-06-01,1306,35,11,5,,42.91,103863.48
8937,2025-06-17,2639,80,2,7,,207.0,175970.18
8939,2025-06-07,2981,75,5,4,1319.18,,227188.23
8940,2025-07-07,1432,74,2,4,,115.99,92975.05
8941,2025-01-10,1901,26,13,10,1145.78,,189670.52
8942,2025-11-03,351,66,6,1,,,81767.66
8945,2026-02-15,1645,76,2,7,,279.01,252779.2
8947,,1966,32,2,8,,,2646.11
8951,,743,63,6,7,,5.86,13623.4
8952,2025-09-18,225,34,4,5,,46.3,68251.73
8953,,811,21,6,10,634.46,85.81,89294.24
8955,2025-01-13,1083,38,14,7,571.87,,87332.87
8958,,2107,78,12,5,1435.14,96.51,
8960,2025-01-04,906,61,5,1,,13.07,7621.26
8961,2026-01-08,2567,19,11,4,506.3,51.24,
8963,2025-09-06,1726,13,3,5,,52.31,26992.28
8965,2025-07-26,134,79,14,4,909.12,199.94,
8966,2025-08-01,2895,1,3,7,1501.05,201.28,
8969,2025-05-23,2062,22,11,5,185.38,,
8971,,2365,30,14,5,534.58,120.89,12993.57
8972,2025-01-12,2522,1,9,4,1201.58,,195139.75
8973,2025-08-23,1248,51,9,4,1379.66,,
8974,2025-07-30,3753,111,15,10,,312.72,227229.33
8975,2025-11-11,650,3,9,11,1545.73,,96772.25
8977,,2481,58,5,12,1676.72,398.06,50505.68
8978,2025-06-01,2992,11,7,12,,103.3,166107.32
8979,2025-03-14,2920,25,9,6,,,14212.25
8980,,2477,34,4,12,1258.15,107.79,144364.58
8981,2025-05-18,2810,13,3,11,340.37,40.23,
8984,2025-03-20,1686,50,7,9,1272.78,260.88,
8986,,2902,9,4,12,1588.94,258.88,272002.3
8987,,2825,15,14,9,1700.76,105.6,260576.6
8988,2025-05-23,1383,75,4,12,605.09,,17858.68
8989,2025-09-29,1685,27,2,6,475.33,,28996.05
8990,2025-04-06,697,64,6,6,1064.01,,59330.24
8992,2025-03-21,2776,4,4,11,,160.78,247158.09
8994,2026-01-03,45,49,13,12,318.44,,19653.45
8996,2025-03-08,1047,16,15,5,784.79,164.93,
8998,,239,39,4,8,366.39,53.78,44094.88
8999,,2504,54,4,2,1979.5,494.67,106351.58
9000,2025-01-27,906,43,9,10,,64.63,61328.73
9002,2025-05-30,2500,48,2,10,,137.05,
9003,2025-08-20,2234,44,8,3,741.53,,62671.23
9004,2025-01-23,673,9,6,4,170.53,21.67,
9005,2025-05-04,1525,51,2,12,1503.05,,181027.53
9006,2025-03-20,778,56,7,10,,122.92,60882.58
9009,,1942,42,7,1,1175.59,276.71,28196.65
9010,2025-07-03,137,12,2,7,1904.1,,83493.93
9013,2025-07-11,2871,69,7,5,,164.98,
9014,2026-02-12,2769,67,14,9,,105.68,371593.31
9015,2025-05-26,2907,1,8,9,,25.37,11570.49
9016,2025-01-17,161,50,8,2,,,100975.93
9019,2025-06-08,2297,48,12,4,,387.8,
9020,2025-04-19,1125,22,5,7,1264.04,,79655.7
9021,2025-10-20,1542,54,8,2,1538.37,202.36,
9024,,2919,37,8,3,631.14,98.2,79072.85
9025,2025-07-25,2748,29,15,4,,13.25,21973.81
9027,,2385,13,4,2,197.46,42.98,
9028,2025-04-24,2274,114,11,11,,,43333.41
9030,2025-02-16,596,12,8,6,,162.08,21207.81
9032,2025-01-11,1526,26,8,4,1790.51,,261164.94
9034,2025-04-16,2288,17,10,9,588.98,,36150.19
9035,2025-09-20,582,9,15,1,813.31,,62070.79
9037,2025-04-17,2868,55,6,10,466.52,,60960.05
9039,2025-03-07,1269,48,10,7,149.83,11.31,
9040,2025-02-11,1505,64,15,3,,11.15,8742.08
9042,,2805,34,14,5,1624.2,357.36,113576.07
9044,,2577,53,10,11,1831.24,156.65,328098.48
9045,2026-02-06,2086,73,9,7,669.76,154.76,
9047,2025-08-03,1167,24,5,3,,270.17,286778.86
9048,2025-04-11,2929,7,3,1,704.11,155.39,
9050,2025-12-03,628,31,6,4,685.74,,37907.36
9052,2025-03-29,2714,36,13,9,,223.51,266702.15
9053,2025-01-18,2269,68,9,6,967.36,136.04,
9056,2025-08-18,169,76,6,10,,139.6,122565.9
9058,2025-12-19,2876,73,3,3,1061.13,235.93,
9061,,1924,33,7,8,483.04,35.57,41105.17
9064,2025-09-11,662,29,12,9,,287.41,234177.12
9065,,2919,6,10,3,751.59,,98483.75
9066,2025-07-19,1019,3,5,1,1792.85,256.26,
9068,2025-04-12,1635,26,4,12,,33.15,35682.06
9072,,307,63,2,3,1419.72,,239354.43
9073,,1729,33,7,9,1721.82,263.58,93758.83
9074,2025-06-09,2644,53,15,11,,,87971.78
9076,2025-06-04,1350,14,12,8,,249.58,246714.97
9077,2025-12-12,2874,47,10,4,751.0,37.93,
9078,2025-02-06,1815,69,1,4,117.84,,10935.96
9079,2025-05-08,2992,19,12,11,55.8,,6136.2
9080,2025-07-28,2642,56,15,5,1161.36,,223942.29
9085,2025-11-18,2901,49,5,6,1244.3,172.17,
9086,,1666,12,4,4,748.81,124.56,
9087,2025-11-06,453,76,2,4,1678.66,,280127.89
9090,2026-02-19,1959,6,10,12,,115.29,110776.15
9091,2025-12-07,2066,44,7,9,,12.83,17578.86
9092,2025-02-05,1659,49,6,8,1250.12,213.15,
9093,2026-02-15,514,5,4,4,,299.29,186976.86
9094,2025-03-18,1055,11,11,9,457.97,,
9096,,1989,60,11,3,1413.06,,199758.18
9097,2025-06-16,596,72,6,8,947.69,,48610.81
9098,2025-05-31,1744,59,12,7,1887.19,380.91,
9100,2025-09-29,579,54,13,3,674.99,95.62,
9101,2025-03-20,542,76,12,1,,10.52,15770.01
9102,2025-05-29,1363,47,2,5,,186.75,118238.17
9103,2025-06-04,60,6,10,4,139.44,10.18,
9104,,2961,56,6,6,469.08,42.05,16000.81
9105,2025-05-21,2048,12,11,12,1041.82,129.46,
9106,2025-01-01,1566,6,13,1,1151.56,286.59,
9109,,2618,33,2,8,114.5,28.61,19186.55
9110,2025-10-27,552,19,14,10,1088.47,226.65,
9114,2025-03-11,1235,9,4,11,,57.01,179180.92
9115,2025-03-27,2587,11,12,2,,142.42,114684.55
9117,2025-09-13,1344,67,10,8,50.91,,
9118,2025-02-21,153,30,15,1,,172.22,190848.19
9120,2025-09-02,2873,18,11,7,,276.62,263404.18
9121,2025-04-21,1931,66,12,10,337.6,,
9122,2025-08-11,1680,37,15,2,1069.62,,120152.6
9123,2026-01-30,2954,2,4,6,1748.21,,270420.77
9126,2025-04-09,1337,10,11,6,961.31,139.48,
9127,2026-02-08,781,72,2,12,,94.38,34153.13
9128,,2763,52,4,7,1832.58,406.11,118414.53
9129,2025-09-13,2480,69,12,4,,168.59,108819.27
9133,2026-02-09,2434,43,3,7,1752.45,,280650.05
9136,,886,39,15,5,434.74,104.44,59178.41
9138,2025-10-13,1597,56,15,11,1206.62,,88947.84
9142,,2041,46,11,8,1162.37,117.42,106938.62
9143,,1149,34,13,9,427.94,26.64,46820.84
9144,2025-12-15,2417,34,10,12,175.52,27.05,
9145,2025-12-17,2515,78,1,11,709.96,,136828.96
9149,2025-07-26,2887,10,14,1,,23.22,25922.18
9150,2025-12-18,866,40,7,1,877.94,,121853.04
9152,2025-01-23,2333,9,13,5,,10.14,9715.7
9153,2025-12-27,670,44,6,8,,260.33,
9154,2025-05-30,2202,39,15,11,,202.4,28524.69
9155,2025-10-27,2477,72,14,1,157.59,18.44,
9156,,975,78,8,5,591.92,,15673.76
9157,,874,63,2,2,1487.31,93.17,124409.24
9158,,1523,55,13,4,,221.04,126169.85
9159,2025-08-13,2229,66,2,5,255.38,,17331.08
9160,2025-01-01,1260,33,10,12,,20.48,11285.0
9161,2026-01-07,387,37,11,12,112.63,,6453.37
9164,2025-07-18,2075,23,11,11,169.71,32.01,
9166,2025-07-03,2177,79,6,4,329.54,71.98,
9171,2025-07-18,2190,36,1,6,1846.39,430.2,
9173,2025-08-12,1860,25,13,5,1813.2,433.92,
9174,2025-11-06,1689,3,8,3,1702.3,,275020.19
9177,2025-01-12,1098,31,14,8,,190.91,93949.26
9178,2025-08-25,490,71,9,4,543.62,57.76,
9179,2025-12-27,2512,75,1,5,,102.74,59861.3
9180,2025-10-20,1241,19,1,9,1403.1,,215638.28
9181,2025-09-14,1954,41,7,2,1677.52,109.9,
9182,2025-06-15,2444,61,9,1,,9.51,2413.09
9184,2025-09-18,1586,68,14,12,1812.31,380.53,
9187,2025-04-27,1098,77,3,1,1809.05,,235392.64
9190,2025-05-24,1953,22,9,1,,226.67,36364.17
9196,2025-07-17,1523,39,5,4,800.19,,
9199,,1182,61,15,5,729.47,74.79,122820.48
9201,2025-11-28,2623,2,7,4,1034.23,,64826.16
9203,2025-05-31,1540,46,2,5,1578.88,,114953.43
9204,2026-01-25,2828,34,15,8,1448.8,,42304.88
9205,2026-01-20,1335,20,8,4,,71.72,74865.68
9207,2025-10-07,357,79,12,1,,45.26,65415.19
9208,2025-10-16,2096,37,11,12,195.78,21.51,
9209,2025-10-01,274,47,4,11,1852.71,,
9211,,410,57,14,5,,45.81,
9212,2025-03-20,242,64,1,1,-1939.36,386.58,
9214,2025-11-23,2078,59,15,6,1872.8,,305149.04
9216,2025-05-10,955,57,3,4,262.93,,
9219,2025-02-19,93,63,14,11,1573.09,,138979.8
9220,2026-02-18,1845,4,9,5,0.0,,
9221,2025-09-26,2299,24,9,11,623.68,152.24,
9223,2026-01-08,2878,43,14,5,,256.73,113751.24
9224,2026-01-01,569,72,5,12,1938.27,,196521.7
9225,2025-05-31,1455,45,3,9,,,
9227,2025-03-22,2227,19,2,12,1988.09,250.46,
9229,2026-01-08,1358,27,4,12,,291.43,180595.93
9230,2025-03-22,2999,59,7,1,,206.52,112041.97
9231,2025-05-22,2071,40,10,10,,40.75,25924.06
9234,,2210,73,7,7,345.03,35.31,21351.25
9236,2025-12-27,156,59,6,8,,155.97,
9238,2025-01-04,2608,58,5,6,1135.58,88.55,
9239,,2171,74,5,7,943.01,96.5,18999.51
9242,2025-12-10,1591,29,12,6,,,21248.82
9244,2025-06-20,2271,4,2,4,,43.16,12235.44
9246,,2001,23,15,10,567.93,34.34,
9247,2026-01-27,967,63,3,10,1667.56,212.29,
9250,2025-07-01,300,29,1,7,-860.86,109.14,
9252,2025-04-17,1193,42,1,2,,8.67,
9255,2025-02-07,1948,61,6,5,,147.68,
9258,2026-01-04,54,66,14,11,,112.39,42513.75
9260,2025-03-06,1107,27,8,5,1680.39,,266553.18
9262,2025-03-31,319,29,9,10,1262.38,292.1,
9263,2025-01-15,369,12,4,1,,282.72,100653.14
9265,2025-07-14,1907,22,8,9,1523.69,,34845.25
9268,2026-01-16,2132,60,12,9,276.7,,40111.2
9270,2025-11-22,1152,78,12,12,,112.51,113019.08
9272,2025-12-15,2015,80,12,5,,,
9273,2025-03-29,1197,39,3,2,,,28937.06
9275,2025-05-11,2077,39,14,3,,94.92,56347.77
9277,2025-07-14,1990,8,4,4,143.25,31.79,
9279,2025-11-05,2686,45,7,1,,146.36,30609.91
9282,,75,9,14,5,1791.39,233.76,141825.21
9285,,2422,16,12,2,,55.24,18294.85
9287,,28,76,1,9,,181.13,43256.24
9290,2025-07-05,2455,62,1,10,550.69,,26935.51
9293,2025-01-07,1663,79,2,10,,,168570.85
9294,2025-06-07,959,78,7,1,,115.97,36529.45
9295,2025-10-06,1049,20,3,12,,251.47,136554.19
9297,2025-01-18,1276,21,13,12,,44.56,6580.78
9302,2025-10-11,2137,19,8,3,,371.7,93581.29
9304,2026-01-07,290,71,5,3,1857.47,,194310.93
9305,2025-05-14,3584,48,11,5,1144.78,,140545.04
9306,,718,17,12,11,1094.12,,
9308,2026-01-12,306,20,9,3,1269.67,,
9312,2025-03-05,1242,54,9,1,1887.46,369.04,
9315,2025-05-15,480,57,2,3,1720.11,,63903.49
9316,2025-11-12,954,37,13,1,639.14,,20251.87
9318,2025-01-18,1531,58,1,8,886.5,88.8,
9320,,25,18,12,12,,107.67,142939.27
9321,2025-09-01,248,27,7,2,,43.41,
9322,2025-12-23,929,43,14,6,,408.77,230807.95
9323,2025-08-28,738,52,12,7,1348.98,269.11,
9324,2025-02-27,58,9,3,1,,,178047.32
9325,2025-12-30,1462,30,10,1,0.0,,169071.07
9327,2025-06-17,67,30,5,3,504.39,,67825.87
9328,2025-07-07,2811,32,5,10,201.2,34.81,
9330,2025-11-26,1099,7,13,1,,55.41,63590.58
9332,2025-08-01,1825,52,13,3,976.01,58.7,
9334,2025-07-13,601,12,5,2,,207.7,
9339,2025-12-18,1979,10,14,9,545.88,81.17,
9340,2025-09-27,1415,60,11,11,95.26,11.52,
9342,2025-10-13,2573,31,12,6,1140.93,168.71,
9343,2025-09-14,389,77,6,12,,,156897.39
9344,2025-04-04,2509,23,9,4,1855.07,,235139.7
9345,2025-10-10,827,48,12,7,1255.18,202.49,
9347,2025-08-19,1336,44,6,4,146.99,22.48,
9348,2026-02-01,1178,27,14,2,1473.47,129.41,
9349,2025-07-25,2911,7,7,6,1417.01,107.54,
9350,2025-08-09,2214,72,3,5,,90.17,97489.77
9352,2025-08-06,177,75,2,11,,236.45,239560.53
9353,2025-03-08,3806,58,8,10,970.94,,76420.46
9358,2026-09-02,1252,6,5,12,0.0,,101818.46
9361,2025-06-09,789,31,10,4,1453.68,,261463.29
9363,2025-07-31,1026,43,13,2,,308.19,249101.77
9364,2025-05-15,1653,12,4,9,914.09,157.63,
9367,2025-04-04,2410,20,10,12,1953.46,,105773.39
9368,2025-01-16,2524,16,9,6,434.87,,80299.47
9369,,2317,75,4,5,1440.89,241.11,160068.12
9370,2025-11-08,79,73,7,1,1381.34,166.06,
9371,2025-08-06,75,42,3,1,1430.19,,102851.8
9373,2025-01-19,2832,4,8,9,,114.12,70578.31
9375,2025-12-03,2315,47,3,2,802.73,,137310.22
9377,2025-11-15,554,78,1,3,,152.36,115566.05
9379,2025-10-25,2056,71,13,6,1876.89,103.58,
9380,2025-12-14,2587,19,5,3,,,
9384,2025-10-31,2033,7,8,8,837.02,198.43,
9385,2025-05-08,2623,41,8,4,,,58240.12
9386,2025-08-17,610,28,14,4,,48.93,20734.27
9388,2025-03-24,2492,73,11,7,,253.44,31349.48
9392,2025-08-06,1605,5,8,8,1495.04,,
9393,2026-02-19,365,40,6,10,86.84,,7264.48
9395,2025-02-03,573,23,6,8,,,102382.35
9398,2025-07-17,1548,18,5,10,,128.18,
9399,2025-08-11,1718,53,2,11,450.25,98.88,
9401,2025-09-15,1908,68,13,10,,23.17,20740.56
9404,2025-10-11,825,19,4,1,409.25,101.25,
9406,2025-06-20,2017,90,1,2,1451.56,211.96,
9408,2025-04-13,475,9,13,7,1696.98,358.24,
9411,2025-11-27,271,18,13,11,283.89,,15402.61
9412,2025-12-20,1145,16,5,1,989.51,167.07,
9413,2025-11-25,194,12,8,2,,59.74,115483.85
9414,2025-10-02,1711,5,6,6,,15.23,5936.06
9415,2025-11-15,135,70,2,8,,96.23,52253.6
9417,2025-02-16,599,33,11,1,414.5,101.14,
9418,2025-09-19,2825,79,12,10,,14.67,
9421,2025-08-28,2116,76,12,8,,,77960.11
9422,2025-07-06,2710,21,2,7,132.39,18.07,
9423,2025-11-07,2473,6,5,10,,28.22,31488.45
9425,2026-01-13,1502,6,3,7,,32.01,36946.31
9427,,1237,6,15,8,911.99,158.25,160651.1
9429,2025-04-10,803,7,5,8,,109.37,24330.31
9430,,2497,45,9,12,1408.33,334.75,
9433,,3555,43,7,1,1450.44,190.33,226295.15
9435,2025-01-17,1393,43,8,11,118.97,23.56,
9439,2025-08-01,2335,80,5,9,,186.72,297016.68
9440,2025-02-07,275,61,10,11,,76.33,178101.71
9442,2025-03-24,2960,34,15,6,1083.82,,195218.05
9443,2025-01-16,2448,20,14,11,,116.74,28866.33
9444,2025-11-05,2520,52,1,11,1901.31,,313524.57
9445,2025-04-26,123,75,1,9,,,
9446,,1636,48,3,1,1722.15,392.92,128779.94
9447,2026-01-04,2141,18,15,1,,58.53,167234.87
9449,2026-01-27,851,7,7,12,,181.92,184390.06
9451,2025-06-20,2063,45,2,12,1978.23,,370148.99
9454,2025-03-22,2091,54,8,4,,80.82,27103.76
9455,2025-10-04,969,43,8,9,431.13,,85413.45
9457,2025-10-15,271,96,5,3,794.58,,90196.85
9459,2025-08-02,1715,4,9,4,,400.84,277513.3
9460,2025-01-12,734,28,8,10,,162.07,384668.25
9461,2025-04-25,1744,67,8,12,,,24634.88
9462,2026-02-18,2095,29,11,12,1730.54,352.37,
9463,,55,73,13,4,1193.7,130.07,24939.54
9464,2025-07-08,1947,80,5,5,1394.73,213.99,
9465,2025-12-02,2304,8,6,3,910.42,,52503.35
9467,2025-03-15,1071,2,10,3,,35.88,20180.25
9469,2026-01-14,1570,72,3,4,1926.85,347.23,
9470,2025-12-17,2333,37,10,10,,,5159.7
9471,2025-01-11,946,66,11,12,,,37977.23
9472,2025-04-02,1742,22,4,6,468.96,,
9473,2025-12-26,1388,64,5,9,693.82,116.78,
9475,,2733,37,14,8,1033.98,148.6,39561.06
9476,2025-03-14,1928,4,2,9,,,63272.65
9477,,2191,57,14,12,436.61,71.25,55816.7
9478,,1992,61,6,11,1405.27,289.74,50169.25
9479,2025-01-02,573,78,12,11,,131.93,135743.02
9481,2025-04-30,1232,55,1,3,1015.98,161.28,
9484,2025-03-16,895,26,1,8,1933.56,,208356.39
9488,2025-02-19,1399,35,7,6,,166.35,111340.92
9490,2025-11-29,669,57,14,2,80.58,17.97,
9492,2025-08-21,2479,67,4,11,,9.35,6740.24
9494,2026-01-21,2426,1,3,6,1634.61,260.89,
9495,2025-02-28,2455,22,1,9,1074.23,,
9496,2025-05-24,963,32,9,11,1849.35,,248303.25
9497,2025-06-06,1860,27,14,1,777.73,,27650.32
9498,2025-07-25,938,4,9,9,,369.93,111995.27
9499,2026-03-02,2243,44,7,7,1550.1,324.46,
9502,2025-08-23,1406,77,15,9,,,
9507,2025-11-19,2112,34,10,4,,,12816.68
9508,,2698,28,12,9,1838.58,238.85,170829.71
9512,,728,30,7,7,1066.02,160.22,
9514,2025-07-28,2714,49,4,9,,92.32,89185.6
9515,,1248,2,14,7,322.01,20.79,18964.96
9516,,2502,31,1,9,,,77577.5
9517,2025-11-07,882,13,3,10,973.04,172.08,
9518,2025-06-30,224,69,15,7,,105.11,
9521,2025-02-02,179,48,3,4,968.07,,29514.86
9522,2025-10-08,2496,20,11,6,,,197568.99
9523,2025-10-03,1151,6,15,3,,,72744.8
9525,2026-01-13,1540,39,7,6,591.41,97.44,
9526,2025-08-06,2449,56,3,11,1297.93,,56435.45
9527,,408,28,9,12,68.53,,
9529,2025-12-18,2626,74,4,4,1626.38,,235963.47
9530,2025-09-04,1508,13,1,12,978.84,211.26,
9534,2025-08-01,2908,77,1,3,1869.08,,343375.56
9537,,2430,67,8,6,187.15,33.25,
9538,,451,5,14,2,288.29,63.16,30709.88
9539,2025-08-15,1629,13,10,2,,277.24,114497.66
9542,2025-04-11,540,4,9,12,1106.1,212.21,
9544,2025-07-04,535,47,11,9,1241.15,,28168.2
9546,,80,21,6,1,841.63,96.95,53846.72
9547,2025-08-11,2720,1,8,8,1092.27,155.11,
9548,2025-12-20,2013,75,2,3,,311.33,40680.9
9549,2025-03-10,1982,54,12,3,1309.07,,246969.32
9552,2025-11-12,1816,40,1,1,971.58,,194233.73
9555,,1984,50,15,6,731.04,51.12,53931.5
9556,2025-03-22,355,67,15,12,,29.17,12927.28
9557,2025-10-08,1325,54,5,2,555.12,,44708.47
9558,2025-09-26,924,67,4,4,,285.05,144902.09
9561,2026-02-01,2638,21,12,8,,344.91,221603.68
9562,2025-03-18,1327,38,14,4,501.68,58.42,
9563,2025-09-28,2149,58,5,5,,3.57,3449.02
9564,,1245,46,6,1,1675.12,174.1,334200.4
9565,,2807,55,9,7,714.43,160.55,24759.65
9567,2025-12-13,382,63,12,2,635.41,,103298.74
9569,2025-02-08,653,38,3,7,1741.1,144.06,
9572,,1693,5,6,11,,157.07,326047.6
9573,2025-08-11,912,44,10,9,168.93,,12190.84
9574,2025-01-24,1499,72,4,5,1502.59,97.54,
9576,2025-02-01,1747,7,8,10,,220.28,155492.69
9578,2025-05-18,987,44,15,8,1761.65,,112660.07
9579,2025-08-10,1967,20,2,5,837.68,201.24,
9581,2025-09-19,2889,69,4,3,787.38,86.57,
9584,2025-02-01,2535,17,7,7,1964.7,198.75,
9585,2025-04-06,1158,22,6,2,924.35,,33513.27
9588,,331,17,1,10,1652.64,122.44,212732.9
9590,2025-08-15,1902,73,11,7,184.6,,26624.04
9591,2025-11-20,422,63,1,4,966.72,,77049.3
9593,2025-12-03,2346,10,3,12,,,48441.63
9594,2025-10-25,2985,19,6,2,663.68,,95415.76
9595,2025-08-28,2647,40,9,7,,156.34,125708.1
9596,2025-05-21,275,43,8,8,67.62,7.08,
9598,2025-09-14,2667,68,2,8,,,
9599,2025-01-08,2640,2,14,5,,285.16,65533.11
9601,2025-02-22,2317,75,11,5,370.58,,49023.73
9605,2025-06-19,2848,27,4,9,,225.16,218004.07
9607,2025-10-25,1233,51,13,4,1293.41,,161785.21
9608,2025-09-26,1450,79,1,3,1434.25,,151163.76
9611,2025-07-17,536,18,8,6,1017.09,,59100.47
9615,2025-11-27,219,56,2,6,779.76,,129476.47
9620,2025-01-24,723,74,6,1,1303.26,,61736.44
9621,2025-05-20,2372,15,3,1,,129.03,
9622,2025-12-18,2339,63,2,9,1045.93,214.88,
9623,2025-02-11,2063,41,10,12,455.39,733.14,
9625,,393,57,9,1,1565.54,201.24,232382.45
9626,2025-09-05,1628,14,11,6,528.97,75.93,
9627,2025-04-30,391,61,10,5,,108.87,
9629,2025-02-05,58,74,3,11,330.07,,51718.81
9630,,2832,56,3,3,1397.4,81.51,104268.92
9631,2026-02-20,2258,23,10,6,,,13330.14
9635,2025-10-09,499,16,5,3,1649.85,292.65,
9638,2025-08-13,1130,73,14,10,,245.11,303249.31
9639,2025-03-10,898,11,4,11,217.14,12.66,
9641,2026-02-20,660,67,6,10,1887.17,,
9644,,2069,77,7,2,483.04,,82963.53
9646,2025-12-02,220,41,10,10,1833.23,,71510.77
9650,2025-03-16,2476,46,1,10,1185.68,157.86,
9658,2025-05-31,2299,23,1,3,,,90441.15
9659,2025-01-20,131,20,8,7,,85.44,
9660,2025-05-25,798,3,12,12,,133.15,
9661,2025-05-03,60,16,12,2,629.38,,20032.73
9662,2025-01-20,1990,5,8,7,1459.68,,57716.5
9663,2025-02-05,1068,53,4,11,,39.66,
9666,,1595,37,3,10,1353.43,102.91,234586.49
9670,2026-09-02,771,43,10,9,1412.87,,114785.23
9673,2025-05-02,3586,25,3,1,,15.12,5745.01
9678,,2211,52,11,4,,315.22,
9679,2025-05-14,30,73,2,6,-484.05,,11103.35
9681,2025-11-27,812,31,1,7,,116.7,87315.07
9683,2025-11-25,745,63,12,7,88.63,,9123.82
9685,2025-11-04,1555,12,14,5,,215.57,64058.68
9686,2025-04-19,2407,17,13,10,,113.8,170268.92
9688,,1244,18,5,8,973.45,192.02,170616.47
9691,,975,39,12,4,1094.56,183.9,
9695,2025-06-22,42,80,13,9,,371.64,210210.75
9696,2026-01-07,2788,68,12,3,866.36,116.46,
9698,2025-01-24,1005,51,10,3,,135.82,71238.97
9699,2025-06-09,1474,76,9,6,135.63,23.06,
9700,,130,64,2,7,1242.27,187.94,227991.97
9702,2025-02-25,825,37,7,4,112.67,14.2,
9703,2025-12-13,852,35,1,3,1960.49,,39704.05
9709,2025-01-24,2821,56,2,3,,65.01,71917.2
9711,2026-01-17,417,9,10,3,1621.08,176.53,
9715,2025-08-09,1725,8,11,5,,32.47,20318.51
9717,2025-08-31,2445,51,12,6,1975.59,129.1,
9721,2026-01-24,929,35,14,3,1366.73,329.47,
9722,2025-04-13,1144,41,15,7,1016.66,,56347.57
9723,2025-03-02,1889,108,2,12,124.0,,21269.41
9725,2025-12-07,3747,16,15,2,,25.26,12644.65
9728,2026-01-03,1429,2,10,9,,,257600.06
9732,2026-01-05,1288,49,3,9,1566.92,,163751.86
9733,2025-02-12,1988,70,13,6,542.59,,67043.28
9734,2025-04-24,1661,4,12,12,,104.13,241204.18
9735,,2124,75,1,6,579.21,66.98,114711.36
9737,2026-01-17,2576,39,14,3,,236.47,319828.94
9738,2025-05-04,1315,32,7,1,1443.84,,288162.11
9740,2025-04-25,2657,14,6,12,,183.98,209256.95
9741,2025-12-31,1068,29,14,1,776.43,124.36,
9745,2025-02-25,2020,44,12,6,,350.53,219151.88
9748,2025-09-05,2469,50,10,7,1969.85,,123530.36
9751,,1719,4,8,4,,173.49,132349.08
9753,2025-08-30,215,24,3,8,1225.7,,214347.07
9754,2026-02-15,278,24,9,2,,26.74,52190.81
9756,2025-07-28,664,18,14,2,,,21166.77
9757,2025-12-25,826,39,4,3,1635.53,,317234.22
9759,2025-04-01,2313,20,8,1,644.85,,71094.41
9761,2025-04-11,819,7,8,2,,2158.54,
9767,2025-03-09,1140,80,7,12,1353.87,,202075.68
9769,2025-06-18,1213,61,10,6,1919.34,,180358.92
9770,2025-03-05,2226,14,3,10,679.11,,43245.41
9771,2025-09-17,423,46,13,9,,225.13,100836.26
9772,2025-02-05,2105,50,11,6,277.61,,46344.0
9773,2025-02-24,2303,25,10,8,,186.26,184095.84
9777,2025-04-20,1216,26,15,10,1831.97,,235310.03
9778,,514,23,4,8,,26.96,5554.53
9779,2025-01-15,2258,33,9,2,,198.85,155612.66
9781,2025-01-13,701,51,10,10,736.47,,
9782,2026-02-03,990,11,15,12,,153.45,59718.43
9783,2025-09-22,2830,76,6,4,238.74,40.73,
9784,2025-11-26,2935,23,8,2,842.69,,90391.33
9788,,1123,47,1,3,1126.56,185.13,215009.56
9789,2025-03-12,761,61,7,3,,308.89,
9790,,1608,48,7,9,1170.24,61.68,145577.71
9794,2026-01-03,988,63,13,12,,421.04,77558.08
9795,2025-06-16,1133,70,1,2,,168.38,95315.8
9798,2025-05-07,3615,55,5,1,,,55217.11
9799,2025-03-20,1959,26,9,8,,43.69,53647.25
9800,2025-08-10,2584,70,8,2,1080.84,188.6,
9802,2025-08-10,2101,45,10,6,670.77,101.68,
9804,2025-09-28,1074,42,13,6,891.11,220.32,
9806,2025-06-22,1028,78,3,7,470.22,,
9807,2026-02-17,2426,71,2,3,1144.71,216.05,
9810,2025-01-24,642,66,1,1,1878.59,431.95,
9812,2025-07-08,223,67,10,5,,360.86,119135.4
9813,,2447,3,15,11,897.64,109.06,61190.49
9814,2025-03-23,2276,55,11,5,1084.76,1263.89,
9815,,2820,62,3,2,1988.27,,276134.65
9816,,2086,46,3,9,1563.35,102.91,131329.67
9817,,347,1,9,2,1822.64,263.19,250675.31
9819,,1071,7,15,6,1447.4,127.71,101162.48
9821,,742,29,5,6,1895.45,,84273.24
9822,,1302,38,10,7,,147.71,
9823,2025-03-15,2839,39,14,10,1623.82,,
9825,,2253,53,3,9,1377.83,217.98,226929.68
9827,2025-12-27,251,79,10,9,1193.84,259.68,
9829,2025-04-22,2447,75,15,4,405.11,66.56,
9830,2026-02-02,1788,73,6,12,,242.11,40540.86
9831,2025-10-21,2721,45,14,12,903.09,178.93,
9832,,2874,73,7,12,1281.13,,136759.51
9836,2025-12-03,3689,55,13,2,1963.98,,60579.55
9838,2025-10-22,92,43,11,6,988.25,91.82,
9839,2026-02-13,2421,58,2,5,,,
9840,,55,38,8,10,,75.14,289568.5
9841,2025-08-15,925,77,6,4,1820.34,144.06,
9845,,1073,49,1,12,,179.19,78372.61
9848,2025-09-27,2838,2,6,10,581.37,68.67,
9849,,313,1,1,10,,128.91,276384.45
9851,2025-10-27,655,69,14,1,1969.55,,
9852,,619,2,8,10,137.51,15.55,6882.76
9853,2025-08-11,2677,68,13,6,195.19,,7487.58
9856,2026-01-17,1092,65,11,10,1868.78,389.57,
9857,,2612,3,1,5,,,
9859,2025-12-13,2274,31,15,7,947.51,233.96,
9860,,1464,33,1,10,1836.99,373.15,321143.38
9861,,874,77,7,10,240.86,33.83,
9862,,2655,72,14,2,155.86,16.22,21398.5
9864,,687,55,15,10,1946.9,316.06,
9865,2025-03-28,1507,6,11,7,554.58,,30179.93
9867,2025-06-30,2135,8,9,8,,154.03,182221.42
9868,2025-06-09,304,3,8,2,1488.76,217.48,
9870,2025-07-23,2679,2,1,9,1345.55,,132215.85
9875,2025-08-01,2606,24,14,7,191.63,31.25,
9877,,1705,50,12,5,407.42,27.05,14212.64
9878,,693,7,9,8,958.43,,77621.07
9879,2025-04-08,2985,31,9,6,339.39,39.29,
9880,,1915,18,3,5,1893.75,,302641.46
9882,2025-12-15,2122,53,2,10,,300.28,125556.72
9883,2025-12-29,839,35,4,5,,243.0,118457.01
9884,2026-01-08,1006,80,6,2,1683.86,392.31,
9885,2025-12-08,526,77,15,12,1435.35,,106664.57
9886,2025-02-20,2253,53,7,5,1595.65,,
9887,2025-12-06,562,10,3,10,,,63518.72
9888,2026-01-12,2558,17,3,7,427.11,,14852.3
9889,2025-09-20,2059,52,14,7,1464.3,181.98,
9895,2025-03-12,1598,41,1,5,1925.01,191.24,
9897,,388,5,14,1,,379.78,
9899,2025-09-18,176,8,6,9,1342.5,145.79,
9900,2025-05-21,2051,80,2,5,,238.83,124279.28
9901,2025-12-14,2147,58,10,7,874.88,86.74,
9903,2025-11-26,103,69,10,6,720.59,44.56,
9904,2025-08-16,505,17,14,9,,53.59,48337.79
9910,2025-07-10,1157,39,14,12,0.0,,15246.02
9911,2025-08-11,215,1,9,7,,260.05,28815.15
9913,,540,4,6,1,1362.93,222.07,195556.27
9915,2025-07-23,1298,27,9,11,1057.56,,198500.92
9917,,179,24,6,6,1646.13,88.85,172446.69
9918,2025-10-07,2321,8,5,11,,309.92,
9919,2025-10-31,1188,30,5,11,,80.01,18288.81
9920,2026-01-02,3727,54,1,1,1484.17,129.02,
9921,2026-02-10,214,32,2,10,753.53,,104523.99
9922,2025-12-07,1352,23,8,2,1682.62,,190316.28
9923,2025-02-10,986,58,12,4,,109.32,247997.32
9927,2025-12-19,1918,49,1,12,,205.92,36752.28
9928,2026-01-01,584,55,12,9,,272.48,
9929,,2728,21,8,11,243.99,48.94,
9930,2025-02-22,2035,43,14,4,519.25,125.83,
9932,2025-10-08,420,55,4,8,571.08,137.61,
9934,2025-08-30,1441,21,7,3,,26.5,36401.59
9936,2025-08-27,1137,19,13,8,,97.69,48594.86
9937,2025-10-09,2464,35,2,2,,,194030.14
9938,2025-07-08,65,73,6,12,,52.57,59242.66
9942,2025-11-02,786,34,3,11,,267.59,104977.59
9943,2025-07-28,2897,11,6,9,,117.12,263583.83
9944,2025-06-09,1647,33,13,7,959.07,,
9946,2025-03-24,2908,1,2,9,1153.52,228.49,
9948,2025-04-09,1273,27,9,2,666.6,,23550.45
9949,,1805,28,7,1,1534.25,163.68,65388.22
9951,2025-01-26,3869,78,7,6,1540.07,,258762.57
9952,2025-05-21,2852,78,11,12,,135.03,197198.77
9954,2025-03-03,2934,16,9,8,83.31,,8524.57
9955,2025-10-12,2636,19,11,3,1774.22,266.33,
9957,2025-05-24,1199,15,3,5,,131.87,154491.15
9962,2025-04-26,2634,10,4,1,,92.33,170389.57
9963,2025-02-27,2149,12,8,12,147.44,26.87,
9964,,2836,1,9,1,1849.32,451.03,352128.5
9965,2025-04-24,2269,79,4,10,,,
9967,2026-01-12,1437,38,15,3,,,164962.65
9968,2025-08-13,13,73,1,5,1590.03,,233951.01
9969,,207,13,14,6,,83.13,19107.63
9970,2025-03-29,1486,27,3,3,,21.52,45196.07
9972,2025-11-24,3783,12,3,8,,67.26,72218.5
9973,2025-05-23,2728,29,4,3,410.87,94.21,
9975,2025-04-24,1790,34,11,2,359.44,,
9976,2025-07-14,964,68,6,12,,10.74,
9977,2025-11-11,2559,75,7,5,188.02,42.13,
9978,2025-03-23,492,53,12,8,,353.8,
9979,2025-05-14,1143,12,14,3,,198.36,67255.64
9980,2025-09-11,1047,11,1,5,-885.54,168.03,
9982,2025-10-18,1495,5,11,7,,,147413.92
9984,2025-01-23,2363,36,4,7,,381.63,
9985,2025-08-04,419,69,14,7,1286.09,176.92,
9987,2025-04-06,2170,71,6,8,1738.69,,269255.91
9990,2025-12-09,2764,26,15,5,1916.44,334.94,
9991,2025-10-20,127,33,6,9,1679.93,,
9994,2025-12-10,91,67,7,12,,,160319.63
9995,2025-02-09,579,11,1,1,,85.98,
10000,2025-07-13,2333,16,12,1,,50.98,43019.58
10003,2025-05-07,1843,33,9,4,,,296237.72
10004,2025-04-06,739,70,10,12,695.86,,40690.53
10006,2025-06-01,436,14,12,3,,,
10007,,1038,35,8,3,,40.01,
10009,2025-07-13,1224,42,14,7,,92.73,308400.52
10016,2026-03-02,2392,9,4,12,1909.23,372.13,
10018,2026-01-27,2570,68,14,8,476.54,,60282.12
10020,2025-01-28,994,57,13,12,,234.98,170875.07
10021,2025-04-14,1132,80,3,12,,,60995.17
10023,2025-02-01,2696,2,2,10,,,105736.73
10024,2025-10-01,1924,62,10,4,500.72,,46365.97
10027,2025-12-03,1382,64,14,7,,,56208.99
10028,2025-01-28,593,2,4,1,,,86287.14
10030,2025-03-17,2065,4,5,2,1466.59,,173882.41
10031,2025-02-27,1147,3,7,2,1029.25,,184853.76
10032,,734,76,15,5,,127.12,227085.26
10035,,957,47,9,8,1522.61,258.3,77518.01
10038,2025-01-04,2766,28,8,12,,,79780.43
10039,2025-04-18,2648,44,3,8,1649.57,209.01,
10040,2025-01-05,3834,31,5,1,,74.64,
10041,2025-04-14,2214,5,7,2,,108.23,292504.83
10044,2026-02-02,1646,70,7,6,,,6333.35
10045,2025-09-11,1987,68,13,8,,138.26,211921.4
10046,2026-01-11,119,66,8,2,1406.32,295.14,
10048,2025-05-30,32,15,12,11,,74.37,94986.25
10049,2025-01-24,2988,78,8,10,,,229350.22
10050,2025-07-20,1753,37,8,12,,168.24,126148.14
10051,2025-09-05,946,9,14,3,,70.35,237463.46
10053,2025-10-29,1047,60,7,1,,256.53,248332.88
10054,2025-06-18,733,47,2,4,,24.93,46703.42
10056,2025-11-27,1540,51,10,4,,169.35,298221.61
10058,2025-03-06,1697,57,15,12,1702.12,,
10059,,848,54,2,11,1368.22,165.57,195364.04
10060,,1339,52,7,5,,113.82,161377.53
10062,2025-06-02,2571,57,15,1,,201.4,173602.6
10063,2025-05-27,2601,116,1,12,1078.0,,73153.09
10066,2025-07-13,64,76,14,6,1714.56,,
10067,2025-03-17,1359,33,8,4,,254.65,153946.65
10068,2025-01-10,2571,45,3,9,1809.3,,328316.68
10069,2025-01-27,777,12,2,2,,178.02,60220.1
10070,2025-09-06,1912,73,11,5,607.17,79.17,
10071,,2415,5,4,12,1339.69,240.64,187134.32
10072,2025-11-15,2668,73,15,9,,,54541.22
10073,,1036,46,3,7,729.76,47.45,106697.01
10074,2025-04-03,1416,54,4,6,,36.85,
10075,2025-10-10,2249,3,5,5,1179.04,139.34,
10077,2025-03-18,1213,3,10,4,,290.57,114792.49
10078,,1498,48,13,3,597.86,46.43,48698.15
10079,,1981,18,13,3,1903.92,162.04,337967.4
10080,2025-06-22,1980,51,4,10,,97.96,196955.83
10081,,2495,20,1,1,644.42,121.94,79401.0
10082,2025-03-04,697,15,4,12,1888.83,,
10087,,646,63,9,9,,,119530.23
10088,2025-08-02,1100,19,8,6,,,80216.84
10090,,629,58,10,2,380.65,67.35,46932.32
10091,2025-05-14,1043,14,1,5,693.77,67.51,
10092,2025-11-01,2756,16,10,1,1480.1,,
10093,,987,44,12,11,1928.65,180.53,176341.35
10094,2025-12-08,186,24,11,8,1323.89,,
10096,,1543,27,5,12,,119.2,201977.42
10098,2025-12-01,709,44,15,11,351.26,65.3,
10099,2025-08-10,293,21,8,10,,318.49,
10100,2025-04-30,11,66,14,8,,153.54,324619.29
10101,2025-05-12,1915,47,13,12,,,59308.29
10102,2025-01-05,1764,76,15,2,225.12,,
10104,2025-06-12,1695,52,8,11,77.28,,
10108,2025-02-15,840,36,15,10,,100.65,
10109,,821,42,15,5,,203.97,207721.87
10113,2025-12-18,2820,7,3,12,894.12,90.13,
10114,2026-02-16,2398,66,14,3,,293.34,
10115,2025-09-01,7,67,12,9,1816.18,,
10116,2025-05-05,2651,39,3,11,,13.93,4160.33
10122,,1235,13,11,11,,,
10123,2025-09-05,2851,46,7,9,1646.59,,169951.18
10124,,363,15,6,8,,301.51,217714.12
10126,2025-04-02,62,70,2,6,1854.01,137.14,
10127,2025-09-23,2584,41,2,10,112.52,21.38,
10129,2025-08-24,2256,56,3,5,,295.53,196287.7
10130,2025-06-27,1365,40,13,11,1613.54,382.15,
10131,,3858,44,5,10,1865.6,146.96,
10132,2025-10-04,878,25,13,11,,,96199.03
10135,,2038,44,10,9,,849.19,51016.42
10137,2025-08-20,1842,33,8,8,,67.67,11113.76
10138,2026-01-24,1285,7,2,5,1716.97,,158463.38
10141,,173,26,3,12,291.06,69.16,32407.1
10142,,2074,30,15,11,1768.23,359.31,190876.31
10145,2025-03-15,1595,7,10,1,685.16,59.32,
10146,2025-09-21,2737,20,14,5,,268.34,227825.17
10147,2025-09-20,2948,34,8,4,333.99,,37982.38
10148,2025-08-29,1470,39,2,9,,198.84,98492.7
10149,2025-09-25,351,48,15,10,1766.47,377.51,
10150,2025-01-06,442,62,12,10,1803.04,,122597.93
10151,2025-06-05,1433,44,8,2,,208.4,
10152,,513,63,5,10,1600.18,,258725.15
10154,,294,51,3,7,485.16,76.67,68858.21
10155,2025-11-06,737,64,11,1,342.58,534.47,
10156,2025-09-18,2798,31,3,4,732.32,,133280.75
10157,2025-06-22,1719,64,15,10,,,63278.95
10158,2025-04-15,572,80,9,1,,58.83,76482.63
10162,2026-01-09,1711,61,12,6,,257.44,
10163,2025-09-26,1175,57,15,5,,200.47,264321.66
10165,2026-02-17,877,105,2,1,447.2,81.32,
10166,2025-12-09,1807,32,5,12,1016.96,,128894.55
10167,2025-10-25,2763,67,3,8,,361.99,
10168,2025-07-21,1037,77,14,3,,,
10170,2025-11-07,1965,11,4,4,964.64,187.38,
10171,2025-01-05,1109,44,4,5,,293.1,352066.87
10175,2025-01-19,2082,37,14,4,750.43,,73757.81
10178,2025-10-06,1988,79,10,12,532.97,,63872.92
10180,2025-11-22,1755,78,3,2,603.91,,83521.72
10181,,2918,67,8,3,1155.47,,34057.56
10183,,2253,9,15,6,264.89,329.58,13909.55
10184,2026-02-17,1638,45,3,3,,45.64,
10185,2025-06-12,1290,7,10,2,,302.79,85332.78
10187,2025-11-24,3706,78,13,5,368.94,20.34,
10192,,360,60,2,11,1816.8,294.8,
10193,2025-07-02,399,76,3,8,,145.56,
10195,2025-06-15,438,3,8,7,1346.57,,197549.6
10202,2025-09-19,561,67,4,3,225.32,,22726.15
10203,,2192,71,12,8,1595.63,,112317.12
10205,2025-01-23,1347,39,10,3,,14.13,10984.15
10207,2025-01-04,159,24,4,2,1829.4,206.52,
10208,2025-03-16,1727,55,6,3,648.27,116.68,
10214,2025-09-10,468,2,12,9,585.65,,
10215,2025-07-26,901,35,1,6,,315.03,247445.9
10217,2025-04-15,1637,28,3,9,,93.33,233634.42
10218,2025-05-23,357,31,11,4,391.75,32.49,
10220,2025-08-26,1891,52,8,8,,354.62,111011.54
10223,2025-04-23,522,11,6,11,867.16,142.74,
10226,2025-11-26,2521,19,6,10,69.11,,
10228,2025-09-10,2951,21,2,7,1463.62,,35966.33
10230,,1068,57,3,4,,,207390.83
10231,2025-08-17,1044,74,4,2,1421.48,,
10233,2025-01-15,2798,65,3,7,222.05,,17269.27
10234,2025-12-02,1330,6,3,9,,,35909.55
10235,2025-08-23,1619,35,5,1,964.57,176.84,
10238,,1132,12,6,2,,333.44,
10240,2025-04-11,2338,2,3,11,128.55,,
10241,,1891,59,1,8,1793.88,269.12,136603.47
10242,2025-08-05,1693,13,3,7,,73.92,79141.87
10243,2025-12-02,1751,31,10,12,,242.3,212047.79
10246,2025-03-16,2043,33,10,3,803.66,,73085.27
10247,2026-01-09,594,75,8,6,1727.33,,185847.74
10248,2025-02-18,3688,47,15,2,,154.43,
10251,2025-08-27,327,78,5,9,202.19,28.5,
10253,2025-01-17,2221,44,1,7,,25.77,
10254,2025-06-29,1033,4,14,11,,86.04,66807.63
10256,2025-08-01,1703,41,2,9,60.32,,11605.3
10258,2025-07-24,525,48,15,6,,,112787.33
10259,2025-08-05,2132,5,14,10,,228.69,143084.52
10262,2025-10-18,592,76,8,12,1678.32,,134666.55
10264,2026-02-12,1328,76,2,4,,,129215.53
10265,2025-05-15,1066,28,11,1,1267.1,173.31,
10266,2026-02-20,917,10,9,2,,167.66,139812.55
10268,,1218,3,7,2,1829.03,212.39,290269.09
10269,2026-02-11,1344,50,1,1,214.37,18.74,
10271,,651,9,9,5,1218.35,,194252.95
10272,2026-01-22,2301,34,6,10,1736.39,,
10273,2025-05-25,2964,22,7,6,,71.41,94972.26
10275,,2641,19,13,3,,238.52,122159.16
10278,2025-06-21,982,70,1,10,,205.43,148604.17
10281,2025-04-28,1441,47,6,2,,,58338.25
10285,2025-01-02,107,46,7,6,1463.85,,47734.18
10288,2025-10-11,1263,24,8,6,1935.23,,204169.76
10289,2025-06-16,2232,65,14,2,,257.24,186013.69
10293,2025-04-23,1868,74,6,1,1306.59,,139360.03
10294,2025-12-04,2298,73,3,10,,51.69,115642.2
10298,2025-01-08,1862,15,10,10,,8.12,2111.54
10303,2025-11-19,1051,6,1,5,839.83,,90522.32
10304,,2323,15,1,11,,,76718.96
10305,2025-10-31,1512,115,1,1,,202.17,173573.19
10308,2025-01-02,2270,62,10,5,1600.33,,215789.06
10309,2025-01-07,1689,5,5,5,1824.66,,
10311,2025-07-10,2308,53,12,6,,,
10312,2025-06-12,2155,26,8,10,,347.02,110168.36
10314,2025-11-29,1837,49,8,6,,16.56,2682.53
10315,2025-06-19,2041,3,9,2,,172.62,81451.95
10318,2025-10-29,577,77,4,9,,55.89,140578.53
10320,2025-02-21,1236,72,5,1,,161.57,
10324,,1719,53,4,9,1188.14,282.61,
10325,2025-04-21,739,35,13,10,,,35108.82
10326,2025-01-29,2683,56,4,2,408.48,,17487.65
10329,2025-11-10,553,36,10,5,,8.6,2856.52
10330,2025-01-11,1650,60,2,5,70.8,,5314.72
10331,2025-10-22,1703,35,4,5,1577.98,331.97,
10334,2025-12-03,3869,48,2,11,1150.15,248.81,
10336,,1866,4,15,2,,,191169.48
10337,2025-02-12,520,21,2,12,1913.42,178.94,
10338,2025-10-16,2019,36,7,8,809.17,,53304.22
10339,2025-02-06,2730,54,11,6,,208.61,106937.41
10340,,1991,102,5,6,868.19,192.27,38154.62
10341,2026-01-02,1527,63,6,12,502.55,,15197.81
10343,,348,48,2,5,512.11,,55259.91
10344,2026-01-31,1527,40,5,1,184.7,,
10345,2025-10-29,2309,42,2,6,,70.45,31073.28
10346,2025-03-29,2248,43,9,11,,41.57,
10347,2025-08-16,2865,75,4,12,366.03,27.2,
10349,2025-12-21,2960,40,10,6,1732.88,,316926.24
10351,2025-11-19,1040,21,10,1,1069.95,197.56,
10353,2025-04-12,741,8,8,8,576.53,,27422.33
10354,,74,23,4,12,,47.44,115580.15
10356,,1791,68,6,2,,315.04,279573.74
10358,2025-08-13,2139,18,5,7,,93.0,133495.62
10360,2026-01-02,1438,56,14,3,,61.83,
10361,,2269,21,13,7,1439.53,174.76,
10365,2025-06-20,2114,45,11,3,1734.15,,
10366,2025-05-29,1073,42,11,2,1288.14,277.14,
10369,,1659,27,15,6,,129.08,89136.59
10371,2025-05-27,2709,13,1,3,,41.53,
10373,,1372,35,11,6,1366.98,236.23,53262.3
10374,,1539,30,10,8,425.73,,
10377,2025-05-05,406,37,14,7,1485.26,,
10382,2025-06-26,1892,63,12,4,,285.67,86816.25
10383,,223,51,8,3,1284.56,127.28,145252.53
10384,2025-04-27,381,33,10,5,1415.22,305.22,
10386,2025-07-11,2384,14,6,12,,,221312.01
10387,2025-01-15,2967,16,13,12,177.05,,27829.15
10389,2026-01-22,513,54,6,2,1455.13,,149142.27
10390,,2745,60,10,3,84.89,8.66,6489.92
10392,,2511,29,8,5,,156.16,174783.44
10393,2025-10-14,2254,36,15,3,1104.38,162.71,
10394,2025-07-11,1134,15,6,11,,,239600.58
10397,2025-04-09,36,55,3,4,,267.49,109670.84
10401,2025-05-02,2139,3,5,1,1206.08,,
10406,2025-07-12,2993,72,14,2,596.1,,65646.18
10407,2025-01-13,597,19,12,10,1553.23,,63499.25
10408,2025-03-07,1983,79,6,7,1920.08,123.48,
10412,2025-02-22,203,78,14,12,657.55,,14526.46
10413,2025-05-16,1596,79,14,5,,181.04,27395.48
10414,2025-12-21,1838,61,8,1,,34.28,
10417,2025-05-07,2591,1,7,9,,87.85,102398.01
10418,,1724,74,9,10,591.1,111.82,24420.03
10419,2025-10-27,1642,22,11,7,1943.96,,261602.7
10420,2025-11-24,1724,76,7,4,532.8,,
10422,,887,43,13,7,568.69,132.01,46934.53
10424,2025-10-18,1361,61,10,3,,7.83,11642.93
10427,2025-06-13,885,16,7,1,1415.79,,239761.92
10428,2025-05-19,975,17,12,7,,122.22,224006.54
10431,2026-01-22,2449,39,8,7,1083.61,,52951.93
10432,2025-08-14,1046,40,5,3,1543.2,,263412.69
10434,2025-02-05,1564,4,14,5,1566.1,,153030.42
10438,2025-07-01,367,17,1,8,1380.06,229.9,
10440,2025-09-30,1570,21,11,10,1077.82,228.65,
10443,2025-02-03,1256,37,8,6,,51.84,85834.18
10444,2025-04-12,2784,18,15,12,291.6,,20167.24
10445,2025-11-28,65,1,9,9,844.69,,
10446,2025-04-19,449,22,8,5,1847.49,163.73,
10449,2025-01-26,1045,34,3,4,1950.72,173.83,
10452,2025-07-10,431,109,1,10,239.8,43.68,
10453,2025-06-08,658,80,3,1,844.37,,106327.75
10454,,2961,43,5,11,,91.86,71227.11
10455,,434,29,1,7,1246.29,,39815.18
10456,2025-06-15,2100,17,10,2,1558.4,,195882.02
10457,2025-06-23,2797,36,5,3,,19.01,7739.22
10458,2025-08-13,104,7,12,10,228.88,,30829.47
10460,,2475,42,3,10,,38.43,47400.1
10464,2025-04-02,2042,3,1,8,1916.6,,
10467,2025-12-08,862,11,11,5,,,63206.62
10468,,2839,7,13,12,947.42,146.3,122464.6
10469,2025-08-17,1344,9,1,1,,64.47,42950.3
10477,2025-02-28,2299,46,5,7,1718.83,217.86,
10478,2025-07-12,182,57,8,8,448.69,,35880.69
10479,2025-07-15,316,43,14,2,1253.75,234.9,
10482,2025-01-17,1643,36,14,2,1164.88,253.94,
10483,2025-01-04,2314,34,6,6,214.48,,42064.21
10485,,2651,12,12,4,,84.0,103445.76
10488,2025-10-05,2453,78,3,12,1694.9,117.21,
10490,2025-08-30,1806,12,13,8,1121.14,,
10493,,1835,47,2,12,,95.99,
10495,2025-10-28,2151,70,3,5,97.21,10.05,
10496,2025-03-18,1929,51,7,11,,107.06,67323.22
10497,2025-08-15,2458,51,9,10,416.86,77.68,
10498,2025-06-19,148,54,7,7,,235.83,
10501,2025-07-12,727,50,10,12,,74.28,54722.13
10505,2025-11-22,2835,68,3,1,618.49,124.33,
10511,2025-08-26,1161,74,14,11,657.18,,26842.69
10514,2025-08-30,599,32,7,9,,47.14,56391.47
10517,,2005,77,1,11,1967.78,295.73,392007.17
10519,2025-12-04,1016,38,2,2,1475.62,175.47,
10520,2026-01-25,1013,28,3,8,1520.58,,301737.75
10523,,1885,38,4,12,71.7,,
10524,2025-06-13,882,26,11,5,,121.29,72156.15
10527,2025-01-22,2986,32,5,7,1772.38,,324409.71
10528,2025-08-24,967,30,8,5,379.07,45.19,
10529,2025-11-09,2521,5,10,4,1847.25,,209204.12
10530,2026-02-20,83,2,7,7,,,
10531,2025-02-20,2016,47,14,5,168.7,,
10532,2025-03-27,2336,73,8,3,271.64,27.34,
10533,2026-01-24,1336,2,7,4,1474.66,152.6,
10537,2025-09-17,2441,62,12,10,,264.45,44111.03
10539,2025-01-06,1771,1,3,1,1798.68,,50871.05
10540,2025-06-28,2566,68,3,5,869.28,54.94,
10541,2025-02-23,1821,71,15,4,441.07,100.64,
10542,2025-09-20,892,61,11,12,,205.16,55609.21
10547,2025-06-01,505,6,11,12,,103.5,16964.64
10548,2025-04-12,694,65,9,11,1853.2,,306921.41
10552,2025-03-10,2869,21,12,8,,,
10553,2025-05-27,1978,71,14,12,319.65,47.99,
10554,2026-01-13,2768,46,11,2,1613.96,,209142.85
10556,2025-03-12,1767,13,9,9,,124.51,78218.25
10558,,113,65,8,8,,49.44,34393.76
10560,2025-04-07,1438,66,5,9,782.1,,
10561,2025-09-21,214,79,4,6,123.94,,
10562,2025-11-03,2161,12,13,2,1570.89,,50168.05
10565,2026-01-11,1275,30,14,9,1810.38,,109482.35
10566,,1247,24,6,4,111.12,16.97,8345.65
10567,2025-07-27,554,64,7,1,119.78,,
10568,2025-01-01,2053,66,13,8,,184.72,149583.29
10569,2025-03-15,848,34,3,2,,247.54,156687.1
10572,2025-03-09,21,27,11,11,,435.36,
10573,2026-02-08,1202,31,11,12,904.64,206.93,
10574,2025-05-23,2159,28,5,5,,47.45,61381.18
10578,,2230,52,8,1,,161.32,219719.74
10580,2025-05-13,537,13,2,11,458.43,,20828.4
10582,2025-09-20,2999,34,15,5,,243.55,288174.57
10583,,1879,5,9,3,,34.88,104372.65
10588,2025-03-31,2820,70,8,3,,270.74,241447.46
10589,2026-01-01,2280,16,6,7,453.69,,46117.43
10592,,1971,39,10,6,1380.58,2144.4,144675.24
10597,2025-10-13,872,78,7,8,231.11,14.15,
10598,2025-02-22,1869,51,11,11,1015.22,54.4,
10599,2025-10-31,540,43,7,2,220.18,,24877.04
10600,,288,56,8,9,976.26,105.03,108173.26
10601,2025-03-31,595,25,10,4,817.63,,
10602,2025-10-14,61,4,7,8,900.44,128.11,
10604,2025-08-18,1698,59,12,9,,,146017.09
10607,2025-06-16,2670,52,7,12,,,354195.34
10608,2025-12-27,2266,45,15,5,1231.79,131.63,
10609,2025-12-09,208,60,5,11,1278.64,,170167.52
10610,,2103,3,4,10,543.54,54.69,
10611,2025-11-08,672,34,9,1,1691.35,120.71,
10612,2025-12-24,2261,23,5,7,1982.68,,373547.53
10616,,665,29,13,11,1099.25,226.98,
10618,2025-01-01,1188,69,3,2,1463.88,355.17,
10619,2025-11-18,1482,27,15,1,316.05,,
10621,2026-01-03,61,43,15,1,549.57,,42699.85
10624,2025-08-31,1779,42,6,10,777.73,1120.36,
10626,2025-08-04,1598,6,4,12,,91.64,
10627,2025-11-25,244,69,8,11,1747.44,,158350.36
10629,2026-01-16,2092,45,11,3,,222.19,165615.88
10630,2025-01-22,686,9,9,10,,,97088.35
10633,2025-05-06,127,9,6,7,,239.52,119103.64
10634,2025-04-23,1567,69,10,1,1566.81,,173748.03
10639,2025-06-02,1276,95,12,12,1049.81,,140992.76
10640,2025-03-02,1468,45,5,6,,,125526.48
10641,2025-02-24,919,42,6,6,137.76,26.82,
10642,2025-11-27,336,37,9,5,882.08,,101934.47
10644,2025-10-17,1257,8,13,5,,148.85,21334.22
10645,,1242,75,15,11,64.98,7.24,5445.45
10646,,803,75,3,5,1937.62,300.67,237653.82
10647,2026-01-15,1102,56,8,9,727.22,,47585.87
10651,2025-06-08,778,77,7,12,,,75233.35
10654,2025-11-14,739,17,3,8,1269.94,228.4,
10656,2025-08-25,379,12,8,1,,,169518.56
10657,,2988,62,3,6,196.17,19.5,29972.77
10659,2025-09-23,1675,11,7,2,959.86,,
10662,2025-08-30,801,47,1,11,1553.41,,
10663,,311,40,5,9,,90.94,160191.11
10667,2025-07-04,633,70,13,11,,29.35,56943.27
10670,2025-08-18,2971,8,14,6,1718.28,,271652.18
10671,2025-04-12,1644,71,4,4,,,
10673,2025-11-29,1198,2,2,8,,75.12,64181.63
10674,2025-10-17,2832,2,4,9,0.0,,239586.66
10675,2025-10-05,1127,14,4,4,839.36,,
10677,2026-02-16,828,25,14,8,115.08,,
10680,,630,16,13,8,1703.48,113.74,64407.67
10684,2025-03-06,391,63,12,2,,84.73,
10685,2025-09-02,359,69,3,5,,34.71,
10686,2026-01-19,1776,67,2,7,212.24,39.37,
10687,2025-10-05,167,2,11,3,701.49,,115840.31
10689,2025-05-09,2237,79,8,8,,2826.89,242105.53
10694,2025-06-05,1677,12,4,9,1036.33,,
10695,2025-09-21,216,7,13,11,1218.59,,143565.07
10696,,2018,26,9,6,1160.4,,24525.22
10698,2025-05-25,853,27,14,12,,68.34,62219.55
10701,2025-03-18,918,55,2,10,198.07,,28698.36
10702,2025-04-09,1746,78,10,3,,201.98,23827.11
10703,2025-09-24,1516,10,4,8,329.93,,27950.49
10704,2025-02-24,2072,32,13,6,,152.34,18425.79
10705,2025-11-13,1081,59,13,5,1011.18,100.41,
10706,2026-01-09,2145,31,9,2,135.13,,
10707,2025-07-15,2836,65,12,12,,61.76,
10709,2025-05-23,1028,65,13,12,126.35,,22476.4
10710,2025-05-18,879,8,4,9,,,139270.23
10714,2025-03-14,2757,22,12,12,,334.22,43621.65
10715,2026-01-26,566,7,15,1,,345.86,277581.69
10716,2025-12-01,712,66,4,8,307.7,,59299.83
10717,,2771,77,11,8,588.87,134.77,75127.96
10720,,2595,55,3,9,1644.34,177.29,61413.48
10721,2025-10-10,834,31,14,3,,53.7,104665.91
10723,2025-04-05,1102,59,3,6,,42.8,95255.06
10725,2025-07-14,2954,39,9,12,1057.91,125.64,
10726,2025-03-31,2373,77,3,7,1281.05,273.79,
10727,2025-01-20,2081,40,13,2,,,
10729,2025-07-19,2430,57,9,10,1092.08,80.94,
10730,2025-10-09,1136,35,14,9,,77.85,131473.3
10731,2025-07-03,2760,51,15,2,,63.29,15153.97
10732,2025-04-16,1245,54,5,2,1246.75,,67022.94
10734,2026-01-02,2471,11,8,2,1868.32,276.6,
10735,2025-08-27,60,35,11,7,1044.56,120.97,
10737,2025-05-05,777,34,15,3,1637.79,,106029.13
10738,2025-06-11,1900,69,9,3,,,248425.47
10739,2025-02-07,2552,9,7,9,,47.62,75997.76
10741,,1761,37,6,2,,335.29,175954.54
10744,2025-04-13,1907,48,11,9,526.19,,79904.54
10745,2025-05-15,1042,26,7,1,,70.79,49638.65
10746,2025-01-20,1491,14,5,1,,76.62,26843.84
10747,2025-12-06,2782,68,14,1,257.6,18.53,
10750,2025-08-07,45,22,9,10,939.02,190.32,
10751,2025-06-21,1201,72,10,5,,69.31,
10756,,2991,47,15,12,619.65,,64308.48
10757,2025-07-31,1311,9,14,4,1238.34,,172074.32
10759,2025-05-12,3867,61,14,5,495.69,76.1,
10764,,1363,51,7,5,,,1574.84
10765,2026-02-08,474,79,5,2,229.82,,
10768,2025-05-08,74,7,3,10,,134.86,32365.18
10769,2025-08-02,2565,7,4,10,496.49,122.11,
10770,2025-10-13,1516,57,1,1,,270.08,82242.11
10782,2025-02-09,191,70,1,8,575.99,,104289.87
10783,2025-06-24,1677,58,8,11,293.49,,
10784,2025-06-12,2201,10,8,12,1988.69,182.2,
10785,2026-01-02,1355,63,7,3,1017.77,,32381.84
10786,2025-07-01,1676,6,6,3,1590.17,194.22,
10787,2025-07-14,2889,79,10,4,,56.66,
10789,,2035,35,9,7,1858.38,325.18,196832.21
10791,2025-05-02,2476,79,5,3,,35.31,58958.42
10792,2025-11-24,1268,30,7,5,573.88,71.66,
10793,2025-01-07,658,45,1,5,1971.09,,71214.0
10795,2025-09-12,424,45,9,5,1188.84,,
10801,2025-09-01,1483,73,6,9,,638.62,
10804,2025-10-31,2773,8,6,5,995.75,,93750.22
10809,2025-08-23,526,43,11,6,1908.67,,337533.48
10810,2025-12-23,1498,74,6,7,,425.19,351877.52
10811,2025-03-10,2624,52,4,10,490.25,93.96,
10813,,2410,33,12,8,456.32,70.0,66540.13
10814,2026-01-13,2627,19,14,7,,54.58,13276.03
10815,2025-11-04,2937,64,3,4,941.56,112.52,
10816,2025-10-18,2420,44,10,2,1436.59,,202871.84
10817,2025-03-04,1523,66,14,5,1916.22,303.11,
10821,2026-01-15,985,68,5,3,,111.9,30921.3
10822,2025-10-25,1990,44,15,8,1301.16,,167665.93
10823,,434,16,10,11,1192.67,273.61,190781.8
10825,2025-05-26,2615,80,14,3,1942.86,131.03,
10829,2025-04-15,657,33,4,6,,160.45,118867.03
10830,2025-03-03,2194,36,12,3,478.57,,
10832,2025-12-31,2293,6,6,7,99.52,,
10833,2025-04-30,1169,45,12,7,141.87,,
10835,2025-04-28,1907,3,4,7,356.86,28.78,
10836,2025-02-02,81,59,11,11,1913.46,,
10837,,313,61,14,1,925.83,155.24,28748.99
10839,2025-11-25,2902,62,11,9,591.32,,117496.72
10844,,427,54,7,11,,206.67,108828.23
10845,2025-05-16,2858,69,9,10,,139.28,
10846,2025-03-01,1668,29,9,6,,325.9,165903.71
10851,2026-02-09,1560,28,13,8,1081.17,67.36,
10852,,2578,10,13,12,1291.62,195.17,
10854,2026-01-28,2906,57,11,10,593.82,99.43,
10857,2026-02-17,2264,26,6,9,,,76998.97
10859,2025-08-04,1331,77,6,1,,,40745.57
10860,2025-12-12,1366,5,15,8,1881.71,390.56,
10861,2025-04-13,426,26,1,1,815.84,189.02,
10866,2026-01-04,2206,73,6,10,,327.16,54934.15
10867,2025-05-08,942,49,8,5,508.56,,95136.5
10868,2025-02-12,2505,56,8,1,1467.21,314.76,
10869,2025-10-02,1660,10,6,9,604.12,145.22,
10871,2025-09-15,2876,75,3,3,1157.77,110.69,
10874,2025-09-18,2541,80,7,2,1708.91,,179311.78
10875,2026-06-01,1357,7,12,10,1001.15,201.08,
10876,2025-07-30,432,68,10,2,,240.34,106434.72
10877,,3630,71,6,3,1286.36,217.2,116552.06
10879,2025-01-31,1211,36,6,11,,97.99,154461.95
10880,2025-11-19,2727,40,9,11,,183.93,145930.41
10882,,1931,76,1,7,498.23,116.53,64726.18
10883,2026-01-25,1837,61,13,2,1467.11,74.15,
10887,2026-01-14,2,46,2,6,,228.2,218942.76
10888,2025-09-11,1751,45,9,10,1420.24,,270278.76
10889,2025-12-21,1102,30,7,12,,,
10890,2026-10-02,110,79,2,1,,185.06,
10891,2025-02-10,2191,9,1,4,,,75645.62
10892,2025-01-19,1839,62,4,1,650.16,37.64,
10897,,1629,51,15,4,1647.62,117.92,245094.78
10898,2025-09-20,2421,45,6,7,,421.78,95985.13
10899,2025-08-27,423,55,6,7,,187.97,
10900,2026-02-11,1369,67,11,10,1533.31,246.43,
10901,2025-07-10,1745,64,13,1,,267.75,118171.23
10902,,2190,65,14,9,1794.73,154.19,244677.95
10903,,1187,23,9,4,1785.94,444.79,
10905,2025-06-03,1841,47,11,1,,91.09,76141.62
10906,2026-02-12,2769,107,3,9,,128.09,
10907,2025-01-23,2897,50,7,11,107.85,,13734.45
10908,2025-02-07,1727,20,6,12,622.94,37.61,
10913,,2831,21,12,5,1975.73,,389252.02
10914,2025-12-23,2115,80,15,9,237.82,,33593.11
10915,,529,25,13,5,818.69,63.26,
10919,2025-07-26,634,55,5,8,143.95,34.2,
10920,,417,53,5,8,1855.21,,94913.41
10921,2025-04-13,1279,50,14,4,,105.41,11884.89
10923,2025-11-13,973,19,6,9,1019.67,72.32,
10924,2025-07-08,712,67,7,3,1226.71,223.63,
10925,2025-02-15,2709,23,4,4,,,
10927,2025-05-23,254,5,15,9,1685.79,,171916.68
10931,2025-02-24,721,33,1,1,,,57077.73
10932,2025-02-11,3584,2,15,5,664.19,142.99,
10933,2026-02-18,21,41,2,11,,25.4,17922.87
10934,2025-12-26,1184,9,9,4,,274.89,105148.93
10937,2025-09-17,2731,28,4,6,1999.64,,191441.87
10938,,2546,71,10,7,1734.18,269.43,
10942,2026-01-21,206,48,5,6,0.0,0.0,
10943,2026-02-17,2817,47,2,12,1722.34,144.99,
10944,,413,13,3,3,1103.2,170.94,148995.41
10950,2025-11-16,1372,54,12,8,962.2,151.91,
10951,2025-08-22,861,68,11,1,1091.69,,40764.41
10954,2025-11-09,2683,43,5,1,,32.72,35616.31
10956,2026-01-10,2673,28,3,5,1331.35,,194444.46
10958,2025-01-06,1024,36,9,7,,,79510.05
10959,2025-04-08,761,33,11,10,1654.64,,51123.36
10960,,1260,65,5,6,,43.69,8599.29
10963,2025-08-23,2155,61,8,3,441.24,,
10966,2025-11-22,677,39,8,10,,249.42,
10968,,610,43,12,9,1234.8,236.47,228714.29
10969,2025-10-24,1966,46,15,9,,206.01,182172.17
10970,2025-06-09,2115,45,3,12,1710.29,,138277.43
10972,2026-01-19,143,44,12,8,214.3,,19919.35
10977,2025-02-12,506,72,2,5,1971.34,352.54,
10979,2026-01-11,2173,48,15,5,,89.61,
10983,2025-12-28,668,67,9,2,1940.66,,148423.52
10984,2025-12-03,2141,63,11,7,,148.75,70621.51
10986,2026-02-19,504,29,15,1,,201.66,
10989,2025-05-02,2218,17,10,5,1127.29,103.29,
10990,,2836,11,3,2,1555.42,178.78,117106.86
10991,2025-12-22,2161,48,11,3,1173.7,,101569.11
10992,,836,21,7,12,1439.94,104.33,129890.88
10993,2025-09-24,746,69,8,11,1414.67,135.8,
10996,2025-12-15,1188,64,11,5,1583.3,236.11,
10997,,777,38,5,9,117.84,24.96,10963.21
10998,2025-03-29,901,31,13,1,636.77,,117488.59
10999,2025-11-20,246,51,11,7,,321.3,284930.53
11008,2025-07-16,177,22,14,8,,272.01,76301.65
11011,2025-03-04,1616,36,6,7,,87.02,43323.29
11014,2025-07-03,2802,14,8,8,1007.49,,120897.02
11015,2025-03-08,2698,39,6,5,,287.95,
11017,,1843,71,8,7,1418.23,354.37,169903.29
11018,2025-10-07,3736,43,10,3,,8.89,24892.08
11027,2025-09-24,1589,15,4,10,1816.4,282.3,
11028,2025-06-12,2950,62,10,10,,91.34,119367.99
11029,2025-09-13,237,73,4,10,1206.97,184.44,
11032,,933,20,10,1,130.51,9.3,25807.49
11033,2025-11-09,714,35,2,5,1994.04,,59953.4
11034,2025-10-12,304,12,2,9,764.58,,
11035,2025-07-13,776,33,10,9,,196.89,212273.89
11037,2025-03-18,445,11,4,7,,250.72,148787.64
11038,2025-11-12,2877,26,2,6,,1434.95,156389.14
11039,2025-11-19,1642,11,14,4,1137.55,,164141.32
11041,2025-01-18,319,77,7,9,1601.03,,145630.63
11042,,3713,56,3,8,1956.11,,276804.16
11043,2025-10-01,2102,10,10,2,,140.32,21402.06
11044,,1729,79,8,1,969.74,163.03,
11046,2025-12-19,554,6,7,8,,,142153.77
11047,2025-12-12,291,21,12,9,742.94,93.95,
11048,2025-07-08,550,13,12,3,807.38,55.68,
11051,2025-08-28,2193,44,11,1,206.07,39.79,
11052,2025-08-10,2387,44,9,8,810.07,141.61,
11053,,110,80,12,10,366.74,90.34,48072.75
11058,2025-08-04,47,1,1,11,,,96754.73
11059,,1538,116,2,10,,105.51,
11061,2026-02-17,1135,77,4,3,,,
11063,2025-09-16,1187,38,7,1,,271.88,88037.52
11064,,2697,9,6,9,1975.96,386.69,349427.5
11065,,2590,31,4,7,432.83,101.11,
11066,2025-01-29,1154,59,1,11,,89.98,
11068,2025-03-12,550,37,13,12,162.63,,30830.87
11070,2025-08-28,1237,25,9,2,834.42,,77232.37
11075,2025-11-27,1295,24,2,3,,227.87,221005.93
11076,2025-05-13,879,62,14,9,1894.04,278.3,
11078,2025-07-11,204,41,5,6,744.1,113.21,
11079,2025-12-23,33,44,9,9,,211.17,
11082,2026-01-17,2113,92,15,1,,356.54,330039.49
11083,,894,19,13,1,1363.29,,205718.08
11084,,2437,54,9,5,454.56,56.18,85773.31
11085,2025-08-28,753,79,10,12,89.91,4.94,
11088,2025-02-14,1165,60,12,11,,238.22,211771.01
11089,2025-12-15,61,34,11,5,720.72,,131918.36
11090,2025-02-15,2716,31,4,10,985.7,,
11094,2025-05-31,1028,24,3,8,1730.4,,76872.73
11095,2025-04-10,130,35,15,7,426.4,61.85,
11096,2025-10-05,896,48,8,11,356.49,62.3,
11097,2025-04-02,2645,40,13,3,1740.22,,92484.34
11099,2026-04-01,534,93,10,2,1258.48,273.89,
11101,2025-11-17,1153,3,10,11,,81.19,20253.6
11105,2025-01-02,808,47,8,4,,227.78,
11106,2025-08-14,1489,49,6,11,1023.21,125.3,
11108,2025-12-03,489,63,12,11,1307.14,,127699.04
11109,2025-10-08,1237,64,11,5,,116.13,
11110,2025-02-27,2365,55,15,5,1482.36,,198295.02
11111,,2693,32,3,9,1760.6,,
11113,2025-09-26,318,73,9,2,,329.66,173521.36
11115,,2667,18,12,2,1482.0,218.05,172414.91
11118,2025-07-23,423,20,13,11,1116.0,107.96,
11120,2025-09-14,2103,34,13,8,,104.66,194953.94
11123,2025-03-21,2763,58,1,1,1564.51,166.29,
11127,2025-08-05,47,59,5,4,,54.65,30688.69
11129,,1106,45,7,6,1658.88,,274485.49
11130,2025-02-18,2707,44,9,11,,218.42,153535.72
11131,2025-06-25,1015,64,7,11,,10.87,41460.91
11133,2025-02-17,1481,6,15,1,693.61,,
11134,2025-09-30,1471,75,14,1,,307.23,99233.1
11136,2025-04-01,2927,30,1,12,,,16020.27
11138,2025-10-07,1028,8,15,5,430.1,76.02,
11140,2025-03-19,3656,23,10,2,0.0,244.45,
11141,2025-05-06,1442,76,9,7,1891.49,319.29,
11143,,1249,25,15,5,784.05,188.0,21800.8
11150,2025-01-06,1556,69,4,7,,96.58,35057.86
11152,2026-02-04,358,4,2,1,726.31,,126933.0
11153,2025-11-01,841,77,6,10,1313.52,,
11154,2025-06-23,1863,80,10,10,1696.98,,334409.55
11156,2025-07-20,183,58,12,8,,61.57,35446.36
11160,,1057,66,1,5,1724.53,359.6,244419.58
11163,2025-11-17,333,42,15,1,1198.76,,195483.58
11167,2025-04-02,1813,79,13,3,1711.34,,123403.22
11168,2025-03-11,1986,77,4,6,,94.25,22439.5
11170,2025-06-14,1054,19,10,4,463.44,114.69,
11172,2025-12-12,2851,55,7,3,1424.22,,196127.33
11174,2025-11-08,1273,36,13,4,274.49,24.82,
11175,2025-10-08,720,15,10,2,,198.24,282625.51
11176,2026-01-11,2554,77,11,6,,112.64,92037.32
11178,2025-10-16,1918,18,13,7,877.51,,89261.53
11179,2025-07-31,26,54,7,12,1223.12,265.04,
11180,,712,16,3,11,1698.81,86.45,332328.37
11181,2025-12-18,247,65,10,7,1457.24,,66451.54
11182,,2098,34,12,5,,269.06,177571.45
11187,2025-07-10,2233,44,8,10,,53.36,84699.45
11190,2025-01-18,1826,64,5,2,1719.01,,196600.9
11192,2026-05-02,2841,41,10,12,548.87,129.54,
11194,2025-08-01,675,3,3,2,,,116436.72
11195,2026-01-14,775,32,3,9,,237.23,
11196,2025-10-04,2587,7,13,12,,169.88,117662.24
11198,2025-11-12,2143,31,1,1,,124.98,
11200,2025-02-02,702,73,1,1,1958.01,,
11201,2026-10-01,2649,54,11,8,490.69,120.79,
11205,,1755,43,10,5,,95.47,80745.19
11207,,2293,66,3,4,452.66,95.97,44108.16
11210,2025-08-29,2381,78,5,11,,195.89,170045.53
11211,2025-11-09,2219,30,1,12,902.97,155.64,
11212,2025-07-29,1980,30,7,11,,51.57,35305.56
11214,2025-03-16,1,39,7,11,1972.15,,350015.72
11218,2025-10-30,2751,5,11,8,357.1,75.04,
11219,2025-06-25,1549,93,13,8,,27.65,
11220,2025-02-04,3777,10,11,1,657.37,127.45,
11221,,2557,54,7,9,834.7,163.43,103945.23
11226,2025-04-24,2500,76,11,7,1194.3,158.07,
11228,,938,8,12,1,1504.35,,
11230,2025-07-15,2810,11,3,11,535.33,130.72,
11231,2025-02-24,1469,80,8,6,1095.72,217.64,
11233,,2591,78,8,12,1859.61,279.3,260909.36
11235,2025-01-28,719,4,11,9,544.85,,70615.02
11236,2025-12-13,2678,61,14,7,,32.64,
11239,2025-08-29,2085,29,7,10,452.76,,71054.07
11243,,1405,24,14,10,382.95,76.93,30122.1
11244,2026-08-02,2113,78,10,11,1561.35,,197900.39
11246,2025-12-14,2057,60,9,12,1590.14,,208476.98
11248,,243,52,8,9,1947.01,198.55,159166.86
11249,2025-02-04,2741,19,2,7,530.55,111.72,
11251,2025-04-07,2154,75,1,2,,82.75,146957.41
11253,2025-01-12,2586,6,12,1,1059.97,140.93,
11256,,2646,70,11,9,238.28,25.92,43301.45
11257,2025-12-07,233,102,3,11,,238.53,
11258,2025-03-19,1433,53,13,7,1769.86,,242517.51
11260,2025-01-03,257,79,11,8,1118.14,,117616.32
11261,2025-04-19,1183,14,9,2,294.53,,34776.34
11262,2025-10-12,2767,52,8,4,866.62,132.39,
11263,2025-07-16,2576,54,3,6,,22.9,52578.95
11264,2025-10-04,1599,56,15,4,,239.24,30389.67
11268,2025-09-30,677,62,4,6,,30.5,15730.03
11269,2026-02-18,1679,26,6,3,,349.15,43560.56
11270,2025-09-07,1550,14,1,12,,125.87,145965.37
11273,2026-01-01,2266,48,11,4,621.21,153.3,
11278,2025-06-15,2499,45,15,3,,44.7,
11279,2025-03-18,2381,57,4,10,468.46,,
11281,,558,60,13,10,1553.45,,164623.69
11285,2025-12-20,358,66,1,2,1778.22,190.12,
11287,2025-08-25,712,50,10,1,529.9,78.09,
11288,2026-01-30,398,69,11,9,1707.93,,321440.76
11289,2025-07-25,111,40,15,8,1153.16,,95300.4
11290,2025-03-13,2646,4,8,12,253.6,,17504.55
11291,2025-06-09,2720,34,3,3,,,39949.11
11293,2025-11-19,941,56,7,10,1155.45,275.36,
11294,2025-01-14,1591,5,10,11,,87.13,41058.54
11297,2025-05-23,738,54,6,2,895.29,176.9,
11300,2025-04-20,2231,29,4,5,,109.71,
11301,2025-10-14,2143,6,7,4,277.52,37.67,
11303,2025-05-12,2871,12,6,5,1050.86,,164237.2
11305,2025-11-03,1606,46,14,7,170.9,39.11,
11308,2025-01-13,175,3,14,12,,,
11309,2026-02-17,1343,35,14,12,237.25,18.08,
11312,2025-02-16,85,23,4,8,804.78,,16808.63
11313,2025-02-25,1660,65,1,5,1358.93,273.14,
11314,2025-09-28,2911,47,10,12,251.36,,
11316,2025-03-22,1548,23,3,2,281.4,,52838.67
11317,2025-11-06,2367,27,5,10,1291.34,,208483.44
11318,,265,69,3,6,483.89,59.46,9914.17
11319,2025-05-06,2061,78,2,4,,,50105.97
11320,2025-10-14,982,26,14,6,,167.15,
11322,,1318,36,7,8,1649.63,195.54,183811.61
11325,2025-08-03,1756,69,6,3,522.16,27.9,
11326,2025-03-10,621,48,4,1,1735.72,99.05,
11328,2025-04-23,1465,45,7,4,1351.84,,190453.71
11329,,2472,30,8,11,1814.69,296.17,155747.75
11332,2025-09-04,574,33,8,2,55.52,9.33,
11333,2025-04-09,1451,28,10,5,,29.39,
11339,2025-01-10,383,72,10,3,638.78,,
11342,,583,66,6,5,1326.34,305.74,
11345,2025-09-18,1400,31,9,6,,298.13,236358.93
11347,2026-01-16,2659,62,4,3,,104.3,26709.51
11348,2025-07-30,1614,17,3,4,702.18,,
11350,2025-02-12,1729,31,4,3,1921.35,181.01,
11351,2025-08-08,2111,21,5,4,,60.65,
11352,2025-03-25,2106,78,8,6,472.12,,34073.0
11353,2025-10-09,1954,8,14,10,,143.23,77425.02
11354,2025-02-10,1390,32,6,7,,212.61,184865.73
11356,2025-09-23,2943,74,5,5,95.56,,9374.62
11359,2025-08-14,1912,14,5,1,612.49,,92682.44
11360,2025-05-13,1512,62,13,10,267.68,51.69,
11362,2026-01-22,1459,36,11,5,803.44,,45595.74
11363,2025-04-10,1816,74,7,4,,72.72,75873.96
11364,2025-08-10,2860,75,13,4,,282.46,237554.12
11369,2025-11-26,176,24,15,1,,126.02,
11370,,2800,41,11,3,,99.23,243444.93
11371,2025-03-25,910,79,4,12,653.59,57.79,
11372,2025-07-15,2668,28,5,4,,291.3,223855.0
11373,2025-10-27,1514,67,5,9,,237.46,
11375,,2181,7,5,8,,194.63,90335.62
11378,2025-04-04,2477,77,15,5,,12.32,11645.48
11379,2025-04-10,1689,56,14,11,,88.2,
11380,2025-12-15,2036,15,5,4,,,124450.33
11381,,1610,24,10,8,1486.14,,
11382,2025-08-29,50,17,10,1,1225.05,,206216.24
11384,2025-02-13,2908,34,15,3,249.45,,
11386,2025-06-16,832,60,11,4,834.14,56.84,
11387,2025-10-21,814,22,13,2,,213.3,72057.33
11390,2025-03-10,2448,23,15,7,,167.0,
11397,2025-07-30,182,26,11,12,762.45,91.18,
11398,2025-07-26,2335,67,8,10,683.89,,136269.05
11400,,2927,30,10,5,577.29,143.27,75662.49
11404,2025-04-12,838,25,7,4,,130.93,78646.85
11405,2025-11-14,2911,66,7,10,1407.68,197.58,
11406,2025-12-22,1059,29,10,8,1700.35,,38785.63
11407,2025-10-10,346,29,2,6,,33.64,48330.43
11408,2025-11-03,1215,77,10,11,1208.14,181.59,
11409,2026-02-18,1811,56,14,5,,39.54,
11411,2025-05-12,1878,39,11,11,,69.25,65963.36
11412,,1439,38,14,6,1164.52,258.21,135093.81
11413,,2445,22,11,6,762.94,167.46,41494.1
11414,2025-07-14,1583,50,2,12,1945.32,,331217.44
11416,2025-07-19,1268,69,4,10,1936.42,414.89,
11417,2025-05-04,323,61,11,1,,,43002.7
11419,2025-01-17,3819,9,12,10,,70.32,20258.03
11420,2025-03-15,848,36,13,12,,,244010.16
11422,2025-12-05,174,36,15,1,,154.61,284235.87
11424,2025-09-06,1273,7,1,10,1687.52,,320686.79
11425,2025-06-02,1086,53,1,4,535.4,,61863.71
11426,2025-12-21,1860,75,2,2,,29.31,11549.23
11427,2025-02-15,2422,17,4,11,322.66,16.71,
11429,2025-01-14,834,23,4,4,,,133983.91
11430,2026-01-29,309,66,13,2,,7.96,
11432,2025-11-24,1026,3,2,8,,,68184.67
11434,2025-07-02,1926,3,3,12,864.59,171.23,
11435,2025-02-03,2299,42,6,11,,171.4,136760.03
11436,2025-07-09,37,28,8,7,,84.26,79107.63
11439,2025-01-13,2525,68,5,5,,157.19,
11440,2025-08-21,2914,41,15,9,1359.27,,
11441,2025-09-24,1926,75,3,4,1560.65,329.74,
11442,2025-03-29,227,5,12,3,317.17,,36363.7
11443,2025-12-06,1191,80,8,12,1769.39,,136132.27
11444,2025-01-01,1025,72,6,8,728.1,,37886.71
11448,2025-07-11,332,60,3,11,149.41,,3568.48
11453,2025-05-03,2497,51,9,10,402.41,,38610.48
11454,2026-07-02,932,34,5,4,,,91791.34
11456,2025-12-24,2074,11,9,11,874.23,92.01,
11460,2025-08-03,1279,10,6,5,81.6,,16259.22
11461,2025-01-30,1455,16,13,3,,364.33,106552.7
11462,2025-10-07,2319,1,7,1,656.59,78.96,
11463,2025-08-20,78,41,13,7,1572.75,,41270.98
11466,,1636,80,2,8,760.32,,60499.06
11467,2025-11-08,1082,17,5,7,,137.62,14776.99
11469,2025-02-20,51,62,4,2,,13.61,16100.5
11470,2025-09-09,2342,61,4,4,389.21,,56235.24
11471,2025-04-03,850,25,12,7,,,171659.69
11472,2025-02-18,2849,19,8,1,99.18,17.14,
11473,2025-09-05,62,14,2,6,1342.82,,241479.01
11474,2025-11-01,2844,67,11,2,267.9,14.13,
11475,,1612,59,2,5,1209.26,,46307.64
11476,2025-10-20,2361,60,11,2,,195.59,36267.14
11477,,88,74,4,1,1406.84,176.71,
11478,2025-01-13,2882,67,8,1,,303.19,267683.76
11480,2025-10-16,2722,37,1,10,1697.09,,48676.65
11482,2026-02-07,2721,38,6,4,,205.12,268756.44
11483,2025-11-19,2125,37,14,1,1490.46,,114143.64
11484,,1189,31,3,1,1562.06,,127021.9
11485,2025-10-14,574,64,3,5,1264.97,272.77,
11486,,832,47,6,8,1081.3,67.65,29172.26
11487,2026-01-17,1450,51,6,8,849.26,175.62,
11492,2026-02-10,2675,77,6,12,,26.25,
11493,,1907,61,4,8,721.39,95.16,130579.93
11494,2025-05-02,1359,62,5,1,,59.78,16815.68
11497,2025-03-23,2308,13,4,11,,182.0,
11498,2026-02-08,229,36,5,6,,19.47,2969.75
11500,2025-02-04,1819,37,8,12,,149.34,225616.07
11503,2025-04-21,751,19,7,7,1639.34,,
11505,2025-06-29,205,65,5,11,1361.73,,214980.1
11507,2025-05-15,618,32,3,6,,73.34,16802.24
11510,2025-04-27,2874,42,8,7,,140.63,
11514,2025-09-11,783,70,6,12,,413.51,
11515,2025-10-21,1790,13,6,10,1805.75,183.7,
11518,2025-05-26,215,65,1,7,,60.78,72447.47
11519,,711,17,2,6,,,146840.18
11522,2025-05-13,460,10,15,8,,129.65,197837.56
11524,2025-11-03,1980,51,5,7,,,70504.97
11526,,381,54,7,3,,273.39,56488.32
11527,2025-04-14,2404,41,8,11,1561.14,182.22,
11530,,2597,69,4,9,1692.36,123.57,115658.85
11532,2025-03-16,751,112,15,2,1124.35,76.96,
11535,2025-05-02,2333,54,8,7,124.57,17.2,
11538,2025-03-31,788,80,5,12,,136.36,152733.9
11539,,2101,11,12,12,724.47,60.3,92189.49
11540,2025-12-29,1526,21,2,10,,,177156.44
11543,,1395,31,12,11,975.09,138.18,
11544,2026-01-15,2623,54,14,10,,193.08,
11545,2025-10-29,2481,18,8,6,,121.27,197669.14
11546,2025-07-13,576,19,6,11,730.91,79.72,
11547,2025-12-21,570,65,14,5,,199.17,
11548,,2477,98,11,11,517.34,106.0,90304.46
11549,2025-11-25,1448,60,9,2,530.76,31.64,
11550,2025-05-24,736,69,8,4,,100.78,107811.82
11551,2025-02-14,2902,22,1,8,864.4,,89665.99
11553,2025-02-28,2853,45,7,3,1123.68,,52200.76
11556,,2523,3,8,8,1549.74,278.94,140922.14
11564,2025-09-28,2205,19,14,8,,,75804.68
11565,2025-10-15,1949,26,14,1,1241.52,210.93,
11569,2025-03-03,2702,16,4,2,1059.87,,186475.49
11572,2025-03-17,1640,15,8,4,,,222779.31
11574,2026-02-04,1165,40,9,6,,334.11,
11579,2025-10-05,3545,26,10,12,1309.93,306.07,
11580,,1395,53,4,4,1202.13,235.7,194078.47
11587,2025-09-09,2204,18,3,1,,,
11588,2025-11-11,417,12,3,9,250.1,,42842.04
11590,2026-02-15,2997,64,2,4,795.21,50.58,
11592,,480,106,15,6,974.09,,
11593,2025-07-24,279,41,8,3,1969.18,201.12,
11594,2025-10-20,597,76,4,8,1211.11,162.78,
11598,2025-06-15,1538,53,1,9,819.06,,68088.53
11599,2025-01-25,134,27,13,6,1144.34,248.09,
11600,,780,14,14,3,1393.46,320.85,
11602,,764,47,10,8,561.03,,
11604,2025-05-11,2383,76,12,3,,32.2,19750.42
11605,2025-10-22,800,8,7,6,330.58,,
11606,2025-10-10,3660,74,12,3,,,60702.6
11607,2025-11-20,2468,44,4,11,521.84,,58168.55
11608,,2531,8,6,9,744.58,,64348.6
11609,,2038,70,6,12,1141.29,237.15,182274.16
11612,,2220,33,12,12,1740.86,321.12,43657.72
11613,,1684,42,9,12,218.48,28.18,42168.88
11614,2025-03-30,900,29,14,11,,,340167.27
11616,2025-01-07,1746,41,12,11,1331.51,173.17,
11620,2025-05-02,1743,35,11,3,,29.63,
11623,2025-09-17,1750,26,8,4,763.19,63.89,
11625,2025-10-09,1534,1,13,10,359.66,,37327.47
11626,2025-07-04,1403,68,14,10,1583.17,,307703.92
11627,2025-06-05,1051,3,6,5,,365.25,279799.46
11630,2026-01-01,2438,40,1,10,125.42,173.15,
11632,,1191,20,6,8,,35.25,53528.89
11633,2025-12-20,1665,18,5,4,,117.92,30614.03
11634,2025-11-28,2797,11,4,11,717.45,,94866.16
11635,2025-05-24,2389,19,14,2,481.43,,17367.53
11636,2025-07-12,1635,27,1,9,,158.24,
11638,2025-09-13,1574,37,1,7,73.74,,5674.48
11639,2025-09-06,2159,30,13,3,,339.95,238453.83
11642,2025-09-12,362,65,6,11,96.44,,7639.55
11643,2026-06-02,963,61,1,5,1709.3,,184304.18
11645,2025-12-10,1776,99,15,1,1666.51,,
11647,2025-03-03,1454,27,13,12,1793.0,,105646.11
11649,,351,68,2,3,1472.28,95.15,
11650,2025-05-24,1018,18,14,2,,24.6,12118.94
11651,2025-07-08,787,59,11,8,,129.86,
11652,,2041,56,2,7,684.47,134.88,96850.16
11653,2025-02-20,716,13,9,7,,,
11656,2025-04-24,1006,62,6,6,,203.66,
11657,2025-09-13,2452,67,6,12,1901.79,157.16,
11659,2025-01-17,2947,46,9,12,,,
11661,,2498,52,11,2,1195.84,68.14,109092.48
11663,2026-01-07,2192,37,13,6,1282.55,,190610.85
11665,2025-04-08,2028,41,3,5,1973.69,,
11666,,1290,77,14,12,1508.9,206.43,158685.63
11667,2025-04-14,308,38,3,12,,,
11669,2025-02-27,694,50,15,1,1638.35,117.04,
11670,,220,70,15,8,776.66,55.59,30072.68
11671,,2796,35,1,9,1762.83,303.05,322155.27
11673,,1688,28,10,12,1412.34,178.66,203526.46
11674,2025-02-01,1635,14,1,9,,238.22,180551.8
11675,2025-04-19,1042,14,8,1,,164.75,
11677,2025-02-10,484,61,4,2,968.13,,
11681,2025-10-25,251,4,14,2,760.89,106.41,
11683,2025-05-23,609,79,5,1,359.19,,29433.39
11684,2025-03-19,2646,67,13,3,770.48,107.43,
11685,2025-05-29,2053,63,13,9,,359.84,149139.75
11686,2025-10-16,749,60,3,8,,157.89,63568.91
11687,2025-11-26,644,41,12,12,,,50138.0
11689,2026-06-01,251,32,11,3,,,15964.02
11690,2025-12-31,759,79,4,7,500.74,,67125.43
11691,2025-06-21,1654,76,6,6,1694.13,,
11692,2025-12-30,2216,80,11,4,418.65,,45524.38
11693,2025-07-25,1038,45,7,9,1354.53,,36110.14
11694,,1316,55,8,4,1707.12,354.62,113620.14
11699,2025-06-06,927,45,9,11,1342.81,208.93,
11700,2025-09-23,2235,7,7,9,,419.39,
11702,2026-01-22,1305,3,15,11,,169.85,149076.56
11703,2025-06-21,1579,119,3,12,1447.06,333.97,
11704,2025-12-28,2470,18,2,11,,96.87,12894.73
11706,2025-05-02,57,47,5,11,1760.36,228.36,
11707,2025-10-06,2814,14,15,10,1685.51,,143992.28
11709,2025-08-06,1042,53,2,10,,306.14,89671.59
11712,,2674,7,10,4,,267.37,
11713,2025-01-28,509,42,2,6,1369.06,,
11715,2025-09-03,2669,32,14,9,1622.58,,
11716,,1465,23,1,4,,94.58,209181.81
11719,2025-06-20,1832,2,10,3,457.74,59.41,
11723,2025-02-03,1123,64,12,6,1998.35,,154131.42
11724,2026-01-14,273,34,6,4,1088.78,133.96,
11725,,469,28,14,9,1629.6,213.3,279256.35
11728,2025-05-11,444,60,10,8,,86.71,21083.55
11729,2025-07-08,211,23,1,8,1382.42,,212173.86
11730,2025-05-05,2775,35,6,2,1860.96,,357595.81
11731,2025-09-14,14,7,14,12,,117.88,42369.02
11732,,2894,62,2,10,780.0,87.17,95264.83
11733,2025-03-09,2493,10,13,8,608.74,117.33,
11734,2025-07-17,1512,71,5,10,,56.6,28867.35
11738,2025-01-18,2805,4,11,2,718.92,127.94,
11741,2026-02-11,477,37,8,11,,,
11742,2025-02-05,88,55,12,12,,93.26,340657.55
11743,,463,7,3,4,1898.18,387.98,180614.92
11744,,383,53,6,4,1330.75,92.3,210949.01
11745,2025-09-30,1977,55,2,12,,225.63,54179.29
11747,2025-05-03,705,42,5,1,1133.38,,193899.99
11748,2025-12-11,847,47,12,6,,17.29,13867.63
11749,2025-04-10,2475,3,3,6,1945.04,,111864.78
11750,2025-08-02,712,32,3,11,141.2,,13038.67
11751,2025-08-24,2100,39,13,7,1802.86,,
11755,2025-12-14,1675,80,7,11,1167.32,,30624.21
11757,2025-04-10,1713,51,15,4,,42.62,36872.06
11759,2025-10-03,3600,23,1,4,,182.16,129842.64
11760,2025-11-07,2790,33,15,6,1795.54,,354653.3
11761,2025-06-01,1244,62,15,10,1917.09,,180698.41
11762,2025-11-22,2750,12,13,5,1461.7,79.91,
11764,2025-07-11,2184,24,7,3,409.98,,
11765,2025-03-17,555,69,7,4,,84.51,160177.75
11766,2026-01-27,182,42,10,8,449.75,,
11768,2025-01-03,246,10,6,4,531.4,131.09,
11772,2025-04-01,354,35,8,8,409.19,,13919.57
11775,2025-04-27,335,72,14,4,,,9182.47
11777,2025-02-28,589,64,5,8,1388.61,,197355.14
11778,2025-02-01,1178,25,13,12,,,154384.63
11780,,1772,10,13,3,1151.7,137.7,
11781,2025-02-26,704,6,12,9,163.45,14.53,
11782,2025-11-17,196,63,4,7,,358.71,174379.39
11783,2025-03-31,1033,51,4,6,,31.75,
11784,2025-06-22,2375,1,1,11,,186.77,138698.49
11785,2025-07-15,2257,52,5,9,,73.0,75843.86
11788,2025-12-03,2112,50,4,10,,97.8,149668.95
11790,2025-12-02,926,62,13,8,526.97,,95530.66
11798,2025-05-04,866,1,12,9,1982.38,439.07,
11799,2026-02-05,629,53,2,6,1556.17,254.12,
11801,2026-01-10,1228,54,12,2,,124.97,210992.92
11802,2026-02-02,814,43,14,12,1427.93,,88022.05
11803,2026-02-01,2887,32,4,10,,129.06,120026.72
11804,2025-11-01,2849,10,3,4,1969.01,322.8,
11806,2025-06-26,3860,67,3,12,,127.12,189930.71
11808,,1441,12,12,11,1830.15,,
11810,,18,19,8,5,1981.07,161.25,347848.25
11811,2025-05-12,2572,38,4,9,638.29,,79658.47
11814,2025-06-28,1402,22,13,2,630.84,,31972.84
11815,2025-01-21,1119,11,12,5,1357.48,,89967.18
11816,2025-06-14,1903,3,7,3,1291.03,300.22,
11819,,627,70,4,10,298.47,35.7,31931.98
11821,2026-02-15,1046,2,11,9,315.99,,10274.04
11823,2025-05-22,2455,59,15,11,1446.54,,230401.49
11824,,718,71,4,6,,190.82,105343.26
11825,2026-02-05,1403,53,14,4,1652.89,,160963.91
11827,2025-01-11,2474,52,15,1,,,173470.45
11830,2026-01-24,2138,30,6,6,51.92,11.78,
11831,2025-04-18,256,66,13,1,136.05,17.74,
11833,2025-01-07,934,40,1,1,1268.53,,192757.49
11836,2025-10-13,1025,58,3,7,,203.78,228861.57
11837,2025-11-07,1996,56,10,8,,487.31,163603.04
11838,2025-08-19,3750,77,10,8,,33.16,44111.92
11839,2025-11-07,1703,70,12,8,1170.23,169.61,
11840,2025-05-15,1634,31,13,2,532.25,,71629.78
11841,2026-01-23,284,73,10,1,,76.28,
11843,2026-02-04,1961,80,1,8,,,162761.83
11845,2025-03-22,1188,74,5,8,539.33,,83289.84
11850,2025-05-09,1051,67,9,11,,345.51,
11852,2025-12-25,981,24,3,5,,158.86,13807.42
11855,2025-02-28,2755,54,6,2,623.05,71.01,
11859,,298,73,13,1,1952.1,294.5,330622.31
11863,,859,61,9,7,,116.57,
11864,2025-10-09,316,48,3,3,113.3,,
11867,2025-05-28,1832,25,3,10,,143.82,58942.08
11871,,1001,12,4,2,1155.36,205.5,152229.69
11872,2025-11-20,2786,26,14,8,,173.81,143347.37
11877,2025-10-10,2854,70,6,6,1153.7,,218924.54
11879,2025-09-04,756,38,14,4,1606.61,,162140.82
11881,2025-09-19,1838,43,7,12,,115.44,59557.41
11885,2025-07-05,1445,39,12,8,510.86,,55897.44
11886,2026-04-01,2951,76,11,1,,239.42,219242.14
11888,,2563,41,14,3,1523.32,189.32,230461.02
11890,,1210,10,10,10,401.48,,75075.85
11891,2025-05-26,1004,29,6,1,,147.97,81311.58
11897,,1272,55,5,7,1405.08,74.96,99900.19
11899,2025-11-08,2097,62,13,3,,349.66,235538.93
11901,2025-07-09,131,63,7,1,,342.46,163767.41
11902,,1621,53,13,10,1938.81,472.11,
11905,2025-10-23,2950,37,8,4,,,7641.93
11906,2025-03-11,1847,54,1,6,1254.44,,126532.28
11909,2025-12-18,2718,78,14,5,1846.97,,
11911,2025-04-10,2972,8,12,11,1284.46,,83819.72
11912,2025-12-17,883,34,6,11,1550.07,,57302.51
11915,2026-02-13,2034,9,9,2,78.34,,15276.09
11918,2025-03-19,214,29,1,5,575.68,,90774.7
11919,2025-05-22,2496,43,6,9,,72.96,
11921,2025-07-25,1841,63,13,9,1311.42,320.78,
11924,2025-06-29,367,71,6,11,,53.33,7809.43
11928,2025-11-22,1009,46,10,3,,217.42,297891.33
11929,2026-02-09,306,50,2,5,113.79,,
11931,2025-02-06,3822,66,5,3,1916.08,,382156.17
11932,2025-11-15,386,27,12,12,,56.71,26042.87
11933,2025-09-24,853,20,1,8,1668.72,,
11934,2025-03-14,1651,51,3,11,277.05,59.1,
11936,2025-05-09,1114,12,8,8,,135.13,165065.45
11940,2025-03-29,1262,10,9,8,471.61,,72272.86
11942,2025-11-06,1371,37,14,7,683.4,161.32,
11944,,2213,69,13,5,-1082.01,54.83,194019.33
11946,2025-09-10,2758,42,3,8,366.78,,
11947,2025-08-14,909,75,4,2,,131.46,220578.71
11949,2026-09-02,1867,26,8,1,,105.31,72051.25
11952,2025-06-23,922,70,4,1,1054.92,,79556.39
11961,2025-04-26,152,62,9,9,,305.2,47311.15
11966,2025-01-10,2192,46,7,10,,251.12,276391.93
11967,2025-02-24,1140,78,4,11,802.43,,112319.82
11971,,1391,72,5,11,,,152059.21
11972,2025-04-18,2223,115,10,5,242.28,,
11974,2025-11-21,2759,80,14,4,,110.6,56712.67
11975,2025-11-07,2156,48,2,9,1001.97,158.15,
11976,2026-02-04,633,35,1,11,705.38,,76326.24
11977,2025-04-24,1891,41,2,6,978.07,107.66,
11979,2025-03-24,927,11,15,10,,100.59,240548.11
11980,2025-12-08,1698,21,9,4,315.09,47.94,
11981,2025-06-27,1021,76,3,9,,,60090.4
11982,2026-02-19,1873,69,6,10,366.55,,72376.86
11983,2025-12-12,2610,12,13,7,,202.44,156122.39
11985,2026-01-22,1379,1,10,1,,45.16,31812.2
11986,2025-02-08,986,47,15,12,1544.77,,39714.52
11987,2025-03-23,1751,69,9,6,,36.99,51337.61
11988,2025-05-17,2815,59,2,3,842.12,60.32,
11993,2025-08-03,563,41,12,11,1311.8,142.97,
11994,2025-01-21,507,10,10,10,,361.74,89825.46
11996,2025-06-16,1386,26,11,10,,,40193.42
11999,2025-11-29,835,77,13,12,374.99,,74645.6
12003,2026-01-10,357,3,5,11,1253.91,119.46,
12005,2025-02-06,1394,59,3,9,1132.97,89.37,
12007,2025-08-28,1537,6,9,9,1359.3,,132379.33
12008,2025-04-13,3588,13,14,6,982.23,,185664.33
12009,2026-12-01,667,52,6,6,1464.15,,35729.72
12011,2026-02-08,2982,59,1,9,454.16,112.24,
12012,2025-07-16,1543,40,11,1,311.58,,8776.07
12013,2025-08-10,594,70,3,3,792.89,,63917.59
12015,2025-04-20,394,55,11,2,1217.41,,137393.68
12018,2025-04-15,2872,63,9,11,,209.18,
12019,2026-02-01,1073,36,5,7,1356.24,,31085.3
12020,,2649,8,1,10,1944.69,135.25,354916.17
12022,,1925,65,3,12,986.81,232.05,102330.56
12023,2025-04-30,2028,51,8,9,1901.47,462.36,
12024,2025-01-03,491,48,7,9,540.5,85.73,
12025,2025-06-09,2780,6,15,11,,71.66,
12026,,1060,23,6,5,812.56,48.82,155482.15
12027,2025-09-17,1476,14,13,10,1629.26,,164839.26
12028,2025-01-26,244,69,12,5,,97.13,23635.93
12029,2026-10-02,2446,16,12,1,0.0,277.74,
12030,,689,14,10,9,1286.65,,
12031,2025-11-24,360,75,2,8,,35.67,21104.97
12033,,1464,36,7,12,1107.2,100.05,76662.69
12037,2025-12-05,1000,60,7,5,,184.68,151934.83
12038,2025-01-24,150,56,2,3,1011.24,,155255.87
12049,2026-02-13,1893,68,15,1,,36.28,34972.66
12050,2025-03-26,1697,52,14,5,1158.56,258.79,
12053,2025-02-21,2204,60,2,7,,222.05,68868.09
12054,2026-01-14,1468,4,3,10,1145.73,,212273.79
12055,2025-06-22,1841,45,4,1,1333.67,,68296.96
12057,2025-10-03,2223,35,2,6,791.67,,124624.8
12058,2025-03-19,44,4,5,10,,14.25,3239.79
12061,2025-10-10,2286,62,3,10,,,250140.33
12063,2026-01-07,1601,25,15,9,1263.01,118.46,
12065,2025-04-26,1035,55,13,10,676.37,162.23,
12066,,505,38,12,1,1081.06,120.53,92472.35
12067,2025-07-16,1196,19,12,3,1190.81,291.7,
12069,2025-09-05,1078,76,2,10,,210.11,79410.51
12070,2026-01-22,1955,59,12,10,787.87,51.1,
12072,2025-08-16,1207,20,14,11,1629.91,,78936.6
12077,2025-01-10,1560,51,6,5,1943.53,,
12083,2025-06-03,2296,11,1,12,1861.42,,120506.27
12084,2025-02-14,1711,21,11,1,,,148666.87
12085,2025-08-16,178,60,15,5,1825.16,,170255.47
12086,2025-07-08,1956,76,9,4,,203.03,
12091,,2755,4,13,7,1730.89,,180648.82
12092,2025-07-19,476,2,13,11,1104.17,200.52,
12097,2025-10-15,1138,50,15,4,1173.59,,
12102,,1264,25,9,12,686.0,146.5,27855.73
12103,2025-06-09,595,36,3,5,,158.66,134888.28
12105,,346,32,3,5,1992.92,246.28,356850.95
12107,2025-11-08,2039,50,12,8,,167.39,137557.58
12108,2025-08-31,587,21,2,11,177.28,,32430.42
12109,2026-02-11,2391,64,13,9,,50.8,104102.43
12111,2025-02-12,2117,69,14,7,,33.66,53171.48
12113,,1889,8,12,3,1268.64,167.49,95220.64
12114,2025-06-18,952,68,11,7,1282.51,,135225.79
12116,2025-07-25,2781,96,7,12,,,239770.55
12121,2025-05-08,1750,41,1,8,852.45,141.52,
12122,2025-01-14,2111,4,10,9,,22.7,
12123,2025-09-30,92,19,13,10,534.78,97.32,
12124,2025-07-02,1477,72,10,6,248.55,,9171.22
12125,2026-01-27,2899,74,12,1,973.19,111.47,
12126,2025-05-13,1107,24,3,7,,78.17,133369.96
12128,2025-02-06,2098,36,8,1,418.9,,41130.31
12129,2025-12-10,885,6,13,6,,230.43,313367.22
12131,2025-06-11,2717,65,12,10,981.78,,34520.1
12132,2025-08-26,1497,64,5,6,1932.74,,97558.31
12133,2026-01-08,1763,24,8,9,719.82,,
12136,2025-01-26,1406,58,15,4,355.72,64.44,
12137,2025-09-12,1361,65,5,9,361.69,,56608.66
12138,2025-01-24,2561,73,3,8,1114.35,68.05,
12139,2025-09-14,1047,35,13,7,,86.98,31229.9
12141,,939,40,12,10,299.23,,
12144,2026-08-01,2950,42,12,1,,,67079.78
12145,2025-10-25,1148,18,12,3,346.33,19.48,
12146,2025-04-21,1335,32,7,12,,386.86,152000.09
12147,2025-03-13,2752,39,15,1,1651.05,255.88,
12148,2025-03-27,1281,39,1,3,,150.79,229372.42
12151,2025-05-25,246,70,5,8,280.54,,
12152,,2249,8,12,10,1118.81,128.2,96167.91
12154,2025-03-15,1059,31,14,5,1486.7,335.59,
12155,2025-07-03,2111,53,12,6,,395.77,
12157,,1976,66,4,10,1422.18,,281192.41
12158,2025-06-18,1927,43,6,6,653.32,119.28,
12162,2025-01-03,2995,67,14,4,1290.34,,143609.5
12163,,1667,53,3,1,,34.74,72475.29
12166,,2154,80,15,11,,,20279.52
12167,2026-02-17,1306,12,12,10,,210.34,139076.21
12170,2025-09-10,1391,75,6,2,346.29,,43226.99
12171,,694,48,5,6,1365.65,115.3,167442.37
12172,2025-05-08,2044,17,4,12,,251.11,307603.41
12174,,797,51,15,12,1353.19,,105788.47
12178,2025-09-02,1193,55,15,8,1533.2,,146897.24
12181,2026-01-13,3592,19,8,4,1454.73,,
12183,2025-05-17,1010,29,5,4,,39.46,29238.77
12185,2025-07-18,25,24,5,12,,259.45,72777.71
12186,,2707,13,10,1,1095.11,,59794.85
12187,2025-01-10,532,66,8,2,-1152.58,,131998.37
12189,2025-08-17,80,51,13,1,615.65,76.76,
12191,2025-12-30,2735,80,3,1,977.51,,104799.57
12195,2025-12-15,2472,6,5,2,,393.23,
12197,2026-01-20,632,40,4,5,,266.77,258976.64
12198,2025-07-22,880,54,9,1,76.41,,3700.18
12199,2025-11-22,1716,48,12,2,,316.92,63030.56
12200,2025-05-17,2990,61,11,9,945.06,140.29,
12203,2025-08-20,1106,64,15,6,,137.99,268913.74
12204,2025-02-10,325,46,10,9,,315.83,
12205,2025-03-22,972,31,3,4,78.91,,4916.15
12208,2025-12-14,2918,38,5,4,,,
12213,2026-02-16,1393,56,9,2,,72.49,56174.82
12215,2025-04-04,45,64,1,3,,35.13,
12216,2025-09-11,2044,19,1,2,1952.94,,
12217,2026-02-20,1015,73,6,1,,150.15,50316.31
12218,2025-12-20,1261,5,6,4,,,100812.78
12220,2025-10-16,1498,51,12,3,376.92,,10827.01
12222,2025-05-05,715,57,2,11,1241.42,,126487.42
12225,2025-02-17,447,62,15,7,,181.52,55239.37
12227,2025-01-13,1602,47,1,2,,124.77,109702.77
12228,2025-10-17,2726,25,11,11,,113.8,45452.56
12230,2025-12-08,1575,63,14,11,,194.87,144966.65
12231,2025-06-15,2684,61,2,8,,,3708.92
12233,2025-02-18,2791,6,13,10,1904.25,,342025.5
12237,2025-11-23,1008,23,4,3,,372.5,295383.17
12238,2025-08-31,1253,46,4,4,251.59,50.15,
12241,,560,5,5,11,601.17,42.99,59333.34
12242,2026-01-22,910,75,4,7,,201.61,266707.36
12243,2025-02-07,357,14,13,6,1172.87,,167631.01
12244,2025-03-05,1241,45,14,6,333.93,,14136.89
12246,2025-08-13,1531,38,2,1,,354.87,210508.4
12252,2025-07-31,2874,32,10,2,104.39,,13696.84
12253,2026-01-24,2098,22,15,7,,17.1,31506.79
12254,2025-05-25,1726,120,8,9,1381.98,97.72,
12259,2025-03-22,580,13,9,8,1648.75,332.15,
12261,2025-03-15,2276,5,14,6,,246.52,81826.64
12262,,2371,118,10,6,498.99,,52414.05
12263,2025-10-05,1055,58,5,9,1401.55,193.78,
12265,2025-02-08,1048,4,6,1,1490.82,,253126.66
12267,2025-04-07,1278,31,8,6,,149.36,187812.61
12268,2025-07-13,2260,108,4,3,139.07,34.38,
12269,2025-10-25,2756,74,5,8,,269.1,230203.71
12276,2026-01-17,381,12,10,8,,206.55,58133.6
12279,2025-07-07,1035,110,8,4,351.86,,31891.78
12280,2025-04-11,738,68,15,9,,47.85,26124.01
12286,2025-10-17,630,23,1,8,1062.8,198.16,
12288,2025-05-24,2830,62,8,12,184.14,45.74,
12289,2025-12-09,1407,8,15,2,,214.59,
12290,2025-03-28,1498,32,11,1,833.18,84.15,
12292,,597,71,14,6,251.27,61.54,33289.79
12293,,1532,53,5,12,,413.74,133660.26
12294,2025-03-05,136,93,11,5,,121.75,33985.66
12296,2025-05-26,563,8,6,2,,,10028.75
12297,2025-12-02,2946,28,14,2,1648.37,,
12299,2025-09-10,2001,12,4,5,1777.91,,149844.3
12300,2025-04-15,953,10,8,11,1427.75,,270219.42
12301,2025-07-31,833,50,6,1,517.75,,98046.88
12303,,2137,65,15,1,,113.93,244373.13
12304,2025-11-17,2980,64,12,11,1754.82,152.62,
12306,2025-03-30,2305,34,15,1,270.37,56.31,
12307,2025-08-15,2267,46,4,9,,81.19,76577.73
12308,2026-01-30,2755,73,8,11,,174.02,144541.68
12311,2025-05-03,2178,11,6,5,613.49,61.78,
12312,2025-08-10,1224,3,7,5,,77.48,80828.81
12313,2025-12-20,1895,76,15,12,,116.71,85240.64
12315,2025-03-26,2882,70,2,1,103.8,,11082.2
12316,2025-08-05,1377,41,8,4,1388.48,193.64,
12317,2025-03-17,1998,72,2,8,,46.63,99529.63
12318,2026-02-17,2081,25,13,3,1497.88,,262370.16
12319,2025-06-01,152,59,5,9,,,19053.84
12324,2025-09-03,251,79,15,5,,,70539.15
12326,,2712,12,2,3,719.44,,114376.7
12330,2025-07-05,787,37,3,11,180.63,,19860.25
12331,,2047,52,15,11,1657.81,,311974.75
12332,2025-05-14,2723,32,6,12,,178.35,169567.72
12333,2025-09-08,1474,29,9,11,,,31910.62
12334,2025-12-10,2071,8,9,7,1646.02,139.5,
12340,2025-02-20,30,6,15,7,,99.29,
12343,2025-01-25,1950,28,13,6,1782.28,,269237.51
12344,2025-08-30,2857,8,6,1,1607.59,,107193.61
12347,2025-05-25,1538,61,8,9,,69.31,96214.14
12348,2026-01-06,2746,48,10,5,598.58,79.25,
12349,2025-09-04,2413,8,14,4,91.99,21.49,
12350,2025-06-01,324,41,13,5,858.24,128.28,
12351,2026-01-18,3658,47,9,4,239.89,,25082.69
12353,2026-01-10,1137,78,5,3,,26.96,14243.02
12354,,2641,41,7,5,583.41,77.16,114586.89
12355,2025-03-03,2578,42,6,3,128.53,,17779.39
12356,,2954,59,11,4,1894.57,466.5,
12357,2025-03-25,2709,28,3,4,1170.86,230.96,
12358,2025-03-07,522,49,5,8,1004.74,179.46,
12359,2025-10-31,1879,3,15,2,1128.7,142.3,
12360,,2013,38,2,10,332.18,554.79,13739.76
12361,2025-11-18,2974,21,8,1,1804.32,167.63,
12362,2025-07-28,55,56,12,7,1616.35,170.82,
12365,2025-11-24,1843,12,1,1,,,128138.38
12366,,669,18,8,7,814.29,,113571.93
12367,,356,38,9,6,1657.11,373.03,232080.42
12369,2025-05-12,280,33,10,9,1655.96,191.1,
12371,2025-06-27,581,35,10,2,1414.1,72.87,
12372,,2052,56,7,10,815.81,954.62,20858.62
12374,2025-01-15,1173,61,2,4,1506.04,308.54,
12376,,1100,10,4,7,659.6,101.27,84696.82
12379,2025-09-04,1576,34,11,8,651.41,125.13,
12380,2025-09-11,1226,5,13,1,557.73,100.55,
12384,2025-05-20,59,34,13,11,,268.55,159992.54
12385,2025-04-23,2132,31,14,5,,,123813.49
12387,2025-08-19,1231,22,11,3,,28.6,
12388,2025-02-11,2412,63,13,8,,,97825.58
12391,2025-12-30,2176,50,1,10,,73.93,140393.43
12392,2026-07-02,2785,78,15,3,696.34,171.67,
12393,2025-07-09,2976,53,12,12,740.89,102.84,
12395,,1237,11,5,8,,,209686.15
12396,,631,60,13,4,1226.34,297.0,41806.84
12397,2025-12-06,1911,66,15,3,1118.09,97.55,
12398,2025-07-16,2387,41,5,11,607.77,,
12401,2025-03-08,2985,79,4,5,1959.32,476.26,
12402,2025-03-06,834,4,1,12,,,
12405,,2807,68,6,1,1304.63,77.31,206545.14
12407,2025-08-20,71,31,5,9,,284.8,
12409,2025-02-07,1479,64,7,1,929.43,,
12418,2025-02-10,2261,25,12,4,,119.59,19724.65
12419,2025-11-08,2834,17,7,12,,112.82,329057.59
12422,2025-08-07,2181,75,2,10,1527.24,83.33,
12424,2025-08-11,2326,36,6,4,428.13,755.67,
12425,2025-11-04,53,19,2,10,,164.27,153549.87
12426,2025-02-13,2356,23,10,3,,,366798.31
12428,2025-10-23,427,13,2,6,250.57,31.04,
12429,2025-03-22,800,33,4,5,,86.63,243706.86
12431,2025-09-04,2130,48,7,1,284.63,25.44,
12432,2025-05-22,1745,6,3,12,1970.76,157.77,
12434,,1201,12,15,6,797.67,,
12435,,2647,42,5,2,794.08,117.86,91326.44
12437,2025-11-01,750,78,10,7,1098.61,,164691.81
12438,2026-02-16,1448,79,6,9,1671.29,85.04,
12442,2026-01-18,1004,66,4,8,722.32,,66215.33
12443,2025-10-02,41,30,1,4,1567.54,,297659.82
12445,2025-03-30,2297,5,10,4,,,50549.26
12446,2025-08-07,789,120,4,9,1070.67,,212464.43
12447,2025-01-09,1233,6,7,12,520.69,,71355.19
12449,,2598,23,11,7,1203.12,114.32,
12451,2026-01-25,2626,78,7,3,,124.39,223352.56
12454,2025-04-13,2878,63,8,11,,152.29,83703.12
12455,2025-03-06,2090,56,3,2,1242.22,,103527.76
12463,2025-03-08,366,37,7,12,,,
12464,2025-03-14,1829,108,14,8,253.99,42.99,
12467,2026-01-04,2298,36,9,9,177.48,28.31,
12468,2025-07-25,1254,65,10,8,,88.78,21782.89
12469,2025-08-07,2581,2,4,1,1335.3,,251198.71
12470,2025-12-23,2977,12,12,6,,163.17,77249.85
12471,,1366,61,5,4,986.89,146.7,29968.57
12472,2025-07-03,536,25,12,10,1883.43,,145427.19
12474,2026-01-23,2248,66,13,7,1079.67,,85020.27
12475,2025-10-26,706,23,6,1,,54.29,40536.3
12478,,2984,15,7,9,969.84,194.28,68166.83
12480,2025-08-31,2272,44,4,6,699.1,,98682.91
12481,2025-01-29,1670,78,10,5,170.23,13.62,
12482,2025-02-16,2058,52,3,9,,258.17,179458.33
12484,2025-06-08,1298,16,7,4,1314.36,,41913.47
12487,,2806,39,5,10,,328.44,153464.56
12488,2025-01-13,1255,49,3,2,1576.16,,
12491,2025-01-11,2708,6,14,3,793.3,127.22,
12493,2025-12-08,1557,9,11,7,,260.4,51706.49
12494,2025-08-10,2624,71,7,5,1060.99,155.21,
12495,2025-12-31,1568,42,10,10,1093.13,269.11,
12499,2025-06-28,2712,6,11,1,,62.7,
12500,,2810,112,13,7,1480.79,,
12502,2026-01-17,2037,6,5,6,606.5,,40587.22
12503,2025-05-22,1498,9,11,8,101.98,,17567.08
12504,2025-07-12,727,12,10,3,,158.04,196570.55
12505,2025-01-28,2045,52,11,6,684.44,47.31,
12506,2025-04-15,2763,78,7,2,,,
12509,2025-03-28,2913,45,5,8,1021.22,151.34,
12511,2025-01-22,2155,33,10,8,683.75,,43629.45
12512,2025-07-25,3746,33,5,12,,218.42,139565.06
12514,2025-12-16,729,116,13,1,,,
12516,2025-06-05,1933,23,1,10,800.27,,
12517,2025-10-15,2674,19,1,4,512.82,,22240.78
12520,,283,102,4,7,235.0,,
12522,2025-02-26,2733,34,3,8,,297.0,295723.28
12525,,559,37,6,1,179.29,30.12,21271.17
12527,2025-07-03,323,42,9,9,,161.02,38078.14
12529,,410,63,13,7,742.67,164.33,96110.71
12532,2025-02-14,527,71,13,12,,,101348.04
12534,2026-01-06,1417,16,14,12,,92.83,19739.4
12535,2025-01-14,2821,70,12,9,,120.72,
12536,2025-05-28,1592,9,1,12,,78.53,74173.44
12538,2025-10-17,462,80,15,8,,178.54,77645.08
12540,2026-01-30,2445,45,1,3,1230.01,,204198.1
12541,2025-11-25,1030,47,8,2,,92.17,147171.28
12542,2025-10-19,2401,36,1,3,784.13,,34774.2
12543,,2613,26,11,4,267.41,14.8,5747.99
12544,2025-02-18,1232,21,7,1,,187.48,
12547,2025-02-05,1861,63,2,6,,272.1,
12550,2025-04-30,309,80,9,2,,,79996.96
12551,2025-06-14,129,43,10,4,116.33,,
12552,2025-12-08,1443,74,11,11,,34.47,20679.17
12553,,3759,76,3,4,270.45,63.65,31377.52
12554,2025-06-05,454,26,10,12,,108.94,111185.13
12555,2025-06-19,1771,37,2,6,581.15,139.33,
12556,2025-11-04,2781,38,12,6,1213.38,,235660.41
12558,2025-08-07,1259,36,8,6,,21.67,21095.97
12559,2025-01-12,1088,22,6,5,,17.91,13025.95
12562,2025-08-11,2964,17,14,7,1010.26,87.55,
12563,,1691,3,10,9,,155.75,127408.94
12564,2025-01-26,1841,26,9,6,1602.71,,
12566,2025-01-18,224,4,8,5,1169.12,267.67,
12568,2025-03-28,1806,19,13,3,,128.63,139642.46
12569,,2991,42,4,8,961.75,140.03,
12570,,2987,9,2,5,1453.61,236.59,134292.09
12574,,2820,50,9,7,586.14,84.97,90617.37
12575,2025-08-16,216,10,8,8,1705.15,422.35,
12577,2025-11-23,1596,53,12,12,,65.3,83289.71
12578,2025-12-28,1710,34,4,12,,10.99,3594.47
12581,2025-09-28,1982,80,2,11,,78.35,111698.08
12582,,2108,51,15,7,1630.68,2048.39,
12585,2025-10-05,530,64,11,2,,210.8,199089.59
12586,2026-01-11,2842,14,6,12,-676.57,,84184.07
12587,2025-07-08,1073,23,14,6,305.55,35.95,
12588,2025-03-15,1009,47,10,8,,155.7,127526.96
12589,2025-01-31,319,79,12,8,,329.39,287431.3
12591,,442,35,6,11,1420.95,101.53,
12592,2025-07-31,2232,12,7,7,,,199726.87
12593,2025-07-22,1656,71,4,3,81.71,,5825.42
12594,2025-03-28,3000,36,10,9,1085.42,,92507.01
12596,2025-10-12,1616,56,2,1,814.86,,60393.57
12601,2025-03-22,821,7,8,2,,285.65,52494.94
12602,2025-03-28,2596,29,13,9,,,86973.2
12603,2026-06-01,1537,33,10,7,1910.68,157.23,
12604,2026-01-27,1009,52,8,2,1759.64,,136872.42
12605,2025-03-31,1715,5,14,4,,,76305.79
12606,2025-04-03,2667,17,12,7,179.22,,6960.17
12611,2025-03-10,1842,38,14,8,1348.24,,191503.03
12613,2025-12-20,1191,10,11,8,908.52,,40950.29
12617,2025-11-27,2177,56,4,11,1540.81,353.14,
12620,,1427,19,2,3,1110.58,230.93,66062.58
12624,2025-01-12,2102,49,11,9,,220.51,32997.25
12628,2025-10-27,2800,56,8,11,1091.7,85.41,
12629,2025-11-30,2239,13,11,10,,83.4,37126.03
12633,2025-11-19,507,28,13,3,,96.65,185332.35
12635,2025-02-04,255,26,11,8,,,71804.51
12636,2025-03-25,408,80,8,8,1096.29,194.55,
12637,2025-05-12,2372,18,13,1,,298.24,218096.41
12638,2026-01-08,403,22,10,6,328.44,,49237.44
12639,2025-09-27,1519,3,11,5,1165.58,,176781.86
12640,,975,70,9,10,1443.8,343.86,250027.21
12641,2025-09-15,26,72,5,7,342.01,33.2,
12642,2025-02-23,1835,51,6,9,1493.46,,
12646,2025-08-30,2738,1,3,8,,32.22,22299.45
12648,2025-11-20,622,17,8,6,1622.94,,81524.63
12650,2025-01-27,785,25,10,7,922.61,,76124.62
12656,2025-01-07,303,4,3,9,,51.07,9517.48
12657,,3549,72,14,2,1070.15,185.72,
12658,2025-08-08,2186,78,4,10,423.11,,23734.8
12660,2026-01-25,2945,6,4,11,,375.13,331779.06
12663,,2206,58,6,3,448.16,71.41,40878.91
12665,2025-03-05,2986,59,5,7,1910.62,,295531.99
12666,2026-02-16,34,56,11,9,1659.66,,278144.37
12667,,2293,69,14,10,1475.93,2581.65,212965.76
12670,2025-02-17,2919,59,5,12,,119.64,26563.01
12671,2025-11-03,2634,74,11,3,1238.71,307.37,
12676,2025-11-25,1107,37,2,7,942.39,,
12680,,1064,48,15,3,1296.92,149.89,
12681,2025-03-24,2976,12,1,9,1374.56,,218216.95
12682,2025-12-28,2122,18,10,1,,188.69,74536.96
12684,2025-06-12,2307,55,11,11,1595.14,,291943.62
12685,2025-11-12,668,5,2,3,,419.1,103912.7
12686,,513,23,13,4,1890.07,116.09,182058.86
12687,2025-09-13,728,65,14,1,,,
12689,2025-03-28,2559,77,4,7,1827.74,,
12691,2025-09-30,212,24,10,2,999.21,,114300.93
12692,,115,8,2,9,182.14,29.19,7900.65
12694,2025-04-16,2177,41,6,10,,75.9,71233.15
12696,2025-03-11,2570,43,13,6,1273.8,78.01,
12697,2025-06-13,1843,13,4,11,,344.54,
12699,2025-04-12,1006,31,9,10,,29.85,66388.61
12702,2025-07-27,667,50,7,7,966.67,214.49,
12703,,390,15,12,1,1787.49,444.25,327359.01
12704,2026-01-18,1187,51,2,6,1828.0,276.97,
12705,2025-02-28,355,1,1,7,1550.69,,49648.11
12706,2025-11-01,304,76,15,11,,82.6,39145.29
12707,2025-02-21,1835,61,7,1,1367.86,,113014.88
12708,2025-01-28,2737,24,6,6,583.75,,42583.23
12711,2025-01-06,142,21,8,9,1379.57,302.02,
12718,2025-09-07,2517,29,10,7,1536.5,160.38,
12722,2025-06-21,2671,104,13,9,1949.94,130.18,
12723,2025-03-01,753,44,3,3,,,162020.07
12726,2025-04-08,2419,15,3,12,1008.2,110.31,
12727,2025-04-28,113,62,1,2,1784.27,,50527.8
12732,2025-11-10,581,22,4,12,,,296477.22
12733,2025-05-10,316,40,12,9,,71.03,47418.59
12739,2025-05-22,122,12,3,11,1170.69,287.26,
12743,,614,36,4,3,1572.15,106.91,274821.39
12745,,670,67,3,1,65.25,,4126.33
12747,,346,57,12,5,98.39,21.54,14288.83
12748,2025-06-11,929,38,15,9,915.7,48.13,
12751,2025-12-21,2428,14,2,12,,,10214.48
12753,2025-05-02,1031,47,3,11,603.56,,38850.95
12756,2025-09-30,1527,76,3,8,381.68,,
12757,2025-02-14,2642,16,1,2,1176.77,,192592.18
12758,2025-04-25,2038,71,2,1,,,173450.09
12759,2025-11-26,2419,8,7,3,1354.16,331.52,
12761,2025-06-04,3695,36,8,10,418.19,,74392.57
12763,2025-12-06,2713,11,5,11,1339.75,327.03,
12764,,537,33,3,7,728.53,117.16,143935.79
12766,2025-08-24,3597,45,10,5,,185.28,95353.51
12767,2026-07-01,631,32,11,12,,,50930.1
12768,2025-06-17,2409,27,3,7,,146.78,142551.32
12769,2025-02-08,781,65,14,4,619.9,,118995.2
12770,2025-01-31,1009,7,3,12,,264.75,134654.09
12772,2025-08-26,1972,7,1,2,,,215725.59
12778,2025-11-18,3589,60,6,3,1864.76,,290659.86
12779,2025-10-08,2365,10,5,8,,15.21,23536.22
12781,2025-11-30,1166,50,2,2,1090.37,,36780.34
12784,2025-11-03,855,75,8,9,1864.87,356.46,
12786,,1394,51,14,8,893.66,,
12787,,467,15,2,7,1116.28,76.83,62616.77
12788,2025-08-14,787,52,14,10,,,109331.49
12790,2025-09-05,1136,5,10,3,,,41751.23
12791,2025-08-21,2753,72,8,2,1630.2,217.9,
12793,2025-01-11,48,51,7,3,,195.43,286095.18
12795,2025-03-30,1925,62,15,8,,911.71,
12798,2025-10-09,1271,35,11,3,,281.55,168341.98
12799,,2835,36,8,8,225.14,44.98,40795.29
12800,2025-09-03,1314,65,13,5,407.8,,59575.98
12803,2026-01-17,2577,34,13,10,,44.07,24025.53
12804,2025-11-23,2514,16,5,6,1499.41,,257870.16
12805,,568,12,13,9,1742.08,119.2,264565.59
12806,,2794,61,3,8,,206.39,97632.01
12807,,2660,69,4,4,,89.84,103744.17
12809,,884,73,2,10,,,217082.54
12810,2025-02-05,1026,36,13,3,,2168.53,194175.58
12813,2025-02-10,353,46,6,11,845.54,,76432.49
12814,,1066,32,14,8,375.96,31.19,42179.48
12815,2026-01-27,1753,36,14,6,,,
12820,,1119,18,9,7,1961.48,243.42,
12822,2025-01-07,710,21,11,9,763.14,71.01,
12823,2025-01-14,2876,59,2,1,1119.16,132.44,
12824,2025-04-25,2192,5,13,11,,,63758.16
12826,2025-08-02,3748,10,12,11,1634.81,,252015.47
12827,2026-01-30,1982,61,9,7,,224.05,25902.15
12828,,2309,112,14,8,1461.91,174.81,
12829,,1851,16,9,11,739.31,47.06,54381.66
12830,2025-12-18,87,29,4,4,1928.5,,381843.17
12831,,2198,23,5,6,1294.27,301.78,
12833,2025-03-20,9,29,9,11,1707.01,,216703.0
12835,,1550,4,1,2,,72.09,81989.31
12837,2025-04-29,624,73,3,9,957.42,55.65,
12843,2025-10-26,491,4,8,5,925.08,108.93,
12845,2025-05-22,2555,26,14,9,1417.25,348.46,
12848,2025-09-29,498,33,11,4,,278.84,82910.97
12850,2025-06-24,46,69,2,10,996.05,,177458.71
12851,2025-09-10,1072,60,11,11,1514.25,,
12852,,1184,78,4,11,1628.27,178.73,239648.91
12853,,2766,19,10,12,-131.02,17.73,9354.89
12854,2025-01-24,2147,7,1,6,1410.45,135.46,
12858,2025-09-22,1829,22,14,4,1026.89,,
12860,2025-12-27,528,63,8,12,921.59,102.11,
12862,2025-12-05,2545,47,5,10,113.6,,9852.94
12863,,2114,77,5,2,1573.01,130.84,38631.4
12868,2025-07-02,1665,13,14,10,1430.83,,123226.11
12869,2025-08-25,2632,8,3,9,,94.05,
12872,2025-04-07,2930,64,2,1,1364.63,111.23,
12873,2025-12-08,1189,28,1,4,,50.89,
12875,2025-08-31,1023,18,1,11,,,
12877,2025-02-12,2599,34,3,12,,,155168.74
12879,2026-02-10,1724,79,12,1,,115.92,97893.36
12886,2025-08-12,1255,74,12,2,,157.09,55657.25
12888,2025-08-29,426,34,14,10,288.32,37.45,
12889,,1669,39,5,12,1971.68,247.03,372500.98
12892,2025-02-04,2426,42,6,7,614.4,,86379.13
12894,2025-04-25,479,50,7,3,,338.84,35715.73
12896,,2809,42,4,12,1961.16,,326158.08
12899,2025-11-16,382,73,2,1,,19.22,
12901,,1518,40,1,10,444.98,33.0,
12903,2025-11-06,1495,6,9,2,1336.06,229.42,
12904,2026-01-06,579,59,9,5,460.0,,72693.8
12905,2025-03-26,1576,67,12,7,,258.9,
12911,2025-06-10,356,68,6,9,,654.61,45895.95
12912,2025-12-10,353,74,2,1,,,57700.41
12913,2026-02-19,2919,21,10,1,1612.42,,216668.48
12915,,3754,32,14,5,1744.74,307.0,253920.53
12917,,1874,25,2,5,1523.57,130.94,187534.12
12919,2025-09-30,1534,18,11,4,,208.95,140457.34
12921,2025-09-04,360,24,10,4,104.77,,9169.61
12923,2025-03-23,351,3,14,11,,461.73,254140.12
12924,2025-02-02,1805,49,3,11,,112.96,
12925,2025-03-07,2823,28,4,7,68.51,15.45,
12926,,1405,19,15,7,1583.63,174.01,177309.94
12927,2025-03-23,611,41,6,10,350.27,,
12929,2025-01-10,70,69,13,1,,145.95,42546.16
12930,2026-01-22,2616,2,13,6,724.31,,60388.18
12932,2025-06-04,1497,61,13,8,,7.16,8642.93
12933,2025-05-23,1536,5,15,5,58.25,,
12934,2026-01-11,1419,29,14,11,407.27,,20688.91
12936,2025-07-31,823,21,7,1,1473.43,196.17,
12937,2025-07-07,1102,14,4,9,1013.13,,37916.15
12940,,1,5,1,12,889.47,162.57,161887.1
12941,2025-01-03,2135,10,1,3,,,12295.64
12942,,1293,64,5,2,,18.18,
12944,,2479,40,6,3,59.14,9.9,7203.7
12945,2025-12-20,2733,64,15,6,,299.5,259485.24
12946,2025-06-12,1335,59,8,2,1771.87,,
12947,2025-04-25,1086,74,10,2,338.33,,
12949,2025-06-18,1584,46,1,3,1402.23,237.37,
12954,2025-12-22,2010,56,8,10,1911.22,227.92,
12956,2026-09-02,578,36,8,5,1863.67,,91025.75
12960,2025-01-09,2214,12,10,8,1254.93,,
12962,2025-05-24,1193,55,11,9,,125.28,91690.18
12963,2025-08-04,2474,46,10,9,,133.37,98055.21
12964,2025-04-29,663,70,10,11,,114.48,
12965,2025-07-16,2231,53,10,6,649.26,993.04,
12966,2025-05-25,283,28,5,10,824.82,128.23,
12969,2025-09-20,929,47,12,1,,3173.6,213166.02
12972,2025-08-31,2790,71,3,10,446.48,,86519.52
12975,2025-09-17,248,50,12,8,837.34,,133228.29
12978,2025-02-17,711,53,15,5,,78.66,
12980,,1822,51,12,3,,286.19,37910.12
12983,2025-10-16,2349,41,12,12,1388.16,81.16,
12984,2025-12-23,1756,47,6,5,484.96,,
12985,2025-12-27,3647,38,10,1,1642.71,333.97,
12987,2025-03-01,2884,55,8,1,1420.02,,70096.46
12988,2026-02-12,2178,9,13,2,1407.65,,162952.85
12990,2025-10-18,1524,32,14,8,1285.46,233.54,
12991,2025-11-07,2804,5,15,8,298.2,,33050.34
12992,2025-03-07,1034,77,2,4,1313.74,,255886.04
12994,2025-03-28,2206,32,8,4,792.61,,
12995,2026-01-01,701,45,3,4,,85.64,95367.84
12996,2025-08-14,259,62,14,7,839.24,,145488.4
12999,2026-01-19,1940,66,12,8,638.53,,15350.3
13000,2025-04-17,1362,8,9,7,174.52,,
13002,,2533,54,7,7,1354.25,,126822.95
13004,2026-01-21,253,43,9,11,308.28,,49588.95
13005,2025-04-25,2789,75,2,4,0.0,,76483.92
13008,2025-03-08,597,48,11,6,,110.92,185840.23
13009,2025-08-08,104,24,1,12,70.74,,
13012,2025-08-04,1570,36,2,1,430.62,,75804.51
13013,2025-07-17,2730,17,9,3,,,45010.89
13014,2025-01-18,1221,1,10,2,525.22,,59527.96
13015,2025-04-11,1527,71,2,3,610.58,,65427.49
13017,2025-11-12,432,74,13,11,984.62,141.41,
13018,2025-10-31,624,7,4,2,612.13,,103393.68
13020,,2084,75,4,2,874.82,117.02,153489.34
13023,2025-06-30,1563,36,14,9,1441.27,,231081.4
13024,2025-09-25,221,1,4,1,,14.7,6796.92
13025,2025-03-28,2539,68,9,11,1895.35,101.75,
13026,,2507,38,10,3,1504.9,357.38,298242.47
13027,2025-06-28,1015,79,15,9,468.55,40.6,
13029,2025-10-31,2417,44,4,3,,301.37,127562.31
13030,2025-03-04,1610,41,9,9,1292.28,212.55,
13031,2025-09-13,140,3,2,9,1304.98,1969.9,
13032,2026-01-20,1452,66,10,8,,76.74,131968.48
13033,2025-02-19,413,6,12,2,1891.83,,168051.21
13034,2025-02-11,2372,9,1,12,,,52542.03
13035,2025-05-22,841,22,5,3,,23.62,6194.71
13036,,610,36,12,12,286.95,32.13,33637.44
13037,,222,37,13,2,132.57,,20978.06
13041,2025-12-02,992,12,1,12,1367.48,198.93,
13043,2025-02-01,341,25,2,9,,435.16,169712.07
13044,2025-11-03,457,24,5,7,,125.3,86747.77
13045,2025-05-11,1364,7,7,7,,220.26,201146.04
13050,2025-03-08,1544,41,2,8,,110.33,165875.31
13051,,2935,9,2,12,744.34,90.88,86656.87
13053,2025-08-15,953,15,11,11,,98.03,213040.86
13054,2025-09-01,1360,28,10,6,175.21,20.94,
13055,2025-12-01,940,28,13,7,1149.32,199.81,
13058,2026-01-06,1034,50,6,9,1160.43,254.05,
13059,2025-11-18,1220,69,15,9,349.41,52.51,
13060,2025-01-21,1506,29,1,7,631.38,103.79,
13061,2025-02-12,2541,22,2,1,955.45,,114441.13
13062,2025-12-16,1826,16,2,4,576.54,,13469.29
13064,2026-02-06,1098,16,15,6,,,221525.76
13065,2025-08-16,1409,19,6,4,1169.36,,
13066,,2538,8,13,3,,118.0,179139.88
13069,2025-08-01,855,33,14,4,,185.32,21986.02
13070,2025-04-22,1666,51,13,8,,,218715.23
13071,2025-12-09,654,56,11,4,1017.6,,165776.71
13072,2025-06-02,503,16,14,1,1907.2,210.17,
13073,2025-02-25,254,5,9,6,359.51,36.8,
13076,,603,61,13,6,299.69,46.08,44111.14
13078,2025-09-27,2085,71,7,1,,255.14,205859.91
13079,2025-01-06,3577,103,2,11,230.01,,36835.15
13080,2025-10-24,809,55,12,6,340.97,,66189.6
13084,2025-01-30,1597,26,10,2,1311.97,,81938.89
13085,,2900,72,10,7,1221.5,245.46,161940.22
13086,2025-06-28,440,16,15,5,,131.1,182422.66
13087,2025-03-13,2419,12,11,4,,35.6,29375.72
13088,2025-05-10,2682,48,1,6,436.23,98.28,
13089,2025-10-26,2031,71,5,9,604.89,54.28,
13092,2025-02-16,1022,7,5,5,,,
13095,,1584,25,6,2,1539.14,,87612.12
13097,2025-03-21,1574,50,2,10,,179.39,206468.73
13098,2025-01-03,736,18,8,9,1011.7,223.33,
13099,2025-05-28,2990,5,1,2,,348.33,61440.1
13102,2025-08-03,636,65,2,7,794.93,,33897.65
13103,2025-05-23,78,33,12,10,892.54,84.76,
13104,2025-03-22,2430,3,12,8,1374.24,,
13106,2026-09-01,1870,77,2,2,1290.44,97.48,
13109,2025-11-09,364,79,6,12,,346.61,73522.55
13111,,434,34,12,5,1415.7,,
13117,2025-01-10,1814,73,8,9,765.28,,
13118,2026-02-05,1828,46,3,11,-1534.2,165.29,
13121,2025-09-06,1233,47,10,4,227.75,36.04,
13122,2025-12-21,2085,32,1,11,317.98,,44126.21
13123,,2234,13,14,9,,309.21,
13124,2025-07-25,2986,23,1,1,,214.96,
13125,2025-06-29,2880,6,1,6,983.21,,172112.86
13126,2025-12-22,2870,58,12,9,,,215251.95
13129,2025-08-30,99,20,3,12,,121.73,
13134,2025-07-24,3863,76,3,10,1677.69,289.96,
13136,,2864,53,12,7,276.83,30.46,35292.58
13137,,378,46,9,11,1646.56,116.4,79233.02
13138,,2366,29,9,4,567.91,123.64,
13139,2025-09-14,1073,78,12,5,1333.85,216.31,
13140,2025-03-12,2642,24,12,10,843.6,,39160.37
13141,2025-08-16,1758,50,10,5,,65.56,109787.26
13144,,763,66,13,1,332.1,64.94,
13146,2025-06-16,2423,49,3,10,,189.23,218030.36
13149,2026-01-21,1023,24,11,5,1423.2,,163669.08
13150,,221,13,2,4,1552.3,123.2,265939.22
13151,2025-01-12,2603,78,1,9,1011.12,,
13152,2025-01-16,502,25,6,10,628.31,44.62,
13154,,1607,20,9,3,1081.87,264.37,212984.48
13155,2025-07-25,1173,39,6,1,598.22,,
13156,,1091,26,15,1,1068.98,149.63,
13157,2025-09-20,2225,42,10,5,,142.3,
13158,2025-06-27,2980,35,15,5,,6.52,2075.18
13159,2025-05-13,104,76,7,6,1343.41,298.59,
13161,,557,63,2,12,479.7,80.82,10562.99
13163,2025-02-21,1942,9,5,2,1588.13,,139136.38
13165,2025-06-19,3505,48,1,9,,116.9,57741.37
13167,2026-02-01,815,55,7,5,1497.7,222.32,
13170,2025-07-31,2136,68,8,4,,35.41,
13172,2025-10-13,1174,1,13,6,101.44,14.53,
13175,2025-10-02,1627,14,5,11,1470.68,363.35,
13176,2025-12-22,2222,54,14,7,,130.88,286133.77
13177,2025-11-14,666,44,5,2,,192.44,96034.61
13179,2025-11-01,1162,63,11,10,,35.4,14831.38
13181,2025-10-08,1642,73,13,12,,40.01,
13182,2025-07-06,2615,16,8,12,,250.02,255613.75
13184,2025-05-17,713,5,15,7,1560.04,,266511.53
13188,2025-04-26,2058,20,12,5,,37.25,37241.19
13190,2025-04-18,2105,24,2,2,1049.26,159.14,
13193,,3802,36,3,1,,123.54,240048.75
13196,2026-02-01,65,61,5,11,,,30075.85
13198,2026-02-14,893,23,12,4,1752.58,,222149.83
13199,2025-05-19,382,68,11,12,353.4,49.2,
13200,2025-07-09,1441,66,2,8,1474.58,,103027.18
13205,2025-05-08,527,18,4,4,800.69,,148303.04
13206,2025-03-18,582,61,5,1,,410.33,166904.35
13208,2025-07-14,2426,57,2,9,,91.68,
13212,2025-07-29,2124,65,2,4,1696.57,,183226.68
13213,,2859,71,14,12,1255.85,91.79,137688.81
13217,2025-04-01,410,26,4,9,131.96,,
13218,2026-01-22,2137,62,13,12,,,120066.16
13221,,1149,42,9,9,1717.27,190.89,260991.44
13222,2025-01-20,2888,15,8,7,,104.92,77057.31
13223,,424,36,13,8,386.66,58.8,68770.81
13224,,1195,37,4,3,134.62,,13114.75
13226,2026-01-17,2298,49,7,11,1244.51,,163403.66
13227,2025-03-15,2412,25,12,8,1400.2,340.59,
13228,2025-09-29,2802,44,11,5,221.49,49.48,
13229,2025-12-02,2077,75,7,5,549.59,33.41,
13230,2025-05-17,286,42,8,2,,,210861.84
13231,2025-04-27,3831,41,8,9,1347.53,269.25,
13234,2025-06-26,384,118,15,5,1284.64,,235852.29
13235,2025-01-18,785,20,7,9,1301.92,285.31,
13238,2025-05-25,1175,63,1,8,,,69290.19
13240,2025-08-21,844,49,4,12,,156.72,84303.46
13241,2025-11-13,738,64,15,4,1632.83,156.38,
13244,2025-02-04,2939,34,5,8,,25.67,68158.15
13248,2025-02-02,546,54,13,7,1952.61,250.39,
13249,2025-07-04,2537,34,12,3,,,23730.23
13250,2025-01-28,2686,80,13,3,,39.08,14684.27
13251,2025-12-10,404,9,13,10,1359.53,,75980.12
13253,2025-10-20,586,37,15,3,1812.77,,209920.89
13256,2025-09-08,2551,79,14,7,,104.98,101422.29
13258,2025-10-06,616,59,1,3,,326.79,175143.13
13259,,1047,4,12,10,379.72,76.84,
13260,2025-05-01,2539,37,4,12,,285.78,327685.14
13265,2025-12-08,1615,68,6,5,677.54,,
13267,2026-02-08,2239,36,7,3,917.22,,
13268,,492,6,15,11,971.65,,141146.36
13270,2025-04-23,93,66,9,6,1958.34,99.52,
13271,2025-08-14,2254,25,5,6,1080.45,202.88,
13272,2025-02-12,1178,6,10,11,1486.59,347.01,
13274,2025-09-04,2544,15,6,10,,16.06,
13275,,1156,17,4,7,0.0,,
13277,,214,24,7,3,283.65,31.42,26552.99
13278,2025-01-05,375,79,15,8,704.47,115.62,
13279,2025-02-09,738,63,15,7,447.09,,
13280,,2062,50,8,6,1698.2,,91001.12
13282,2025-09-09,1250,66,1,4,,265.67,96888.24
13283,2025-05-04,2093,68,14,6,,,2117.54
13284,,1884,75,8,4,,106.68,16495.69
13287,2025-02-14,56,111,9,8,453.84,,52254.07
13291,2025-01-23,2258,21,14,6,390.0,,34729.97
13293,2025-03-31,1921,40,1,12,,180.99,94698.36
13294,2025-11-25,716,4,15,2,1876.45,,216855.8
13297,2026-01-26,2430,18,3,9,,,238880.99
13299,2025-02-02,344,10,9,11,1485.18,,269230.79
13300,2025-10-30,785,9,14,3,1818.71,171.88,
13301,2025-08-29,2697,79,7,8,831.44,,57078.28
13302,2025-07-03,100,36,8,8,1339.2,219.83,
13304,2025-09-24,29,1,4,5,1332.3,262.61,
13307,2025-11-15,2208,71,3,1,,139.81,167777.32
13308,2025-07-23,964,55,4,11,1229.31,,245861.16
13313,2025-10-19,2707,12,7,10,,68.49,138393.0
13314,2025-04-19,203,49,12,6,,197.28,124965.86
13316,,2555,18,3,8,-961.83,77.85,
13317,2025-07-07,1303,68,7,4,,116.33,105007.18
13318,,1033,48,9,8,,22.05,
13319,,1939,16,14,12,,188.8,69202.81
13320,2025-12-10,642,40,11,10,,126.94,14325.11
13322,2025-04-22,1603,63,9,5,,295.41,299104.59
13324,2025-03-17,1048,16,4,3,,139.29,101981.41
13327,,3555,54,5,9,,54.67,36953.3
13329,2025-04-27,2701,7,3,10,1944.16,361.17,
13330,2026-01-18,3817,61,11,11,1273.12,,191119.85
13331,,1340,16,5,7,407.34,37.01,76273.82
13332,2025-07-30,2406,31,1,9,,57.71,109216.48
13334,2025-02-27,569,40,9,6,,122.87,83621.87
13335,2025-05-16,1224,99,1,1,1066.21,,
13338,2025-12-12,1516,23,13,6,586.57,,76306.01
13341,,335,42,11,8,402.33,44.15,25723.25
13342,2025-12-31,258,1,10,1,1038.05,129.97,
13343,2025-06-28,1595,41,12,3,1995.33,111.69,
13344,2026-01-12,2138,15,4,12,,345.04,208107.76
13345,2025-05-27,2773,39,14,11,504.34,,94987.04
13347,,2269,7,6,9,269.33,46.53,46021.36
13348,,2418,26,1,4,1831.09,252.12,60433.09
13351,2025-09-10,1763,27,11,1,,140.95,145762.61
13352,2025-10-20,2072,17,2,11,,226.57,151119.13
13355,,1815,34,6,3,,13.81,
13356,2025-01-08,2482,13,4,12,220.97,23.12,
13357,2025-02-16,2046,29,11,11,,232.88,300395.49
13361,,1707,64,13,7,1841.73,228.97,94770.28
13362,2025-01-20,1782,13,1,8,,,153055.5
13364,2025-04-06,2554,1,11,2,,,170073.56
13365,2025-12-15,2599,65,11,1,,55.54,9172.64
13366,,31,4,4,4,1051.1,60.65,180225.93
13367,2025-12-19,885,5,13,3,224.39,23.2,
13368,,2495,19,9,3,713.67,44.7,99328.38
13369,2025-02-06,2480,13,9,1,493.75,42.42,
13371,2026-01-07,1978,9,2,10,935.32,229.21,
13372,,1976,4,1,12,978.75,,113550.85
13373,2025-05-09,1574,16,2,12,1905.34,269.29,
13374,2025-11-20,222,21,2,3,,34.39,11707.79
13375,,481,35,14,3,,227.42,
13377,2026-01-15,1959,12,12,4,,119.75,274421.29
13381,2025-02-13,1065,20,12,8,1098.72,,88479.84
13382,,2342,9,12,6,1360.53,92.02,
13383,2025-05-27,2326,73,15,4,312.04,24.96,
13386,2025-12-07,2388,62,9,4,1831.92,,179770.58
13388,2025-06-14,340,64,7,7,456.75,,23701.81
13389,,1122,19,4,7,494.85,38.35,41462.37
13391,2025-10-01,2434,48,7,9,,,87465.77
13392,2025-08-25,2969,32,1,4,1891.67,186.84,
13393,,2360,58,5,11,1639.39,330.79,292893.83
13395,2025-04-12,2548,44,1,5,154.22,34.21,
13397,2026-12-01,928,55,8,1,,11.13,
13398,2026-01-19,2461,54,10,10,327.56,22.02,
13402,2025-09-11,1865,1,6,9,402.1,,10411.6
13404,,2661,32,4,12,,244.15,313809.32
13407,2025-02-09,337,21,7,7,,468.19,
13408,2025-09-18,1264,57,14,9,,254.61,60622.97
13409,,1541,58,14,7,443.8,,22210.13
13411,,1291,26,7,5,1738.31,312.85,346388.26
13412,2025-10-28,1545,44,11,12,335.99,20.17,
13413,2025-03-18,1865,5,7,4,465.27,,92474.59
13416,,241,18,11,7,,159.61,
13417,2025-06-09,2902,30,10,1,1593.62,,
13418,2025-04-25,961,6,7,8,1323.17,,149463.87
13419,2025-11-17,2958,71,15,12,,,55441.94
13420,2025-04-29,1885,56,9,5,806.97,,
13421,,1817,34,3,1,394.44,75.71,67178.58
13423,,1023,14,7,6,54.44,5.42,9533.13
13424,2025-11-07,537,78,1,3,576.94,67.69,
13425,,2439,66,11,4,96.41,18.75,11984.8
13426,,2271,8,10,7,519.08,,11810.64
13427,2025-12-03,1061,6,5,3,,270.32,322955.23
13428,2025-02-12,1602,60,15,8,1927.13,407.78,
13430,2026-03-01,2840,17,7,8,660.98,112.61,
13432,2025-10-15,768,68,9,1,1634.56,,100430.43
13433,2025-11-11,1501,65,5,9,960.99,,182035.03
13434,,661,76,7,6,1222.63,281.8,125794.15
13435,2025-07-24,196,41,7,5,920.79,55.8,
13437,,426,13,1,7,954.83,,38047.97
13438,2025-07-27,1502,10,6,7,,139.43,167491.18
13439,2025-04-11,2360,31,10,10,1710.31,352.43,
13440,,2611,56,3,9,912.53,,34680.45
13443,,222,48,14,12,1708.86,338.64,254746.03
13447,,1388,26,6,11,,250.66,36465.21
13448,2025-12-03,2279,45,10,3,,66.35,37403.1
13452,2025-08-22,1998,20,8,5,,262.31,167729.05
13454,2025-11-01,1281,44,8,2,,96.59,
13455,2025-04-24,1495,59,4,7,1453.09,,284668.82
13457,2025-03-29,1989,28,8,8,138.58,17.72,
13458,2025-11-04,2637,68,10,5,1398.8,,59869.38
13459,2025-03-23,2386,31,9,11,1749.71,240.81,
13460,2025-02-11,2643,37,3,12,,,74897.33
13461,2025-11-02,1129,58,1,3,1152.19,70.24,
13462,,1630,56,12,3,628.45,117.83,85150.89
13463,,1110,14,1,6,522.14,58.53,39603.61
13467,2025-05-10,1253,41,5,8,,218.16,114480.69
13468,2025-12-30,1018,53,2,9,72.48,,3379.81
13470,2025-03-19,2012,11,7,1,924.13,,114136.48
13471,2025-11-17,2005,53,12,12,546.0,,53447.98
13473,2025-10-14,2812,30,3,1,,115.89,168085.03
13475,2025-08-18,2662,55,1,6,566.48,103.38,
13477,2025-09-30,1165,1,1,2,323.42,62.49,
13478,2025-12-23,1074,56,1,1,703.41,152.45,
13479,,2364,52,6,11,1948.79,243.72,85841.5
13480,2025-01-21,483,42,3,7,922.3,,73284.69
13483,,1601,39,1,2,600.13,,84268.22
13484,,2184,10,9,10,1039.26,120.75,191750.94
13485,2026-02-12,1532,27,10,11,,277.72,244188.75
13487,,1035,20,12,10,636.14,49.04,90315.02
13488,2025-11-29,1116,35,15,3,,112.58,49655.03
13490,2025-04-13,2850,39,12,7,755.42,,
13493,,205,71,7,4,1088.09,,60162.13
13494,2025-10-27,2095,108,13,10,,86.71,101151.76
13496,,1146,68,4,8,-945.17,49.27,155774.03
13497,2025-11-07,853,38,11,8,1458.02,128.81,
13498,2025-09-03,1587,110,15,10,0.0,8.4,
13499,,2240,57,2,9,836.87,152.1,124292.33
13500,2025-09-08,1990,16,15,5,,83.02,
13501,,276,51,8,10,1725.15,89.72,120682.21
13502,2025-08-01,445,26,5,5,,99.41,73218.33
13503,2025-07-25,577,19,1,4,126.36,,
13505,2026-01-06,433,58,13,10,1145.51,235.23,
13507,,3692,77,3,9,1617.96,231.17,149480.89
13508,2025-04-08,2854,66,8,11,1387.25,108.56,
13509,2025-06-28,2478,28,15,3,,216.48,82543.64
13510,2025-06-14,2377,75,1,5,761.56,,72630.69
13511,2025-04-14,1394,37,5,9,1632.07,,305982.29
13512,2025-06-21,2272,7,4,9,1061.58,,43628.44
13513,2025-09-12,1776,16,2,8,1930.78,,300595.9
13514,2025-07-16,1884,13,15,1,,165.98,72245.65
13516,2025-10-10,77,69,7,10,1931.15,,339999.68
13517,2025-04-16,2634,11,2,9,1495.25,,74557.57
13518,2025-05-20,2847,38,7,11,,,
13519,2025-03-05,2575,75,12,5,,358.67,141333.84
13520,2025-07-11,567,72,3,12,,253.68,64225.15
13522,,2754,67,4,10,1387.85,280.79,224361.71
13523,,1962,50,5,2,1563.65,,
13525,2025-11-04,578,50,13,2,,79.52,80798.21
13526,,619,13,7,8,804.8,,90172.41
13527,,2950,17,12,6,,,51576.87
13531,2026-01-31,3773,11,2,1,1802.41,,161990.33
13532,2026-02-01,2436,27,6,2,1599.52,2343.96,
13533,2025-12-26,1989,9,4,7,595.55,,20861.24
13534,2025-10-25,995,47,15,4,276.94,,37853.22
13535,2025-11-21,2127,66,8,12,,92.89,176147.85
13536,2025-08-27,1861,80,9,8,1856.42,297.6,
13537,2026-02-18,1921,63,10,11,1888.04,,161522.78
13538,2025-04-27,2451,25,9,11,,51.06,
13539,2025-09-06,2756,39,11,12,,16.24,7817.47
13540,2025-10-18,117,2,13,2,,,70748.43
13541,2025-05-15,191,19,8,6,,,
13545,2025-04-26,2636,24,1,8,,,75907.58
13548,2025-03-30,2577,42,9,12,1750.76,427.77,
13550,2025-03-27,710,37,14,2,,359.87,
13552,2025-06-21,1253,37,13,1,496.8,,
13555,2025-11-20,1242,7,9,9,,152.49,130872.84
13556,2025-10-02,1693,58,9,7,256.7,,18397.61
13558,2025-04-11,958,47,11,1,451.75,,56064.93
13561,2026-01-02,1244,45,5,1,148.24,,13617.34
13562,2025-08-03,589,27,8,10,593.04,97.78,
13563,2025-11-21,2254,34,9,2,744.79,169.22,
13564,2025-10-26,2505,43,9,4,1002.44,76.51,
13565,2025-01-24,1783,66,2,6,575.29,,58865.28
13566,2025-05-08,2037,56,4,2,1674.99,382.11,
13567,2025-12-17,1717,53,1,8,1116.87,,62733.21
13570,,2839,8,14,1,789.94,,32688.45
13571,2025-07-28,1172,51,15,10,,403.46,288912.94
13572,,2714,73,14,9,0.0,8.55,6477.3
13573,,249,36,2,6,1416.52,108.45,75010.73
13575,2025-07-01,1670,51,9,2,716.82,,135984.41
13577,,2378,91,11,9,1185.41,211.8,
13581,2025-08-14,179,24,10,9,,232.11,
13583,2025-04-24,1749,46,15,10,459.43,55.59,
13585,,1476,49,10,7,283.0,54.84,
13587,2025-12-21,1712,69,11,3,1147.84,279.55,
13588,2025-03-17,1800,73,8,12,,299.06,174735.56
13589,2025-02-21,2100,32,7,12,,246.07,
13593,2025-07-24,2932,54,7,12,870.84,,162778.22
13594,,1924,5,10,10,203.58,44.92,
13595,2025-01-26,499,74,15,9,,,214874.85
13597,2025-05-16,1232,40,9,4,589.95,101.55,
13601,2026-01-05,1454,10,15,7,461.86,44.01,
13602,2025-01-28,130,73,15,5,206.47,46.54,
13603,2025-08-09,380,50,7,6,691.54,148.28,
13607,2025-07-23,1774,62,7,2,,48.52,10902.75
13609,2025-09-01,2374,19,6,6,,346.62,66686.24
13610,,452,70,11,2,1571.41,306.82,130747.06
13611,2025-09-19,514,39,3,12,,146.19,
13612,,2668,54,14,9,175.53,13.08,
13614,2025-09-07,421,31,13,10,,193.97,146820.2
13615,2025-12-02,1796,100,13,12,801.73,,66257.34
13616,,1301,17,2,5,1493.97,306.73,73399.43
13619,2025-05-14,1168,54,7,11,208.05,,31020.01
13620,2025-07-14,2402,59,11,2,1040.38,,176996.39
13622,2025-08-05,2239,7,8,10,392.94,,
13623,2025-05-20,2746,75,15,1,925.57,90.94,
13625,2025-10-04,742,41,1,2,1346.26,,259127.91
13626,2025-03-24,933,27,3,7,200.61,21.96,
13628,2025-08-10,2617,16,6,12,787.58,,
13631,2026-01-19,2739,62,7,4,1015.6,,37562.99
13635,2025-06-13,1058,66,11,9,1151.1,,162978.23
13637,2025-12-27,2228,32,3,9,,,34588.94
13638,2025-05-04,800,27,10,2,266.86,40.67,
13639,2025-11-04,780,48,12,8,150.77,,8081.97
13640,2025-06-13,2356,39,5,1,1850.94,377.7,
13642,2025-02-10,377,46,1,8,495.47,,86204.43
13643,2025-11-03,931,64,14,7,,,129212.93
13644,,1919,20,2,10,,16.39,17007.56
13645,2025-01-03,1120,13,7,7,1504.26,208.49,
13648,2025-01-06,2204,9,10,1,,195.35,34444.27
13649,,2555,32,7,10,524.93,,67001.05
13652,2025-07-19,904,12,1,10,1159.93,,170672.52
13653,2025-01-22,1581,17,8,7,,22.69,7512.63
13654,,872,65,10,3,,70.61,26343.84
13655,2025-02-12,1814,3,5,2,1338.63,225.34,
13656,2025-02-19,1949,18,10,1,1907.82,,311700.11
13658,2025-01-09,1864,38,9,8,763.21,,87702.04
13661,2025-11-26,2573,111,15,5,1906.95,271.58,
13663,2025-08-08,527,16,3,9,,235.41,113803.78
13667,,366,19,7,10,657.93,,117040.85
13670,2025-02-11,1581,74,10,8,,372.07,148089.75
13674,2026-01-28,1820,71,14,12,1630.11,,183534.18
13678,2026-02-07,2447,62,9,12,273.57,16.72,
13681,2025-05-19,2351,74,8,9,,,24635.08
13682,2025-05-16,2858,78,8,8,884.04,84.06,
13683,,1434,63,1,11,,98.75,
13686,,2931,25,13,7,155.26,,7021.96
13687,2025-10-25,454,38,5,2,,176.3,107790.18
13688,2025-09-14,1471,7,3,2,,31.0,25309.74
13689,2025-07-05,1736,73,13,12,,,69711.23
13691,2025-11-20,2383,37,11,7,,,8802.04
13693,2025-05-25,1631,31,15,3,,,55507.22
13694,2025-02-04,835,33,2,11,1772.28,,
13695,2025-08-18,1317,19,1,4,275.35,44.59,
13698,2025-03-04,437,23,13,1,540.31,85.85,
13700,2025-01-25,1137,8,5,3,1701.31,209.13,
13701,2025-04-06,882,18,4,4,,73.65,103717.72
13702,2025-11-06,1710,56,2,1,127.7,16.1,
13704,2025-08-06,2137,65,6,2,,187.58,210956.11
13707,2025-12-18,1781,51,7,2,1283.68,182.53,
13709,2025-10-05,2213,3,4,10,1397.32,,
13711,2025-10-07,2937,51,13,3,1418.23,,200492.99
13712,2025-07-17,1456,28,4,10,78.83,7.46,
13713,2025-12-01,2927,18,10,10,,370.91,76727.39
13714,,2731,27,9,4,713.85,50.3,28378.15
13715,2026-02-13,678,61,5,5,,,21386.35
13716,2026-02-06,162,58,2,7,,240.4,356281.99
13722,2025-04-14,334,21,7,9,1516.04,,105946.92
13727,2025-06-04,1910,53,5,10,,2802.91,74670.42
13728,2026-02-18,1387,17,4,4,,277.43,130012.01
13729,2025-05-18,299,11,9,8,,207.18,40150.4
13730,2025-04-23,2540,16,10,5,,307.78,266083.26
13731,2025-05-12,1566,65,10,6,,61.14,66506.29
13732,2025-03-22,2525,39,3,7,429.94,27.76,
13733,2025-11-12,2256,18,5,2,1014.12,248.65,
13738,2026-01-01,2982,27,13,5,,60.96,
13739,2025-07-21,747,41,12,9,,,19704.04
13740,2025-05-13,829,71,13,7,,356.48,289411.29
13741,,2761,46,6,7,202.95,12.01,13014.81
13742,2025-10-30,486,19,6,7,1089.49,,37814.98
13748,2025-09-13,1902,39,5,3,1621.83,,62352.54
13750,2025-03-08,2964,44,10,2,1611.24,,43802.0
13751,2025-07-24,1653,39,15,5,1173.55,102.12,
13760,2025-03-21,1414,31,4,12,0.0,,140344.77
13761,2025-07-31,421,51,3,5,1077.94,,
13762,2025-02-07,1062,12,13,11,228.07,,37305.07
13763,2025-03-29,814,32,11,5,1117.99,,69714.84
13766,2025-11-18,1670,44,6,4,,326.4,208197.85
13767,2025-10-02,1232,77,10,2,,,151724.93
13769,2025-11-09,940,74,11,4,,149.03,114886.67
13773,2025-08-17,1721,34,2,12,1042.46,,
13774,2025-05-11,2844,40,10,3,363.77,30.56,
13775,2025-01-19,659,26,13,3,503.82,,96044.3
13776,,141,12,9,9,1812.56,107.37,136779.76
13778,2025-01-04,1822,19,6,9,800.43,,138935.13
13780,2025-03-30,1739,22,3,12,,,
13781,,2875,71,12,10,733.9,163.76,108954.0
13783,2025-07-19,1024,25,9,7,1847.75,,129564.48
13785,2025-07-29,1525,48,5,3,,32.13,56703.9
13788,2025-01-10,534,46,2,1,1345.28,,186089.54
13792,,611,31,9,10,134.55,7.79,8126.4
13794,2025-03-15,2594,80,13,3,,104.98,45317.39
13796,2025-06-07,1499,52,6,2,1435.16,131.3,
13798,2025-05-23,1264,13,3,11,1580.0,,238271.48
13799,2025-04-17,743,45,2,7,1118.95,96.49,
13800,2025-05-10,2528,44,12,7,,112.95,214001.1
13801,,78,54,8,10,,142.11,91703.01
13803,2025-04-17,572,51,8,11,,228.92,
13804,2025-09-06,1742,40,2,2,813.79,111.66,
13805,2025-04-29,1248,15,12,8,,105.57,252602.0
13810,2025-09-23,1486,31,1,6,1102.44,,154511.58
13818,,757,111,10,9,855.41,119.11,96026.42
13820,2025-07-21,1948,55,5,2,,83.23,66845.06
13823,2025-04-10,2921,5,7,7,1674.13,167.18,
13824,2025-04-20,550,8,14,8,,256.62,191566.6
13825,2025-04-03,1766,7,13,12,,,
13826,2025-12-30,3541,65,13,3,,222.29,324221.99
13828,2025-11-05,2912,80,6,9,,167.27,
13829,2025-05-08,1175,66,2,4,976.6,126.67,
13834,2025-11-29,1805,33,4,8,850.58,,58195.72
13836,2025-10-31,2768,72,3,5,359.47,87.41,
13839,2025-01-20,2206,22,5,11,856.25,,37452.54
13840,,1696,15,11,3,662.37,73.76,53543.82
13841,2025-09-30,1610,77,1,2,,321.27,161577.7
13842,2026-02-13,1512,66,5,7,1574.66,384.21,
13843,2025-06-05,1191,37,4,5,,103.89,17053.19
13845,2025-05-23,1528,43,2,1,927.25,,146247.14
13846,,416,30,11,12,540.82,,29996.05
13847,2025-01-11,2838,7,11,10,219.35,25.4,
13850,2026-01-31,1652,23,5,8,1357.42,84.08,
13852,2025-03-06,1134,49,7,11,195.73,28.25,
13856,2025-02-01,2361,71,13,3,1703.74,292.95,
13857,2025-12-13,916,41,11,8,1716.98,106.96,
13860,2025-01-28,286,42,9,8,1975.09,217.72,
13861,2025-04-16,458,68,9,8,,326.24,161608.99
13862,2025-12-25,2735,27,1,11,,78.09,29611.48
13863,,1747,77,11,3,1328.88,,241896.74
13865,2025-12-19,1964,38,10,3,980.83,,56895.81
13868,2025-12-16,557,12,1,4,1438.13,,42885.66
13873,2026-01-13,1924,14,9,6,780.43,148.82,
13874,,1195,57,8,6,1868.1,458.91,365263.64
13875,2025-11-23,234,62,8,8,1897.23,325.38,
13877,,490,42,7,8,,12.78,13292.56
13878,2025-11-17,996,34,10,3,467.71,,38347.45
13880,2025-09-22,167,9,4,5,,96.0,214133.46
13881,2025-11-26,2613,67,2,2,1972.67,,149673.55
13884,2025-07-11,2868,12,2,1,,,
13885,,1403,10,4,7,647.4,154.97,29232.18
13887,2026-02-19,1017,64,11,5,1674.72,,
13888,2025-04-11,1356,43,2,8,717.36,114.57,
13889,,391,70,14,2,1342.26,134.44,116306.44
13890,2025-06-29,1876,61,8,3,418.39,,11981.76
13891,2025-06-28,289,14,13,4,969.25,,92059.37
13892,2025-09-19,763,74,11,10,214.92,34.47,
13895,2025-02-05,1840,42,3,11,667.58,118.99,
13897,2025-12-11,2842,59,2,9,,98.08,272145.67
13901,2026-01-03,118,18,6,11,517.43,45.47,
13902,,2135,52,1,7,1059.55,170.88,153638.79
13904,2025-02-06,524,50,14,11,1256.07,,120169.1
13905,2025-05-10,3713,34,8,12,387.53,70.75,
13909,2026-02-05,2388,79,2,8,,137.79,
13911,2025-04-19,1104,3,2,9,,26.44,24162.39
13913,2025-07-22,1245,37,4,7,1184.87,251.93,
13914,2025-12-15,2204,33,4,9,,,253841.96
13915,2025-09-12,766,3,9,10,1769.22,,269418.13
13918,2025-12-30,2285,42,8,6,,177.21,60695.98
13919,2025-09-12,2727,95,12,5,611.63,129.11,
13921,2025-06-17,384,33,1,9,145.77,35.49,
13922,2025-04-26,2641,37,12,7,1377.42,295.89,
13923,2025-03-22,2906,12,3,7,182.15,,24343.88
13924,,836,71,11,4,,150.11,101428.87
13925,,2918,51,7,9,1409.56,,91679.0
13927,2025-10-25,1465,68,3,9,1316.6,,217597.44
13928,2025-01-28,2954,17,1,10,,149.0,169018.21
13929,2025-03-03,1586,15,5,12,743.11,90.8,
13930,2026-02-07,1211,62,4,10,,264.63,255785.38
13933,2025-06-20,1757,49,13,4,1375.94,,52879.03
13936,2025-12-31,735,34,1,3,1667.7,346.72,
13937,2025-10-04,1670,42,7,12,,,99416.44
13938,2025-04-12,726,16,11,6,,275.32,25875.27
13939,,163,47,2,5,1517.51,262.45,192223.15
13940,2025-08-09,1206,22,11,1,,,48917.0
13942,2026-01-25,1969,50,4,7,1552.69,344.24,
13943,,733,62,12,2,692.46,121.36,32590.84
13946,2025-04-04,254,29,10,3,,42.86,76162.5
13947,2025-01-19,2841,15,2,12,709.26,37.75,
13950,2025-04-12,2988,6,5,7,,45.41,9751.19
13951,2025-04-22,1810,66,2,1,283.78,53.56,
13953,2026-07-02,2039,1,14,8,974.07,184.54,
13954,2026-01-16,459,16,9,8,,281.09,178966.23
13955,2025-09-23,2211,31,4,1,1401.06,,213800.13
13959,2025-03-14,1060,46,12,12,,197.84,154206.83
13960,2025-05-14,1092,58,1,12,,192.07,198801.33
13961,2025-09-19,884,14,15,6,,111.31,73093.8
13963,2025-09-23,2966,8,2,7,94.7,,6793.57
13966,,1956,75,13,11,70.71,7.98,6339.17
13968,2025-03-13,354,41,1,3,1640.7,340.96,
13969,2025-01-07,1119,59,8,2,1897.54,,135515.15
13971,2025-08-05,2352,60,11,9,811.19,42.3,
13972,2025-10-13,821,71,5,1,1680.56,,
13974,,1805,17,11,1,1955.76,107.12,351448.57
13975,,2065,75,2,3,942.37,62.21,46550.1
13976,2025-05-13,2625,48,13,6,1667.99,,51347.33
13978,2025-05-10,2966,33,3,4,,473.42,131451.55
13980,2025-10-18,2714,54,13,11,300.29,44.7,
13981,2026-02-10,1786,33,4,10,,104.9,45048.73
13982,2025-03-23,2270,7,11,9,162.48,16.22,
13986,2025-12-23,1103,52,2,5,,,12068.94
13987,2025-11-27,522,14,9,6,1903.45,,
13989,,94,67,13,12,1779.81,,
13991,2025-08-24,2368,70,2,1,1261.28,,113175.82
13993,2025-07-10,2774,48,12,8,,90.05,
13994,2025-04-29,2173,35,8,10,1658.06,206.27,
13995,2025-11-02,2815,33,11,7,1951.09,,233419.58
13996,2026-01-27,1065,7,2,4,647.84,58.07,
13997,2025-02-17,310,39,10,1,523.78,,65044.82
13999,2026-01-12,532,70,9,2,,18.01,14383.02
14000,2025-08-03,90,74,5,1,,145.58,56049.82
14001,,1630,40,11,1,1499.09,275.35,79529.48
14002,2025-08-08,1138,21,11,9,926.91,136.8,
14003,2025-04-25,1690,99,2,11,,304.67,
14006,,666,12,8,12,484.99,,10270.66
14009,2025-05-11,490,14,2,1,,1454.15,146406.79
14010,2026-01-26,2405,47,11,10,1645.67,405.48,
14013,2025-06-10,1762,14,12,10,601.9,119.3,
14015,,1629,7,9,8,,,256847.82
14016,,1132,71,10,11,209.54,,18034.57
14017,2026-02-15,1530,71,15,9,342.68,,9593.52
14019,2025-05-04,479,31,2,11,1889.14,165.06,
14020,2025-02-03,991,17,6,11,221.49,43.84,
14021,2025-02-24,455,35,2,7,,62.76,15096.84
14022,2025-10-25,3575,14,11,2,,,8730.95
14023,2025-12-08,1082,36,2,10,1989.15,249.0,
14024,2026-02-02,1939,63,11,10,,,160391.49
14026,2025-08-14,1457,3,2,11,854.0,180.48,
14027,,2757,54,3,2,,199.88,175882.43
14030,,1916,42,8,12,820.75,189.88,40253.53
14032,2025-10-09,1784,71,11,12,,289.86,
14034,,2502,21,9,8,305.23,47.6,43273.53
14035,2025-05-30,767,9,10,8,410.66,99.1,
14038,,2343,27,8,2,,22.23,47346.18
14039,,372,46,13,9,1126.27,,56250.58
14040,2025-10-21,2349,73,10,4,,58.62,46844.05
14041,2025-01-04,1401,53,14,11,1662.19,364.23,
14042,2025-10-11,934,77,7,5,-252.39,,35712.08
14045,2025-09-03,385,31,15,8,448.58,,
14046,2025-01-01,1268,72,12,10,222.84,,17156.05
14047,2025-06-17,395,26,1,10,,31.85,59041.78
14048,,2639,4,8,2,1732.54,349.15,
14050,2025-10-26,2201,44,9,12,1344.24,,138372.42
14055,,478,36,8,4,1765.69,,133771.19
14057,2025-11-02,414,69,12,3,,126.51,85894.23
14058,2025-05-20,742,31,14,10,,,360733.06
14059,2025-09-29,2347,71,8,5,,34.64,18544.29
14063,2026-02-18,771,68,4,5,1122.64,,107747.96
14066,,2278,11,5,7,,,19943.14
14068,2025-05-19,1830,5,14,3,,16.03,27181.39
14069,2025-04-06,1018,48,7,7,447.74,,
14070,,2647,56,6,5,1138.71,220.68,35091.96
14073,2026-04-02,964,49,2,7,1514.38,2412.25,
14074,2025-08-25,2286,79,15,11,354.69,,60798.39
14075,2025-02-04,1681,24,12,1,,,
14079,2025-06-27,342,16,3,3,426.63,64.37,
14081,,1678,11,12,11,478.88,109.18,83364.17
14083,,3867,8,13,4,492.32,61.45,65550.21
14084,2026-01-14,2646,31,4,2,,237.88,148286.69
14085,2025-03-05,2419,60,9,9,816.97,,53562.83
14086,2025-02-11,795,75,12,11,1911.48,,299335.16
14090,2025-05-27,1742,38,5,5,1093.09,80.83,
14092,2026-01-07,1621,34,13,12,1311.11,240.99,
14096,,606,45,10,1,1292.67,223.35,112838.83
14097,2025-11-05,1911,12,8,7,1486.56,,40426.08
14099,2025-06-30,460,3,8,12,,151.14,18106.39
14100,2026-01-18,928,9,2,11,,117.47,29009.4
14103,2025-03-22,1364,60,15,8,,,65662.3
14105,2025-10-22,2458,26,4,2,1846.98,394.35,
14106,2025-11-23,3691,28,5,12,1125.54,,35336.8
14111,2025-04-08,2341,79,14,5,401.44,,
14113,2025-11-29,367,2,8,8,,,
14115,2025-11-03,1564,1,11,1,1220.67,,102259.81
14119,2025-11-10,774,55,9,10,1753.88,,204687.09
14121,2025-01-24,1804,63,6,6,,73.11,57304.74
14123,2025-02-17,1492,26,14,12,603.93,,83148.22
14125,2025-09-23,1925,18,5,5,1576.02,,
14126,2025-04-27,2543,47,13,12,260.65,,17455.95
14127,,706,4,8,12,1587.79,245.61,
14128,2025-05-15,2952,12,10,8,,140.41,
14129,2025-01-21,2415,41,6,12,1444.86,346.52,
14130,2025-05-04,2404,50,6,7,,46.83,37535.91
14132,2025-09-07,469,12,12,4,1349.46,,83277.26
14134,2025-05-25,3896,14,10,5,1196.5,206.84,
14135,,1204,20,8,3,1345.94,82.3,254055.03
14137,,1915,78,4,3,1428.81,307.78,58479.75
14139,2025-01-11,951,41,1,12,102.62,,
14140,2025-12-30,1593,69,2,5,,20.65,
14141,2025-03-01,983,33,2,11,259.91,,6186.77
14142,2025-12-14,2439,9,1,9,1353.17,,213779.74
14145,,1049,21,9,7,1236.8,298.48,
14147,2026-02-12,2149,56,7,4,179.4,,34453.21
14148,2025-04-23,2281,106,4,8,,142.62,111249.67
14149,,1056,12,1,11,1844.47,138.75,199592.91
14152,2025-03-07,215,59,4,10,,201.81,244009.7
14153,2025-06-10,959,22,13,6,,23.12,16631.91
14154,2025-09-21,2063,46,1,11,1026.47,171.92,
14157,,908,53,14,9,802.21,,119676.38
14160,2025-01-12,623,16,15,11,1691.72,,109540.46
14163,2026-01-19,355,66,2,4,1446.76,,56578.93
14165,2025-03-23,409,16,14,1,,137.34,177894.57
14168,2025-03-01,824,79,5,11,1441.0,195.26,
14174,2025-05-01,2341,15,6,6,512.7,27.43,
14175,2025-03-10,426,40,4,10,311.39,,
14178,,512,21,12,11,,314.35,110019.75
14179,2025-10-30,416,27,13,4,885.42,,47605.25
14181,2025-10-29,1163,33,12,12,1015.43,,124617.75
14184,2025-09-18,1253,30,6,9,,107.03,18966.99
14185,2025-04-18,187,80,15,1,1218.41,,82466.62
14186,,1422,27,5,1,697.12,89.84,99866.68
14187,2025-06-24,1167,11,7,4,,,17544.27
14188,2025-03-21,1541,8,4,4,1928.9,,268948.7
14190,2025-11-27,3753,48,6,4,,,85326.35
14191,2025-01-10,575,15,11,7,390.63,45.38,
14192,2025-12-12,87,43,7,6,,191.48,85117.79
14193,2025-09-20,1081,37,3,4,,,282415.17
14195,2025-06-29,2284,39,6,11,,,
14196,2025-01-20,2331,55,5,3,,782.38,120705.57
14197,2025-04-01,1190,51,4,4,961.57,,186476.46
14198,2025-07-25,1824,6,5,8,,144.36,259872.18
14199,2025-10-10,1791,39,1,1,,13.36,5359.46
14200,2025-09-07,1656,47,4,9,1119.91,,98552.0
14201,,1188,27,12,4,972.05,203.31,158236.48
14203,2025-09-05,1731,69,1,1,,1889.33,
14206,2025-01-19,1895,24,13,12,1375.49,303.98,
14207,2025-09-22,570,8,7,11,,206.21,68726.83
14208,2026-01-25,122,72,9,2,654.26,114.83,
14209,2026-01-01,2750,40,15,5,1443.25,263.49,
14210,2025-06-25,2213,8,5,11,438.65,,53767.63
14212,2025-05-07,840,39,5,8,94.03,,15637.64
14213,,942,10,10,10,,232.69,210229.55
14214,2025-03-24,2007,23,9,5,,,209474.18
14215,2026-01-01,2641,79,4,12,1641.41,223.13,
14218,2025-05-06,1421,68,1,11,734.52,,77790.53
14220,2025-08-10,2099,28,9,12,315.3,,
14222,2025-12-02,2612,70,12,8,405.09,76.38,
14228,2025-10-17,2911,53,11,11,1882.47,,345825.4
14229,2025-05-22,1151,9,5,1,,64.71,50936.73
14230,,1389,35,6,5,,77.81,
14234,,2188,1,2,11,,153.07,70704.67
14236,2025-06-14,3794,49,9,6,,333.58,
14237,2025-10-14,1110,30,11,10,,154.34,32974.08
14238,2025-01-20,716,70,13,11,526.6,33.5,
14239,2025-06-16,906,5,10,3,1325.55,,133016.38
14241,2025-11-09,731,20,12,8,,245.47,224659.9
14246,2025-05-15,703,78,13,4,784.01,,116630.25
14247,2025-11-24,99,16,11,12,,189.8,205890.41
14248,2025-07-12,950,10,11,10,1621.57,158.27,
14249,2026-02-01,1978,68,13,9,301.47,,9367.49
14250,2026-02-11,743,42,1,1,582.58,98.68,
14251,2026-01-09,1886,97,12,3,248.76,12.95,
14254,2026-01-12,2871,68,10,5,,171.52,297496.96
14256,2025-05-06,203,39,1,2,125.69,,23203.87
14259,2025-08-23,1094,77,1,12,1865.18,,89209.8
14260,2025-04-25,2146,5,10,11,990.42,,186551.74
14261,,2824,62,14,10,1585.92,,182106.56
14262,2025-09-06,604,11,11,12,1280.5,292.74,
14272,2025-06-02,1569,14,12,3,356.96,,
14274,2025-07-21,1174,39,11,3,1664.38,,121889.24
14276,2025-09-18,2363,36,11,5,,86.61,183826.52
14277,2025-07-08,2888,77,3,4,,405.31,
14278,2026-02-14,185,14,3,2,1772.31,,351864.79
14279,2025-07-12,1671,18,13,9,1148.81,,
14282,2025-12-18,418,71,6,6,414.46,,13172.52
14286,2025-11-25,2722,64,13,12,89.56,10.65,
14288,2025-06-06,2759,1,1,3,,202.37,108755.36
14289,2025-12-24,1309,50,8,12,,126.57,40896.96
14290,2025-02-12,1119,3,9,4,1880.45,2439.97,
14293,2026-01-18,1607,2,5,7,181.46,30.98,
14296,2025-11-14,1308,10,1,4,,72.88,38707.39
14298,2025-12-13,736,38,14,2,,307.65,97231.58
14301,2025-08-16,530,59,3,10,1457.68,,102697.19
14303,2025-07-20,1595,70,4,1,1424.95,,254797.5
14305,2025-01-02,103,34,7,8,387.68,37.39,
14306,2025-05-02,243,20,4,5,,684.88,85819.4
14308,2025-09-26,944,20,2,11,236.63,57.83,
14309,2026-01-18,916,4,11,2,,171.94,144875.53
14310,,2033,3,2,9,704.72,105.52,
14311,,2445,52,2,7,,,127076.37
14313,2025-09-13,683,51,11,5,610.37,87.74,
14314,2025-12-17,2882,38,12,4,,128.99,97226.23
14322,2025-06-23,2743,63,8,5,288.48,57.27,
14323,2025-01-27,434,54,10,6,907.39,,83344.8
14326,2025-08-14,3714,70,5,9,1311.94,,
14329,2025-02-15,1967,60,12,7,1176.02,,218071.03
14332,2025-11-04,604,14,7,11,,,32743.7
14334,,243,80,1,10,387.12,,23128.26
14338,,2868,69,8,2,958.3,156.91,22110.96
14339,2025-02-12,2842,8,13,9,,113.0,113625.49
14340,,1392,30,12,3,285.03,,45388.26
14341,2025-03-26,2788,17,2,2,-131.13,,2688.42
14342,2025-03-01,1571,34,13,12,,104.57,14330.86
14343,,3822,20,6,1,1470.3,260.43,79713.53
14344,2025-06-24,1200,29,4,8,585.29,,74546.06
14345,2025-10-19,2485,47,13,2,561.67,,57023.03
14347,2025-12-29,2306,24,10,12,,69.08,25576.99
14348,2025-10-31,699,44,10,8,1888.56,117.26,
14350,2025-03-16,1447,80,8,9,786.82,170.4,
14352,2025-07-24,2353,63,10,9,177.31,,10080.31
14353,2025-08-09,522,80,15,4,-1211.31,252.58,
14358,,1656,66,13,2,292.28,37.7,28490.82
14360,2025-02-03,39,17,6,6,,419.79,383476.55
14361,2025-06-03,683,17,13,5,,30.04,
14362,2025-09-03,109,46,9,1,,172.23,127382.29
14363,,2649,48,4,3,1747.55,436.24,
14369,2025-09-22,2192,52,15,11,,141.96,56689.74
14370,,1288,76,10,4,,201.28,101858.99
14371,2025-08-16,1309,112,3,1,,296.08,222270.08
14382,2026-01-24,1711,19,12,4,487.24,60.06,
14390,2025-03-26,2067,12,7,4,1215.35,275.7,
14392,2025-01-26,1754,74,1,9,,,
14393,,2513,1,13,8,,80.87,
14396,2025-06-27,2086,79,11,1,1906.03,382.88,
14397,,135,38,14,1,981.82,143.17,
14401,2025-12-01,1435,40,4,12,,152.56,
14402,,2600,65,2,5,963.03,,123334.44
14403,2025-07-09,2850,40,6,8,363.39,,56231.97
14404,,1590,73,12,2,0.0,323.78,237889.91
14409,2025-07-02,502,20,9,1,,13.85,9418.55
14410,2025-07-13,1394,22,4,4,,,90937.43
14414,2025-03-05,1628,11,9,5,199.8,45.13,
14415,2025-04-14,2810,94,15,2,,151.0,52062.13
14416,2026-01-07,2828,53,3,7,973.39,,98037.53
14417,2025-12-14,1763,47,15,12,,,43060.07
14418,2025-10-02,1893,12,1,7,,144.85,71348.58
14419,2025-05-31,1426,2,13,12,,7.67,10993.85
14420,2025-06-07,2705,67,5,12,,260.93,
14421,2025-05-18,2705,63,5,3,872.45,,56849.2
14424,2025-09-04,793,65,9,6,,132.81,83231.21
14428,2025-12-16,2057,6,1,7,1157.3,189.73,
14431,2025-09-23,2024,40,15,12,960.44,,96587.2
14435,2025-02-21,1199,64,1,5,,154.45,114613.06
14436,,7,43,9,3,,170.24,77390.32
14438,2025-11-16,375,5,11,3,1690.62,128.11,
14439,2025-07-18,2500,28,10,2,,153.03,89115.15
14444,2026-02-15,1806,44,3,2,1201.65,,224109.65
14446,2025-03-15,2093,39,10,11,,140.18,152665.56
14448,2025-09-15,1480,13,10,1,,,11731.11
14451,2025-05-21,69,22,4,12,404.91,29.51,
14452,2025-10-04,1577,35,8,2,,105.77,206031.42
14453,2025-06-11,2123,72,14,6,,113.15,12341.57
14454,2025-10-07,1860,41,12,10,,57.32,66658.17
14458,2025-07-10,1103,35,6,9,230.91,55.21,
14459,2025-12-22,1829,5,2,1,1962.32,,325421.08
14461,2025-03-13,2106,1,2,1,1678.5,,55399.92
14462,2025-09-02,835,2,7,1,525.63,34.49,
14464,2026-06-02,1071,39,7,2,905.25,,155148.07
14465,2025-12-19,1543,19,3,5,1975.47,371.59,
14470,2025-01-02,533,58,12,10,,367.91,143251.94
14471,,530,33,7,2,825.31,112.0,125772.44
14472,2025-11-04,1447,2,8,9,,61.17,24243.56
14474,2025-01-26,1658,28,1,3,,,43643.27
14475,2025-09-04,2599,16,8,10,1026.51,254.95,
14476,,1054,77,2,5,523.53,26.9,104118.02
14477,2025-08-29,1006,11,1,3,516.76,126.71,
14478,2025-02-09,2840,2,9,6,,92.99,231662.7
14480,,1250,37,10,11,,46.3,
14481,2025-08-25,620,33,12,7,1296.84,76.65,
14483,2025-03-10,1242,69,15,1,,172.84,101048.42
14486,2025-02-09,295,31,8,1,,3.39,
14488,2025-03-22,570,36,12,4,580.57,,
14490,2025-12-09,2436,42,8,2,1690.75,273.11,
14491,2025-12-23,151,32,2,11,,98.61,64262.61
14492,2025-11-15,2399,37,12,7,122.34,15.16,
14497,2026-02-19,1326,58,13,5,1024.22,,160805.47
14498,2025-01-23,229,68,1,1,1787.13,,
14499,2025-08-05,1314,63,4,1,1893.41,370.8,
14500,,2569,17,14,12,,154.29,46179.54
14501,2025-07-18,2345,25,13,12,1766.83,,184437.35
14502,2026-01-14,569,17,2,4,1165.64,,107821.01
14504,2025-07-31,1112,67,12,12,1338.92,,102444.88
14508,2025-08-07,3681,60,5,9,665.36,,58413.66
14509,,1848,15,10,3,373.37,42.44,74152.22
14512,2025-03-04,2897,62,6,10,791.32,56.92,
14513,2025-02-12,2064,17,2,1,,,301718.61
14515,2025-01-29,2230,40,7,10,59.82,9.7,
14518,2025-08-14,373,12,14,1,1407.24,,227079.04
14522,2025-01-14,3776,7,3,10,791.2,,
14523,2025-08-22,2160,44,1,11,801.46,45.79,
14524,2025-12-16,1253,6,2,1,1478.5,,166580.59
14527,,2917,42,11,10,,39.97,65590.34
14533,2025-10-28,2892,56,12,8,,58.77,34328.64
14535,2025-09-08,1069,38,10,6,,145.63,129574.08
14536,2025-12-07,241,68,6,4,1779.96,3024.6,
14537,2025-01-14,2159,78,7,1,1834.24,,252268.36
14539,2025-03-06,1591,43,3,11,1916.42,140.72,
14541,2025-05-13,1912,55,1,11,1823.05,224.64,
14544,,1790,33,15,8,340.55,25.94,24764.29
14545,2026-02-14,1265,34,7,2,894.38,99.73,
14548,2025-08-29,2473,77,12,4,,388.46,176763.0
14549,2025-04-22,2884,18,9,9,1725.0,113.71,
14550,2025-10-16,1309,40,5,12,819.79,,61800.6
14554,,2375,65,10,2,749.33,1244.8,108714.48
14555,2025-07-16,2950,64,4,11,1347.6,,52643.45
14556,2025-05-24,629,37,12,5,149.99,,5817.28
14558,2025-09-16,326,6,15,5,757.55,178.51,
14559,2025-01-09,1666,33,5,12,348.89,52.74,
14560,2025-04-20,2372,17,8,7,0.0,,
14561,2025-03-07,579,54,7,6,1282.68,227.18,
14563,2025-02-07,428,23,13,4,,36.79,
14565,2025-03-11,88,17,2,2,764.57,,26698.41
14566,2026-01-04,788,31,11,12,,,57698.61
14567,2025-11-23,2341,6,8,7,,193.06,268674.49
14569,2025-02-19,1590,50,11,8,789.07,,43406.3
14570,,606,68,11,5,1190.87,182.92,147348.43
14572,2025-04-13,2391,27,8,3,,314.12,299683.07
14573,,56,60,15,5,164.01,19.1,9251.87
14575,2025-02-25,2899,1,5,10,,105.19,53007.56
14577,2025-07-19,85,4,15,2,,455.53,50149.56
14578,2025-05-29,2840,39,4,6,1223.66,,116921.08
14579,2025-03-08,590,34,14,8,382.5,,
14580,,294,65,4,4,470.69,,87215.52
14582,,806,17,9,9,544.9,660.49,
14583,2026-02-03,1704,26,6,3,,152.02,69518.58
14585,2025-05-03,2948,51,6,8,,,110742.48
14586,2025-11-06,1538,43,11,2,1555.73,227.67,
14589,2025-07-09,2467,76,9,11,,189.95,240597.88
14590,2025-07-01,75,49,5,4,,269.62,284950.67
14591,2025-10-24,1622,5,13,12,,,206869.34
14594,2025-12-27,2216,29,1,3,655.29,,74777.92
14596,2025-11-06,184,1,13,6,540.33,,15359.14
14597,2025-07-21,2265,54,5,12,,,245614.81
14598,,714,14,14,1,619.66,33.98,28391.13
14599,2026-01-01,1397,31,4,9,1501.19,,
14601,2025-10-25,891,33,11,7,420.95,56.97,
14603,2025-10-07,694,39,1,6,,34.07,66265.81
14605,2025-11-27,1308,7,12,4,1465.5,,249508.96
14609,2025-03-07,2830,13,14,7,,277.34,330190.87
14613,,2999,19,14,2,,197.95,178446.8
14614,2025-01-27,589,72,12,6,791.97,121.66,
14618,2025-04-27,279,4,3,4,,63.26,
14619,2025-11-19,1907,45,8,9,1945.05,,379556.29
14621,2026-02-13,2127,44,10,8,,,
14622,2025-03-13,2393,25,15,7,326.45,46.6,
14627,2025-04-30,1232,7,10,3,,274.79,358466.65
14630,2026-01-08,2736,75,2,1,424.09,96.27,
14631,2025-10-20,259,2,4,6,1607.21,250.63,
14632,2025-01-11,2251,73,5,12,1672.86,,33693.24
14633,2025-11-20,2254,48,15,9,132.95,17.7,
14634,2025-12-28,1679,71,2,4,1259.27,199.21,
14635,2025-03-25,32,73,6,4,,174.7,147612.81
14636,2025-12-12,2422,80,11,3,,105.31,69932.12
14637,,29,26,13,12,1089.5,,75902.27
14638,2025-09-15,1106,65,4,8,607.7,147.7,
14640,,1286,49,8,7,1381.85,,44891.82
14641,2025-12-11,2146,46,8,2,,438.32,72147.04
14643,2025-02-09,517,100,14,5,1800.17,146.84,
14644,2025-04-30,2983,46,11,5,1550.57,,192591.06
14645,2025-05-04,2097,79,5,12,,,
14651,2025-12-25,1744,68,8,7,1721.69,,268683.36
14652,2025-06-17,2818,17,15,5,984.83,127.7,
14653,2025-06-13,2886,19,3,9,692.45,64.18,
14663,2026-02-11,2634,15,7,9,,82.93,61377.23
14665,,2430,11,3,4,1488.06,307.66,
14666,,1064,49,9,12,,34.53,
14668,2025-04-19,824,60,6,4,1959.11,363.94,
14669,2025-10-02,2933,2,10,5,,,310566.5
14672,2025-11-13,514,25,10,10,,195.68,
14675,,2825,6,3,10,1532.35,,224928.43
14676,2025-05-26,1914,70,14,1,,172.68,
14678,,2257,26,7,2,440.93,87.84,
14682,2025-08-14,1784,47,8,5,1981.33,122.05,
14683,2025-05-27,1822,78,7,11,,20.89,40792.19
14684,2025-08-24,2935,38,10,3,1942.43,,158479.81
14685,2025-10-14,2587,31,10,12,561.17,,60368.1
14687,2026-02-07,1127,7,9,8,0.0,,44132.14
14688,2025-12-30,297,63,3,10,,,28883.81
14691,,243,17,9,9,1294.02,260.93,
14692,,193,63,15,1,1001.49,221.82,165990.52
14693,,1359,3,13,10,1512.11,179.0,217853.41
14694,2025-11-21,379,44,1,3,,66.99,144094.52
14696,2026-11-02,2009,5,10,7,,245.06,43169.59
14698,2025-06-16,851,12,9,1,,25.26,
14700,,1309,40,2,2,314.11,39.54,
14702,,1911,8,11,12,1141.93,209.09,165818.74
14703,2025-08-16,1042,30,12,8,1951.77,,360409.89
14707,2025-09-05,1643,79,9,2,1006.86,107.83,
14710,,1818,37,6,2,1419.95,313.1,102123.52
14711,2025-02-05,2362,47,14,9,202.53,27.77,
14714,,2333,4,13,7,1263.01,264.43,193182.53
14719,,2855,16,10,5,,118.16,118259.66
14720,,2835,53,3,12,136.63,20.61,
14721,2025-04-12,2695,72,12,1,1445.77,292.82,
14722,2025-07-31,1898,79,7,9,292.03,,
14723,,2748,36,5,10,1406.09,79.2,165173.73
14724,2025-06-01,2318,55,5,2,,172.74,78153.0
14725,2026-01-19,569,18,1,3,1899.87,,212557.98
14726,,2271,43,9,11,882.78,71.67,85429.42
14727,,422,53,15,11,1147.98,,104581.75
14731,2025-02-26,804,59,12,11,1776.01,205.7,
14733,2025-07-04,1319,58,2,10,,101.64,
14734,,2543,29,6,8,1176.93,,
14735,2025-03-13,460,49,3,10,1448.29,333.93,
14742,2025-05-27,624,8,10,9,1070.22,,
14743,2025-06-13,201,16,10,6,1506.71,148.87,
14745,2025-08-17,1273,14,12,11,,156.2,38277.36
14746,2025-04-27,1802,51,3,4,,,185175.0
14748,2025-05-05,1276,42,11,11,408.72,,44459.54
14749,2025-05-26,923,25,10,5,1923.39,,
14751,,1508,2,14,2,1636.48,327.82,97729.69
14752,2025-03-14,159,67,12,11,1931.37,,170723.34
14753,2025-07-19,409,41,10,6,544.93,88.76,
14756,2025-08-02,2881,10,14,2,,30.41,27047.56
14758,2025-06-29,2030,35,3,6,1697.54,310.3,
14759,2025-05-14,1487,29,6,2,1522.56,,113314.76
14762,2025-12-09,2836,8,8,7,,60.87,66124.13
14763,,2390,1,6,7,1129.56,82.49,
14764,2025-10-20,464,30,10,4,,37.61,73009.57
14766,2025-07-14,990,80,12,9,,86.07,22479.43
14767,2025-07-05,1692,59,13,10,,64.92,101168.57
14771,2025-06-10,849,76,6,7,,213.46,363698.18
14773,2025-04-01,2790,53,2,12,1927.64,,243907.24
14774,2025-09-22,2848,4,12,6,,345.41,82420.2
14777,2025-04-17,849,35,2,11,489.18,,78744.71
14780,2025-02-05,2398,27,12,9,289.68,19.06,
14782,2025-02-26,955,56,11,6,1780.96,,264874.79
14783,,715,25,14,4,572.09,,39963.21
14784,2025-02-23,1856,56,4,6,,,92739.53
14785,2025-11-18,1095,78,9,11,,,97160.23
14789,2025-02-13,1067,25,4,12,1256.76,101.87,
14791,2025-04-12,2114,58,5,2,1171.11,,157890.05
14792,2025-11-26,3754,64,5,9,1469.46,,239352.11
14794,2025-03-22,722,74,7,5,,283.2,281507.45
14795,2025-03-09,3514,30,15,9,,2050.46,
14796,2025-12-22,21,59,14,9,1126.1,,119703.48
14798,2026-02-12,188,66,14,1,270.7,64.22,
14802,2025-03-24,945,21,1,1,391.93,,34748.09
14804,2026-02-09,2719,17,14,8,795.29,57.08,
14805,2025-05-09,1630,71,5,11,,36.18,55595.35
14806,2025-07-30,1542,21,3,11,744.12,,114806.67
14807,2025-07-07,1750,34,8,9,,281.5,331943.91
14808,2025-11-05,1922,27,15,10,1079.24,,159863.55
14813,2025-08-01,2513,70,3,2,,17.9,3304.35
14816,2026-02-01,866,73,11,11,,126.28,72092.95
14817,,1052,62,15,6,1994.31,352.23,216076.09
14818,,1780,16,14,1,146.92,22.86,
14819,2025-03-07,2146,45,1,2,,275.22,258418.93
14821,2025-01-05,2770,62,11,12,605.12,,105332.16
14822,2025-03-24,2251,49,7,3,,219.53,51621.28
14823,2025-12-17,865,54,11,5,123.94,,17223.18
14824,2025-01-21,679,8,8,9,,281.95,340294.09
14826,2025-02-27,1514,41,6,5,1916.21,,134430.09
14827,2026-01-11,2194,47,10,12,201.01,30.45,
14828,2025-05-24,820,71,15,3,1501.74,226.51,
14829,2025-08-22,2202,63,15,4,1225.94,,208313.96
14830,2025-03-26,1118,60,11,2,,145.11,
14831,2025-07-20,697,11,9,9,1619.53,,57643.12
14832,2025-12-25,2647,8,8,9,216.25,,13494.94
14833,2026-01-13,2467,30,12,4,487.64,87.2,
14835,2025-05-25,2636,8,8,8,918.17,,162145.15
14836,2025-10-29,2521,8,5,3,722.07,135.93,
14837,2025-07-31,15,79,7,4,1141.9,222.35,
14838,2026-02-06,702,51,1,8,,129.33,112273.73
14840,,3744,77,5,4,1311.48,263.36,98794.83
14841,2025-12-19,471,39,7,6,,27.83,55805.61
14842,2025-03-10,1822,14,4,9,969.64,105.63,
14844,2025-03-22,1836,73,9,10,426.85,42.62,
14845,,15,78,3,9,1124.19,169.96,87030.21
14846,2025-09-21,1649,68,10,4,1934.29,299.27,
14848,,2486,70,5,9,1796.68,179.67,345473.5
14849,2026-01-04,1418,3,15,9,,108.8,98011.88
14851,2025-07-26,1303,6,15,6,510.62,59.53,
14854,2025-11-09,1254,75,5,7,1033.59,209.57,
14858,2025-06-28,2563,14,12,12,,57.88,94519.07
14861,2025-09-08,1476,39,9,12,1893.14,,59434.94
14862,,2999,49,7,4,736.81,,139136.01
14863,2025-05-15,77,6,1,8,340.62,,67726.57
14866,,1851,6,13,12,1667.72,,81239.75
14867,,2772,69,1,3,,81.49,75635.1
14869,2025-05-15,1725,45,13,6,1964.03,,332472.64
14870,2025-01-15,1140,8,11,7,289.17,20.58,
14871,2025-05-26,1332,56,2,6,919.43,154.33,
14872,,347,11,6,2,235.32,,27079.74
14873,2025-08-19,2344,34,10,10,,242.16,
14874,2025-07-24,1145,53,2,7,1272.95,97.18,
14876,2025-09-05,2476,78,14,11,449.72,76.1,
14878,2025-05-18,1456,73,1,10,770.59,,66022.33
14879,2025-10-28,1926,80,2,11,426.58,95.98,
14880,2026-01-21,829,53,9,10,839.41,,42727.98
14881,2025-05-27,691,78,14,3,,78.08,107974.53
14883,,2682,60,1,5,490.96,80.82,56172.89
14885,2025-10-24,2490,37,3,9,,259.86,80336.36
14887,2025-03-26,1810,37,8,7,1472.98,,292420.01
14889,2025-03-12,1570,20,15,4,331.18,,58486.13
14891,2025-09-22,833,9,9,8,1024.57,65.82,
14895,2025-07-14,1761,50,8,11,901.19,205.13,
14896,2025-10-02,454,74,2,7,,246.7,
14899,2026-02-17,2219,58,1,7,,273.91,239108.02
14900,2026-01-11,2119,72,2,11,,302.58,207915.4
14901,,1653,75,10,2,1279.31,306.72,77184.13
14902,2025-05-05,1493,63,14,7,1560.49,234.22,
14905,2025-03-20,1726,52,13,6,1904.36,,40835.38
14906,2025-07-19,2914,79,12,6,129.21,,25067.82
14909,,417,28,9,5,68.77,13.52,8695.16
14910,2025-12-08,1401,13,6,11,1795.41,333.62,
14911,2025-04-02,1578,53,2,8,,47.82,55205.43
14913,2025-12-10,2118,68,3,12,703.92,,82821.67
14914,2025-04-08,2890,17,10,8,1943.06,,380134.53
14915,2025-12-26,2787,51,7,5,1411.04,290.43,
14916,,2198,63,2,2,,76.17,142112.53
14924,,695,61,8,7,,102.87,64126.2
14925,2025-01-18,373,36,5,12,,202.92,157721.09
14926,,2993,14,10,4,,80.36,219694.93
14927,2025-06-26,3780,73,8,12,1564.21,230.41,
14929,2025-04-22,2622,62,15,5,,73.64,
14934,2025-11-11,643,32,14,6,,50.01,16280.68
14935,2025-07-04,1724,63,10,8,,88.66,
14936,2025-11-08,2530,66,1,8,,,30809.06
14938,2025-08-17,2564,49,3,5,,91.13,63116.62
14940,,287,17,5,10,,229.99,75026.07
14941,2025-05-14,1509,69,12,4,,263.23,187215.5
14942,2025-08-12,2854,24,1,2,,54.06,74068.06
14943,2025-09-07,1448,20,4,9,,138.85,199512.36
14944,2025-05-05,1723,61,2,12,165.06,,29584.19
14947,2026-02-15,941,52,8,1,612.9,61.14,
14951,2025-07-28,1591,33,3,10,1541.24,,188210.93
14953,2026-01-26,1967,39,11,10,,59.2,19876.81
14955,2026-02-04,1290,68,11,7,,146.09,30489.33
14956,2025-02-11,1060,115,4,8,,181.12,262297.72
14958,2025-03-24,1856,12,3,5,1926.64,,
14960,2026-02-19,3,63,14,1,1544.38,,
14962,2025-06-24,1210,61,3,8,330.78,,37911.83
14965,2025-11-05,561,46,9,11,777.13,173.08,
14966,,281,33,8,10,,177.09,187326.46
14969,2025-12-23,2796,69,12,11,,,305102.24
14973,2025-05-15,1962,55,2,5,629.29,,114707.39
14974,2025-05-10,264,24,9,4,1392.85,,193472.81
14978,2025-04-13,95,18,2,2,,187.97,84236.72
14979,,268,68,15,9,,480.45,370365.79
14983,2025-02-26,1238,45,13,12,754.53,,
14984,2025-10-26,1337,22,5,10,732.29,50.02,
14987,2026-01-12,368,77,9,8,1909.57,,259797.69
14989,2026-02-10,1892,27,2,10,631.29,,
14990,2025-04-18,468,60,6,2,,184.67,99393.97
14994,2025-05-16,2919,38,9,7,,8.29,9165.97
14995,,3537,33,2,11,,136.92,319990.02
14997,2025-11-09,517,8,15,10,1421.54,,99619.24
14998,,2900,18,7,6,1411.26,192.37,159810.56
14999,2026-01-09,1041,59,14,9,790.93,,26801.64
15000,2025-01-06,1793,1,2,9,,279.31,51612.84
15001,2025-06-05,875,45,7,5,,,
15007,2025-10-25,2220,46,14,2,1996.33,365.01,
15008,2025-01-13,2092,62,4,2,,,44800.61
15009,2025-12-29,2318,73,4,8,1120.29,113.55,
15011,2025-10-11,2911,76,1,3,,254.02,102826.03
15015,2025-11-09,510,24,12,6,555.62,133.12,
15017,2025-12-30,1249,55,11,5,1169.43,128.13,
15020,2025-03-07,2295,23,1,6,591.6,,99601.91
15023,2025-01-01,1138,50,8,1,0.0,277.64,
15024,2026-01-15,2322,55,14,3,,263.71,
15027,2025-09-09,1756,53,7,1,1463.44,96.6,
15028,2025-07-06,2248,49,12,9,1046.14,,32143.45
15029,2025-02-15,150,58,8,6,447.59,55.79,
15030,2025-12-07,1847,61,13,4,,,188081.64
15031,,407,1,15,2,979.96,79.75,109138.98
15033,,2519,26,15,5,249.15,55.27,
15034,2025-04-12,2676,47,13,10,132.12,,
15037,2025-04-26,929,43,8,2,,,270105.73
15038,2025-09-21,933,66,5,12,1269.56,194.61,
15039,2025-07-04,2599,19,1,8,88.85,15.68,
15040,2025-11-30,1887,78,11,3,126.07,8.37,
15041,2025-11-09,939,40,11,2,1987.63,306.77,
15042,,215,13,14,8,1867.51,163.28,350238.41
15043,2025-12-26,167,68,11,8,,,
15044,2025-09-15,1195,47,3,7,812.86,,49751.36
15048,2025-04-07,163,61,7,4,,283.78,148883.61
15049,2025-11-11,2821,5,10,12,,32.65,
15053,2025-09-05,779,61,5,10,759.86,139.28,
15056,2025-08-20,1642,50,7,10,324.77,59.13,
15059,2026-02-16,2943,55,1,3,658.24,137.12,
15060,2025-12-24,1468,74,12,8,1798.59,,
15061,2025-07-12,2319,46,12,1,,86.45,107780.57
15062,2025-02-12,2430,55,1,12,,,68416.78
15066,2025-08-09,2999,17,15,6,,,
15067,2025-09-24,2342,6,8,1,1084.98,,
15068,2025-11-05,1656,62,11,6,1250.54,,54718.36
15071,2025-04-09,1063,51,7,12,1537.3,88.27,
15072,2025-01-09,2161,13,9,2,706.16,,136402.31
15073,2025-10-25,3781,40,12,9,,305.21,64751.26
15074,2025-09-21,2798,5,9,4,,119.07,83523.24
15075,2025-01-08,2038,31,15,10,1387.31,,
15076,2025-04-03,94,66,3,11,,217.72,
15077,2025-12-08,65,76,15,10,,34.6,
15080,,795,73,8,7,1964.83,224.85,98784.65
15081,2025-01-19,663,19,9,7,,231.46,276101.0
15083,2025-05-05,892,4,1,2,450.2,,72467.13
15084,2025-08-28,735,6,13,2,429.11,,14987.25
15085,2025-06-28,1892,15,2,8,,30.71,20490.2
15086,,1924,71,12,7,480.51,105.88,51247.34
15087,2025-03-24,1846,66,7,11,,48.85,93471.38
15088,2025-09-01,978,4,7,10,195.9,24.72,
15092,2025-09-01,2624,70,7,7,1362.12,,165572.39
15094,,1809,30,13,6,550.6,103.78,27007.64
15095,2025-07-29,1739,25,2,9,1006.31,246.08,
15096,2025-05-14,1228,69,14,6,1501.98,,
15101,2025-08-09,1333,59,15,11,1318.49,154.35,
15102,2025-11-06,1102,24,9,11,348.04,,26908.79
15103,2025-07-29,1933,53,5,12,,,32753.04
15105,2025-07-24,2824,58,11,2,677.0,,93351.48
15106,2025-08-26,1041,49,15,9,1221.04,66.53,
15108,2025-12-04,247,32,2,6,226.11,,18401.06
15109,,226,54,2,7,858.02,132.82,21165.6
15110,2025-10-05,1316,57,15,5,,219.7,45273.87
15111,2025-09-20,1355,3,9,11,,,
15112,2025-01-21,2200,32,4,12,1927.4,,177061.24
15113,2025-10-30,2652,47,4,2,1902.22,,217593.47
15114,2026-01-30,1517,53,4,5,1693.56,,248395.9
15115,2026-03-01,2287,27,6,11,,29.04,26610.06
15117,2026-01-03,1912,41,2,3,,227.86,
15118,2025-03-20,2573,49,11,5,,223.97,131131.95
15119,2025-04-28,1669,77,3,9,640.2,76.62,
15120,2025-03-26,1388,25,9,4,1504.73,,92713.23
15122,2025-10-26,1816,7,7,11,1553.85,,227962.87
15124,2025-02-04,2077,44,5,4,1183.66,283.0,
15126,2026-02-11,2069,36,15,7,,243.43,
15129,,1693,75,11,11,,127.09,
15130,2026-02-05,656,18,12,1,1751.75,237.23,
15131,2025-04-01,2282,4,8,5,,279.2,248852.53
15134,,1095,31,11,8,,,
15135,2025-06-03,1684,31,11,2,,,109845.67
15137,2025-08-27,602,10,7,2,1275.01,,224401.11
15138,2025-05-03,2157,56,3,7,,,15180.45
15140,2025-03-27,2445,80,3,4,,226.84,232360.28
15141,,1353,61,7,3,1402.91,262.79,
15142,,416,70,5,2,,326.94,79875.39
15146,2025-07-09,485,72,13,5,,52.51,120311.08
15149,,2108,24,3,1,,168.61,51953.21
15150,2025-02-15,580,72,9,7,98.86,19.14,
15151,2025-01-11,3590,59,12,11,,,42513.12
15152,2025-08-04,785,7,15,6,,16.36,22553.12
15153,,568,31,5,11,1146.45,,90121.71
15154,2025-07-30,863,76,7,2,,84.95,216359.88
15155,2025-05-28,1263,70,14,9,1805.99,,338120.48
15156,2026-02-13,2919,6,4,7,1210.14,130.48,
15157,2025-05-24,655,78,11,12,1947.91,104.11,
15159,2025-04-12,1760,14,1,12,,138.31,55570.88
15160,2026-01-14,2464,1,6,11,,104.03,31967.1
15161,2025-03-09,2494,63,7,1,1866.1,,105579.78
15162,2025-09-18,191,56,7,6,335.23,,9211.08
15166,,288,23,12,3,,60.62,49138.35
15167,2025-09-07,1863,30,2,4,532.44,,
15168,2025-03-30,922,31,9,7,1632.38,2181.99,
15169,2025-03-05,1825,11,12,12,913.9,133.51,
15172,,1755,70,15,7,409.73,43.29,41572.67
15175,,1283,49,3,11,972.67,55.92,152894.22
15176,2025-07-19,149,4,15,3,1729.92,378.87,
15179,,2225,34,4,10,,148.89,96681.79
15184,,2544,38,11,4,747.73,127.43,
15185,2025-03-30,1126,54,4,2,243.74,25.25,
15186,,120,55,7,10,,,
15188,2025-06-08,1027,68,8,5,,185.23,
15189,2025-11-21,1085,80,11,3,,327.56,109392.71
15191,2026-04-02,2610,25,10,3,,357.0,200654.48
15192,2025-03-15,1350,67,9,2,889.64,,162216.84
15193,2025-09-17,1550,43,10,8,,169.47,45162.63
15194,2025-10-05,235,62,1,1,857.63,64.36,
15195,2025-05-28,1124,48,10,6,856.93,,36955.62
15198,2026-01-09,2217,69,15,12,473.85,,69105.13
15199,2025-04-20,1050,49,3,12,1779.26,273.04,
15200,,1462,62,5,4,162.88,38.55,19081.32
15202,2025-01-24,2272,48,4,3,,,
15204,2025-04-26,2891,72,6,2,1811.13,436.23,
15206,2025-12-01,1106,40,13,4,1864.85,,67134.75
15207,2025-06-23,556,68,2,11,676.76,162.89,
15209,2025-08-30,1002,63,12,8,1664.16,211.71,
15210,,2739,80,3,7,786.65,89.7,122041.95
15211,2025-10-23,1105,46,4,2,405.6,50.33,
15212,2025-06-25,1863,50,6,10,1493.15,,127686.38
15214,2025-11-25,139,1,3,7,510.69,,
15216,2025-05-12,1276,11,10,12,254.07,,17810.24
15218,2025-08-07,1620,42,1,2,1333.96,158.76,
15219,2025-07-04,1604,65,6,7,,,39773.25
15220,2025-04-04,968,2,1,2,769.13,,51035.95
15221,,2,50,2,7,640.24,150.64,80169.31
15222,2025-01-05,1738,39,14,1,1446.97,,160510.56
15225,2025-07-10,265,67,6,8,,139.47,32399.06
15226,2025-10-21,1760,52,11,3,,122.62,181690.29
15228,,2832,6,1,4,1461.16,82.02,213000.34
15231,,2572,36,3,9,1504.14,,144447.4
15233,2025-06-11,56,39,15,12,829.86,69.42,
15234,2025-01-15,2967,75,2,11,,160.59,162053.51
15235,,2227,39,7,4,,24.56,11248.83
15236,2025-11-23,1360,4,11,3,1813.37,,325480.77
15237,2025-08-17,1793,15,15,6,1372.67,170.12,
15239,2025-08-01,1905,23,6,3,,16.85,8354.34
15240,2025-10-31,1660,29,8,2,,280.92,175681.1
15241,2025-09-20,499,9,8,12,169.78,,20128.5
15242,2025-04-15,2026,33,1,8,1309.37,170.03,
15243,2025-08-29,2809,53,4,6,1343.99,,177024.51
15244,,766,24,5,1,501.25,754.78,64012.29
15245,2025-03-30,2772,21,15,12,1134.25,,192126.8
15248,,128,22,4,11,1269.47,,173044.25
15250,,670,17,6,11,824.12,109.06,75685.52
15251,2026-01-22,1727,35,11,5,485.15,86.0,
15253,2025-09-04,2953,66,2,11,,132.1,314189.2
15254,2025-06-07,890,32,5,9,122.94,9.92,
15255,2025-11-18,2754,16,14,8,486.49,25.47,
15257,2025-09-18,172,56,5,6,935.47,115.94,
15259,2026-01-25,12,7,11,11,1483.47,,46968.05
15260,2025-01-30,155,72,7,2,,,64638.88
15261,2026-01-01,2412,44,14,12,,428.67,139548.96
15262,2025-08-16,1415,27,3,5,1300.72,80.67,
15263,2025-05-16,2496,71,2,5,1720.62,382.59,
15264,2025-07-26,1559,70,6,3,76.97,,11995.01
15269,2025-02-23,2708,17,2,3,399.31,75.8,
15270,2025-07-27,898,5,11,9,,150.92,137065.48
15271,2025-05-04,2105,63,7,10,,168.86,146549.61
15272,2025-10-21,1089,30,1,7,,,125610.99
15273,2026-02-02,2586,31,7,7,1913.89,119.63,
15274,2025-05-14,860,38,13,11,,31.66,14002.44
15275,2025-02-04,2234,46,1,5,411.47,54.34,
15276,2026-01-14,2995,27,8,4,,291.34,
15280,,2705,64,15,3,,15.15,24572.56
15282,,1264,12,13,1,1894.22,,367532.25
15284,2025-10-30,679,67,15,3,360.53,,60137.15
15285,2026-01-21,3552,14,3,4,275.91,,28157.44
15287,2025-05-16,2190,6,8,6,,121.62,154752.21
15289,,2947,4,15,10,694.55,,27601.33
15291,2025-08-31,1328,63,3,2,164.3,,17532.56
15292,2025-01-11,2853,47,11,1,,8.87,
15294,2025-12-26,992,2,4,12,1863.11,,254086.16
15295,2025-03-23,2101,42,13,11,218.5,,
15304,2025-03-05,1596,22,10,9,1643.67,268.6,
15306,2025-10-09,1257,38,9,5,1760.51,310.64,
15308,2025-10-15,1711,8,5,3,1398.48,,131581.23
15310,,1762,58,15,1,372.68,37.68,41998.09
15314,2025-03-01,307,71,9,3,1016.74,,
15315,2025-10-11,1027,3,9,4,1639.5,384.97,
15322,2025-12-20,462,32,5,4,1185.77,241.22,
15324,2025-08-28,1689,55,10,7,1482.27,,162202.24
15325,2025-02-20,388,22,12,1,568.6,84.3,
15326,2025-05-30,1822,35,12,11,,,21926.5
15327,2026-01-17,314,65,6,9,,41.43,17792.71
15328,2025-09-12,665,62,4,2,711.8,,140296.48
15329,2025-11-29,591,62,15,7,1135.93,,190208.26
15330,2025-05-10,2707,45,2,3,1645.37,,127217.48
15331,2025-10-12,1537,42,2,7,,37.95,26747.4
15332,2025-08-20,1239,20,15,9,1075.16,,32412.27
15333,2025-10-08,781,62,11,12,554.75,,
15335,2026-01-16,1724,14,13,6,1287.71,254.27,
15337,2025-12-22,2612,9,3,2,663.81,,19949.99
15338,2025-05-08,1734,56,10,11,414.1,,44050.1
15339,2025-11-21,1662,66,5,8,540.89,133.37,
15341,,2795,44,8,1,751.01,40.79,44035.86
15343,2025-03-19,1167,3,11,4,503.94,39.98,
15344,2025-01-18,1407,24,2,5,772.09,,
15345,2025-05-27,1337,3,1,8,811.3,,135829.83
15346,2025-08-10,549,26,5,4,,,296769.0
15349,2025-06-27,1235,61,13,8,,206.24,114071.11
15351,,2410,20,14,10,1052.24,84.3,112359.41
15353,2025-06-16,2887,39,2,6,,190.78,228136.4
15354,,1304,67,3,10,,316.78,55788.22
15355,2025-07-30,2344,38,1,12,,,287579.71
15356,,2057,71,10,6,,106.71,48367.35
15357,2025-11-28,2775,25,2,6,1294.94,65.42,
15359,2025-02-09,1704,37,12,5,1705.64,225.97,
15360,2025-04-21,969,44,9,9,1880.21,,39738.73
15361,,2139,58,4,2,540.1,,14539.08
15363,2025-01-09,339,48,4,5,410.46,,24893.04
15364,,1417,39,14,4,790.39,,101401.47
15365,2025-02-11,436,70,11,11,,82.6,39589.49
15366,2025-01-04,1423,10,2,12,1670.63,,304484.56
15367,2025-07-27,2473,15,10,7,0.0,87.62,
15369,2025-03-18,1358,34,7,11,,153.36,30474.5
15370,,447,1,1,10,1951.05,168.58,
15374,2026-01-18,661,54,7,3,673.72,,134628.71
15377,2025-05-19,1885,20,9,11,,2556.04,246197.19
15379,2025-01-07,1846,80,7,12,256.84,29.1,
15380,2025-08-10,2339,29,8,3,412.27,91.74,
15384,,13,4,2,1,528.05,49.16,51589.11
15385,2025-09-19,208,18,13,2,87.13,,3873.27
15386,2025-03-11,79,37,3,12,,33.64,52224.82
15387,2026-01-30,1523,21,11,1,,71.23,71456.3
15388,2025-06-18,1925,54,15,5,,,81797.05
15390,,1981,21,8,9,915.57,,154684.87
15391,2025-07-05,653,24,7,9,,70.41,
15392,2025-07-15,1521,76,6,1,1347.37,116.28,
15394,2025-07-22,1800,28,14,12,,15.97,15960.6
15396,2025-03-04,1168,6,7,10,,189.42,168278.09
15397,2026-02-01,1356,66,10,10,711.1,,
15399,2025-12-22,2950,47,6,7,,164.9,272364.63
15401,2025-06-27,214,76,15,12,,,43491.13
15403,2025-01-24,388,77,1,8,1858.78,,371053.76
15404,2025-04-20,184,53,15,5,608.8,107.11,
15405,2025-07-28,696,73,14,5,,47.93,
15406,2025-07-09,2168,50,4,3,1056.28,,
15408,2026-01-26,1253,43,12,5,171.42,,18452.58
15410,2025-05-30,1824,49,13,11,1229.84,,
15411,2025-11-27,2926,12,5,1,,191.04,
15412,2025-06-24,533,79,10,3,,222.11,250391.38
15415,,2576,15,8,11,,17.82,3184.33
15421,,2677,54,10,12,572.58,78.92,109182.25
15423,2025-03-18,2377,17,3,4,213.6,28.57,
15425,2026-01-23,925,58,12,9,,149.24,120061.3
15427,,1631,11,12,8,1994.07,456.3,134968.13
15428,2025-02-18,1370,9,13,12,310.56,69.88,
15430,2025-07-06,2257,43,1,4,,60.61,107612.11
15431,2025-04-29,326,2,4,4,674.72,50.54,
15435,2025-08-17,2014,63,12,3,,93.52,61830.47
15436,,62,48,13,2,1572.75,129.95,223723.72
15438,2025-10-22,7,10,7,1,,98.89,65781.77
15442,2025-12-23,1134,64,9,8,1186.4,,
15445,2025-04-30,1391,35,7,3,1124.32,65.42,
15446,2025-09-27,2559,70,10,9,588.99,,58330.53
15448,2025-03-20,3838,15,14,8,1032.48,,50361.85
15452,2025-06-08,149,24,14,8,749.17,172.6,
15453,2025-10-28,686,15,11,7,0.0,,226639.93
15455,2025-11-15,2221,19,4,7,1746.39,,249318.28
15457,2025-12-08,93,10,2,4,927.1,,179188.92
15458,2026-01-19,2319,56,15,2,,,148758.56
15459,2025-11-17,2853,13,7,10,1915.45,,333121.21
15460,2025-01-13,2974,40,10,10,,125.21,59341.79
15463,2025-03-02,2401,13,9,3,,120.76,110662.51
15466,2025-01-07,1496,68,9,4,,130.94,47199.5
15467,2025-02-18,859,25,7,5,904.86,,
15468,2025-12-31,81,5,3,7,,168.43,60496.42
15469,2026-01-05,122,52,9,2,1515.11,2552.81,
15471,2025-04-15,29,31,3,10,,19.74,24780.52
15476,2025-06-26,1684,62,6,5,,,17720.98
15477,,1203,63,1,2,991.27,123.02,52027.95
15478,2025-10-11,1186,66,14,3,,,140142.92
15480,2025-11-12,1317,16,3,5,-1929.78,,211773.48
15482,2025-09-28,1543,34,13,9,1945.4,403.14,
15483,2026-01-09,925,33,9,2,1435.85,,74206.59
15485,2026-01-27,1297,58,12,1,887.49,,150684.46
15486,2026-01-08,2429,24,1,8,988.14,,88360.91
15487,2025-12-28,1971,11,10,7,,153.06,133338.73
15489,2025-09-21,189,64,7,11,284.57,17.0,
15490,2025-11-25,1819,22,5,2,1491.72,144.3,
15492,,756,71,8,1,661.86,33.98,
15493,2025-11-26,467,5,9,1,781.46,106.65,
15499,,1300,1,13,10,1209.09,135.98,124770.43
15500,2026-01-20,807,56,3,10,319.78,,24113.71
15503,,87,54,11,8,1268.89,297.98,42554.73
15504,2025-04-11,2950,18,9,2,,85.37,105006.19
15505,2026-02-13,3855,61,3,8,,18.97,21974.6
15508,,2793,17,11,1,1257.76,207.88,
15509,2025-02-01,702,3,9,6,1407.07,114.06,
15511,2025-07-26,2522,63,14,10,490.1,,94013.43
15512,2025-11-05,53,66,8,2,272.6,,
15513,2026-02-17,2528,28,6,5,1055.11,,136994.99
15514,2025-10-11,849,38,11,3,,240.68,284686.06
15519,2026-01-09,2179,60,6,8,,,316698.11
15523,2025-11-15,1045,4,15,12,,219.51,
15525,,2970,49,12,9,393.82,56.71,49625.87
15526,2026-02-19,366,2,4,6,,161.86,29128.03
15528,2025-12-11,2308,18,1,5,1748.83,276.29,
15529,,3843,28,2,3,1246.67,310.51,54457.11
15530,2026-02-04,1953,24,4,3,213.39,14.49,
15531,2025-09-09,2632,50,7,6,,41.0,16836.23
15534,,486,49,7,10,345.38,70.63,67758.2
15536,2026-02-15,2148,64,12,6,633.56,,12912.47
15537,2025-11-14,1307,15,5,1,1008.83,208.67,
15538,2025-10-24,1350,57,3,4,,,232488.0
15550,,2620,50,1,6,1556.21,78.82,306346.37
15551,2025-01-03,2524,80,7,9,122.41,,4033.43
15553,,2450,10,1,11,1359.5,204.67,210567.77
15554,,546,77,10,12,1667.81,320.91,156390.03
15556,2025-06-12,2640,51,13,3,,88.08,37032.47
15558,,790,12,9,11,,14.79,8654.29
15559,2025-04-06,374,6,10,10,719.46,,69918.69
15563,,1746,27,9,5,1946.53,,
15564,2025-06-13,2075,70,14,9,1943.55,,195715.5
15565,2025-07-08,2385,75,3,8,,131.93,176352.91
15566,2025-08-01,442,28,3,9,,,90946.83
15569,2025-10-28,2450,30,11,10,1831.11,,334161.51
15570,2025-01-28,575,50,8,5,1113.32,,71233.46
15572,2025-10-28,2419,20,9,1,,230.87,354151.24
15573,2025-08-29,2669,42,10,3,1012.52,164.32,
15574,2025-04-22,944,11,2,10,1926.51,,
15575,,1286,75,7,4,1646.25,136.91,
15576,,1943,60,12,12,1097.93,156.11,63827.19
15577,2025-06-12,1278,66,11,10,,84.84,
15579,,2583,27,8,2,1508.39,311.63,254638.84
15580,2026-01-19,950,44,10,12,1504.41,229.54,
15584,2025-08-30,1679,4,13,7,283.71,,8706.47
15585,2025-04-03,2884,51,15,8,,69.74,110194.93
15586,,2429,13,4,11,1868.16,350.51,185594.99
15587,,2511,12,12,1,,112.32,
15590,2026-01-24,1598,37,12,1,,71.45,111570.22
15593,2026-01-09,1792,16,12,8,1388.72,,116095.76
15595,2025-08-11,953,62,7,9,,86.0,231398.88
15596,2025-02-06,2835,23,12,12,436.24,,79949.16
15598,2025-06-10,2789,12,14,10,,303.99,61035.83
15601,2025-11-01,1125,19,8,2,475.47,,31694.59
15602,2026-01-21,374,39,6,8,1257.86,,162988.1
15603,,1567,41,9,3,,95.52,122582.16
15604,2026-02-02,315,62,9,9,,58.4,
15608,2025-09-21,462,24,15,3,,17.08,
15609,2025-08-28,2021,50,14,9,1715.6,,336868.84
15611,2025-11-02,680,38,3,2,170.63,,27927.84
15614,2025-03-17,2485,61,6,3,1725.84,,309325.84
15616,2025-12-30,23,51,15,5,1547.34,361.01,
15618,2025-05-14,836,55,8,10,659.72,,17918.73
15624,2025-10-13,1287,29,4,6,,289.72,
15625,2025-05-08,2581,62,13,2,767.07,,53462.01
15626,2025-08-26,759,26,4,10,,97.98,41646.57
15627,2025-01-06,2092,38,7,6,,,123036.12
15630,,556,18,6,10,1425.24,,
15631,2025-08-01,2502,42,3,9,238.82,53.68,
15632,,784,7,3,6,1993.62,,197879.11
15633,,263,15,1,1,,310.33,
15636,,872,28,3,9,-1316.9,196.65,
15637,,691,51,10,10,,55.03,60673.94
15638,2025-03-31,2445,61,1,3,1898.1,,
15639,2025-02-20,1942,43,2,2,983.59,75.92,
15640,,2948,66,4,9,,88.56,97520.98
15643,2025-10-26,510,70,14,4,,169.01,140376.36
15646,2025-01-02,382,41,2,12,1142.95,,143640.12
15648,2025-07-22,2780,41,5,8,94.38,,
15649,2025-03-03,1107,20,3,10,353.12,38.32,
15652,2025-05-09,2703,67,8,9,260.25,,12854.46
15654,2025-02-03,2262,24,10,3,,131.39,133944.4
15656,2025-07-19,2861,24,13,1,,36.92,17970.92
15657,2025-06-07,230,72,13,2,409.89,,40342.16
15663,2025-01-22,715,19,11,1,637.6,73.49,
15665,2026-02-18,729,78,7,4,,,84981.84
15666,2025-05-20,2530,27,13,9,,,11288.97
15668,2025-06-12,169,38,5,10,,289.3,
15669,2025-07-18,1957,77,3,8,,205.54,232710.66
15670,2025-05-28,27,22,1,3,933.46,66.51,
15671,2025-02-10,232,74,4,6,1442.84,101.8,
15672,,127,19,4,5,193.51,,
15673,2026-01-06,896,73,5,11,951.08,124.71,
15674,2026-02-10,180,62,6,9,,72.96,128924.74
15675,2025-01-19,393,69,2,2,,,
15677,,2302,44,5,4,261.72,49.26,44481.36
15678,2025-07-09,87,10,10,8,,406.82,322830.87
15679,2025-01-01,640,56,15,8,205.64,30.27,
15680,2025-03-23,577,39,6,5,,,259937.34
15682,2025-10-28,1163,43,1,9,,,246293.22
15684,2025-06-13,1461,67,6,8,,283.09,159390.65
15685,2025-12-31,2491,61,15,4,,,324310.9
15686,,369,9,14,5,1076.08,226.73,208120.03
15687,2025-06-14,2606,30,7,11,,103.99,117660.29
15688,2025-02-07,1993,69,8,4,1918.11,428.9,
15689,2025-06-04,867,38,10,4,871.56,129.68,
15691,2025-05-02,850,33,1,4,,259.33,151242.41
15693,2025-06-27,2935,66,7,5,1487.4,,291145.48
15694,2025-10-14,1864,71,3,10,1150.09,,
15696,2025-11-07,144,35,14,9,829.21,85.05,
15698,2025-05-31,322,60,2,8,506.24,,12725.5
15700,2025-10-22,479,68,6,1,,81.42,
15701,2025-09-16,1940,50,3,12,534.83,124.12,
15702,2025-04-05,319,75,2,4,1105.59,256.34,
15703,2025-08-05,1129,79,11,9,,211.51,
15708,,750,25,8,8,894.47,,87916.66
15709,2025-08-03,293,9,2,7,1713.86,,167696.2
15713,2025-10-04,1573,73,14,6,,,
15715,2025-09-13,2966,33,8,12,0.0,,274927.6
15716,2025-05-21,768,35,11,8,1747.78,,310659.57
15717,2025-08-09,1691,38,10,8,,33.61,9451.92
15720,2025-07-29,714,47,13,10,818.81,,
15721,2025-11-10,202,48,4,11,1814.46,335.18,
15722,2025-11-19,900,55,11,8,109.37,11.03,
15723,,2510,12,3,10,,120.03,56980.77
15724,2026-02-07,1540,53,14,7,,101.02,73479.13
15726,2026-01-09,1790,68,1,9,,206.36,79655.05
15728,2025-08-28,2277,73,15,7,,153.61,121005.79
15731,2026-01-31,1714,10,14,3,,,
15732,2025-12-23,80,24,15,5,766.1,,25012.2
15734,2025-07-19,2872,11,4,12,,,
15735,2025-09-13,2431,22,5,12,1288.95,,204597.3
15736,2026-01-28,288,20,4,3,,,223770.19
15737,2025-12-13,1716,34,5,5,,,16215.63
15738,2025-04-18,714,75,5,9,,234.15,117639.04
15747,2025-06-21,1521,46,6,10,,336.55,
15748,2026-01-22,1637,15,8,9,,58.48,26479.84
15751,2025-11-24,3855,44,3,4,816.9,89.99,
15752,2025-07-31,1883,12,4,10,,269.06,206787.55
15755,,1877,19,7,4,451.52,40.16,38797.71
15756,2025-07-26,2135,19,10,12,909.13,,59523.06
15757,2026-02-18,1558,15,7,2,,146.81,
15758,2025-12-10,2743,9,1,9,,100.67,
15761,2025-03-21,1359,10,7,5,1860.47,367.68,
15763,2025-03-15,92,58,11,5,,37.09,58941.18
15764,,281,69,12,5,,100.87,24004.12
15765,2025-03-28,1092,23,8,12,1602.7,371.64,
15766,2025-03-26,2995,71,13,11,256.84,,11250.23
15768,2025-09-14,1198,53,14,11,,281.59,98666.75
15770,,1776,38,1,4,416.89,,65251.03
15771,2026-08-02,2598,20,9,11,1586.57,,235443.54
15778,2025-09-27,2437,48,8,10,189.12,,19147.55
15779,2025-12-27,2955,21,15,10,732.55,,39980.58
15786,2025-02-03,2119,61,1,11,,196.72,292547.94
15787,2025-04-17,1132,66,3,9,,201.57,99207.41
15789,2025-07-14,191,52,11,11,1494.17,,274318.51
15792,2025-03-27,1464,1,8,5,,,310397.77
15794,2025-07-01,1959,57,1,12,187.31,29.13,
15798,2025-10-19,2791,36,8,10,,281.8,122250.61
15799,2025-09-19,1750,17,7,2,,357.44,271491.66
15801,2025-11-29,1839,16,9,1,1324.56,,101381.87
15802,2025-08-03,866,56,10,9,,,223676.95
15806,2025-10-25,2405,79,9,1,,,
15807,2025-02-18,2305,19,12,9,,226.38,55802.53
15809,2025-01-22,591,29,6,6,,116.48,177010.13
15812,2025-11-14,565,47,12,11,,235.96,210815.28
15815,2025-01-30,183,2,10,2,1613.45,,186242.45
15816,2025-06-09,1805,73,12,5,1462.28,,138442.76
15818,2025-12-24,2517,6,9,9,,226.4,126041.51
15819,2025-10-07,2491,8,14,10,1373.72,2100.15,
15820,2025-02-09,1866,72,8,10,,208.51,174257.85
15822,2026-01-14,2858,19,3,7,,230.88,220471.82
15823,2025-04-17,1513,15,12,8,,157.48,82116.09
15828,2025-11-09,1163,38,14,12,,333.74,93689.6
15830,2025-01-06,1195,62,8,10,1341.28,,227484.41
15831,,20,65,5,4,1835.96,255.86,
15835,2025-02-09,1299,23,4,12,707.9,134.52,
15837,2025-12-30,2152,56,6,7,962.61,,162271.07
15838,2025-11-02,2906,49,15,4,1242.08,,233105.51
15842,2025-09-03,1507,43,15,3,577.99,99.66,
15843,2025-01-15,2859,43,12,8,,174.87,
15851,2025-11-13,259,44,6,1,,130.02,146089.13
15853,2025-10-23,2177,14,13,8,1010.17,,155637.98
15854,,3571,19,6,4,1152.62,150.14,159974.36
15855,2025-07-03,2483,1,12,8,1550.2,266.39,
15857,2025-12-13,2796,56,14,2,1251.94,,
15859,2025-03-27,2012,23,2,4,494.07,84.41,
15862,2025-01-19,2327,75,1,12,1696.9,149.98,
15863,2026-01-04,1561,66,10,1,,247.67,284556.48
15867,,4,4,9,10,1222.88,187.85,237422.57
15875,2026-01-25,2572,43,3,7,,159.24,164311.67
15877,2026-10-02,192,60,11,10,222.88,,
15878,2025-10-06,1035,59,9,9,1830.07,364.86,
15879,2026-02-02,451,21,4,11,,,24832.18
15881,2025-11-26,457,69,6,11,,118.94,160669.82
15887,2025-10-17,1893,14,1,1,1796.31,,189124.71
15888,,1050,55,2,1,1851.18,341.95,107804.76
15890,,2125,38,6,8,1979.62,115.44,370344.9
15891,2025-02-22,1857,73,9,9,,45.5,29330.5
15892,,228,59,8,11,1196.12,77.18,49969.31
15895,2025-03-12,1515,40,15,11,505.88,,15971.56
15897,2025-10-26,317,59,10,2,1890.18,301.49,
15899,2025-03-26,325,20,13,10,891.33,,54507.45
15900,2025-03-29,1959,40,1,11,,26.96,39353.72
15902,2025-03-18,320,76,1,12,,,238762.85
15903,2026-01-25,1193,15,11,11,,52.32,17572.65
15905,2025-12-04,1395,32,4,10,824.82,80.63,
15906,2025-12-24,225,37,11,7,,37.9,25440.4
15907,2025-11-14,2791,74,9,5,712.52,,
15910,2025-05-25,1134,59,6,7,,332.0,192045.93
15912,2025-04-11,1714,56,1,10,226.8,,
15914,2025-04-13,1367,32,12,3,,96.6,40603.65
15915,2026-02-01,2591,52,1,4,1453.62,,180261.38
15916,2025-09-08,1855,1,12,5,1016.68,52.69,
15917,2025-03-11,1241,79,11,3,,11.63,14264.96
15919,2025-07-24,377,60,1,3,,213.64,
15922,2025-01-18,947,9,8,9,1619.23,207.83,
15923,2026-08-01,1790,17,9,3,,1812.03,100550.89
15925,2025-09-13,2668,31,15,3,512.25,,98407.06
15926,,2057,34,6,11,1192.07,276.76,198787.35
15927,,320,3,12,3,1336.72,166.51,193712.88
15928,2025-06-29,1738,34,2,12,,72.91,
15929,2025-06-16,1344,49,15,7,1509.21,,106768.14
15931,2026-02-12,622,34,15,11,,97.34,187254.65
15932,2025-03-12,1670,60,6,10,,,301215.43
15933,2025-10-13,1372,43,15,9,1705.3,408.2,
15936,2025-07-04,1535,40,13,5,,,138724.31
15937,2025-04-07,755,80,2,8,1713.57,385.12,
15939,2025-03-04,984,56,6,10,1832.77,,118686.09
15940,2025-08-31,1803,79,6,5,,1621.41,111483.52
15941,2025-12-17,1855,76,13,2,,92.41,36320.09
15943,2025-12-01,2696,60,13,2,,,6304.28
15945,2025-01-24,788,42,3,1,,84.15,155563.25
15946,2025-11-13,2008,33,4,12,,188.95,340143.47
15949,2025-12-28,623,112,1,6,,62.05,71429.38
15951,2025-02-21,2636,80,2,5,,303.72,381587.74
15952,2025-01-11,2529,34,11,4,,,161809.74
15953,2025-02-17,1514,2,12,8,,147.84,
15954,2025-10-15,1290,80,2,4,,,160245.4
15956,2025-01-10,1855,49,15,11,,125.49,
15961,2026-01-10,2082,4,10,9,,65.64,162169.1
15964,,1130,69,10,8,248.45,20.55,37481.81
15965,2025-04-29,35,70,14,9,1918.13,300.98,
15966,2025-09-07,2896,78,9,9,,84.99,10727.06
15967,2025-04-14,1413,62,13,5,,104.67,150651.52
15968,2025-07-10,1514,80,15,9,1757.59,,300986.8
15970,2025-10-05,2809,42,15,2,,109.25,52826.39
15971,2025-06-01,2742,11,1,11,119.77,10.32,
15973,2025-04-12,2930,78,6,2,,73.95,12783.05
15977,,1715,34,3,8,1370.4,221.48,76571.11
15978,2025-08-29,2660,8,7,5,,225.42,88856.6
15980,2025-05-01,1563,14,7,5,1469.16,216.97,
15981,2025-08-17,1384,36,14,9,,,261129.87
15985,2025-03-04,1075,28,10,2,1721.29,379.13,
15988,2025-04-09,656,36,8,8,,61.48,130026.36
15990,2025-03-11,595,31,4,4,1199.75,189.62,
15991,2025-05-08,431,29,5,3,,135.39,220106.62
15992,,1860,11,13,12,354.04,77.74,54445.22
15993,,569,37,4,9,1601.01,219.71,251793.57
15995,2025-07-29,2124,38,8,7,1174.91,,
15996,2025-10-13,1321,68,13,10,1813.91,179.04,
15998,2025-11-24,2692,16,10,5,1188.81,271.16,
15999,2025-03-14,2081,75,6,8,980.82,,187658.71
16002,,2372,57,9,9,753.74,1040.85,82877.32
16003,2025-01-09,2942,55,9,2,,,93527.37
16005,2026-02-10,2855,55,5,4,385.78,,25851.93
16006,2025-03-08,2654,31,6,12,,,149792.98
16007,2025-12-25,1362,79,1,7,,,29951.17
16008,2026-02-18,516,17,3,3,,77.11,56729.35
16015,2025-12-14,3529,9,9,7,704.07,,132576.48
16018,2025-01-24,209,49,12,11,550.5,125.08,
16022,2025-09-14,2900,34,1,9,,,81954.51
16024,2025-02-01,544,80,1,11,1282.56,189.39,
16026,2025-03-23,641,78,10,12,,,167840.89
16028,2025-05-07,2036,27,3,8,1260.66,,70549.22
16029,2025-09-09,1438,69,7,5,947.81,,59250.8
16030,2025-02-04,2670,70,3,12,1850.74,,154006.31
16031,2025-05-13,2764,32,12,4,525.21,,44787.54
16032,,248,32,11,7,,,75745.9
16034,2025-12-18,2577,56,7,10,496.42,,54485.49
16035,2025-02-01,1126,65,5,10,200.37,11.2,
16037,,1053,25,3,2,,69.05,24310.62
16041,2025-03-20,1079,67,2,4,918.93,,120599.67
16042,2025-06-03,831,67,15,8,,,21989.15
16044,2025-01-19,198,58,8,8,578.98,,21300.92
16046,2025-08-10,963,37,6,12,1823.57,,258847.27
16047,2025-05-21,2951,25,3,12,930.45,129.91,
16048,2025-09-06,193,2,10,1,515.44,77.17,
16049,2025-05-29,2228,74,5,5,1369.1,202.51,
16050,,1065,72,2,8,80.5,4.65,
16052,2025-07-01,2287,45,8,6,315.53,,12962.8
16053,2025-07-17,1932,4,5,2,,351.32,163764.54
16055,2025-07-21,2072,17,4,6,830.43,63.61,
16056,,1541,58,6,4,,,
16057,2025-11-23,1451,35,3,11,,,103217.99
16058,2025-07-13,618,62,15,6,315.41,61.45,
16062,2025-10-12,1287,73,10,4,528.7,,42955.68
16063,2026-02-15,1097,9,3,10,,61.6,
16064,,2114,17,13,8,716.84,39.91,92721.37
16065,2025-08-02,1317,60,6,8,,76.25,48749.26
16066,2025-02-07,3542,7,14,6,,20.44,
16067,2025-01-04,2179,4,13,2,,46.6,31433.47
16068,2026-01-21,647,15,6,8,,,62271.95
16069,2025-01-14,552,74,6,10,1631.85,190.01,
16070,,1026,17,5,12,843.69,,162625.41
16071,,1214,46,11,6,1935.78,291.97,
16072,2025-04-08,2014,6,1,9,,98.25,114547.84
16076,2025-11-15,230,18,4,5,445.24,,40115.17
16080,2025-06-30,2092,77,14,7,62.8,,11643.83
16081,,390,78,8,1,405.96,47.24,29523.62
16082,2025-10-05,2532,47,14,1,1582.72,,236167.66
16088,2025-09-23,502,50,4,5,1424.13,,
16090,2025-12-19,2288,76,2,12,,13.59,4129.43
16091,2025-06-25,2376,73,5,4,1138.26,,207228.82
16094,,2361,28,12,1,264.6,36.62,16702.77
16095,2025-04-04,944,38,12,12,501.69,,62937.72
16096,2025-12-30,262,5,10,12,581.9,,19418.01
16099,,2433,74,13,6,644.94,147.22,
16100,,2500,73,3,7,1243.06,281.7,85086.26
16104,2025-05-13,1129,49,9,8,1016.45,,62733.46
16105,2025-07-24,2638,74,3,9,,264.23,254430.78
16109,2025-02-02,2659,40,14,12,,,91445.95
16110,2025-10-04,821,76,12,6,1392.62,222.67,
16114,,1163,70,4,4,943.45,64.98,173591.35
16118,2025-06-03,1477,51,14,5,379.62,38.77,
16119,2025-06-02,476,58,1,8,,1198.44,55134.8
16121,2025-10-25,1172,2,9,6,,1076.37,37980.42
16122,2025-10-06,2035,20,1,3,,110.27,134237.4
16125,2025-05-15,98,56,14,4,1216.06,,30283.85
16126,2025-02-02,1122,64,8,12,1000.12,,167075.77
16127,2025-12-24,2729,22,6,6,759.1,159.06,
16128,2026-01-30,2884,21,12,3,,74.52,
16130,2025-04-01,1199,18,15,5,1992.05,451.44,
16132,2026-02-09,2969,24,8,2,1082.57,239.92,
16134,2025-04-05,301,2,3,11,,28.58,16261.97
16136,2025-09-19,449,1,9,11,1730.49,,207014.27
16138,2026-01-24,1900,46,15,10,1282.86,,75251.3
16143,,1016,2,4,6,,,65531.59
16146,,1741,13,14,5,1989.99,,290496.05
16147,2025-06-13,3792,47,12,7,136.52,,20553.37
16152,2025-10-10,2639,31,3,11,,170.72,123597.43
16154,2025-07-15,500,71,10,1,,248.03,
16155,2025-06-26,818,20,15,5,,348.46,
16156,2025-03-23,1960,25,11,8,1276.87,,75717.3
16159,2025-04-07,2778,25,5,11,,483.72,82456.05
16161,2025-03-20,2688,37,12,6,1512.92,,114306.53
16162,,502,30,14,1,1513.28,272.87,
16169,2025-11-22,977,16,4,8,1015.72,224.14,
16171,2025-01-11,1322,69,12,2,,299.74,374220.96
16174,,2599,65,12,12,1982.9,2680.46,259536.86
16176,2026-02-10,169,77,1,8,1420.02,353.14,
16177,2025-06-02,876,33,13,8,1292.34,186.84,
16179,,2326,24,15,8,297.89,,54840.53
16180,2025-06-17,2602,40,14,9,,101.91,199697.06
16182,2025-11-09,2537,17,4,2,1630.64,,117842.66
16185,2025-03-23,2266,56,15,9,,48.44,124282.34
16186,2025-09-03,679,104,11,6,,40.65,
16188,,902,5,11,3,872.12,55.41,71990.8
16189,2025-11-03,1054,47,13,1,,462.56,141433.53
16190,2025-12-27,1041,56,12,6,1201.0,,
16193,2025-12-25,1360,26,4,4,1697.53,,56364.06
16195,,1693,3,2,10,213.18,36.3,26261.19
16196,2025-03-14,2896,76,3,4,,301.21,
16197,2025-06-14,1173,22,5,5,898.27,51.88,
16199,2025-06-30,2150,78,4,3,427.9,,25119.75
16200,2025-03-13,2470,50,15,2,719.43,,94641.25
16201,2025-11-29,2892,34,8,7,1192.6,191.32,
16204,2026-01-08,2479,25,6,11,1896.97,135.45,
16206,2026-01-30,1204,28,2,7,,45.11,56307.85
16207,2025-04-07,920,4,11,4,,274.36,261244.9
16209,2026-10-02,1972,20,7,1,1987.67,124.38,
16210,2025-06-17,1560,12,5,8,482.67,,41067.2
16211,2025-02-19,2760,15,11,5,,319.17,160572.72
16214,2025-09-13,2121,79,3,11,,289.07,271495.27
16216,2026-01-21,1077,65,15,5,,72.83,
16218,,855,71,6,4,189.68,38.26,18418.6
16219,2025-10-30,1320,39,2,4,1608.74,,
16221,2025-12-09,2199,78,4,6,,112.2,27959.44
16222,2025-07-25,716,5,2,11,,,6881.7
16223,,2951,52,4,9,,321.01,
16225,2025-05-03,2162,65,2,4,1944.85,,
16230,2025-07-30,348,51,9,12,1764.48,,
16233,,469,115,2,10,,,53997.34
16234,2026-01-12,1601,34,1,9,1047.64,,
16235,2025-04-22,1748,21,3,6,,,24195.53
16236,2025-03-22,1771,53,13,5,1298.62,,41151.94
16239,2026-01-23,1093,1,13,8,,209.45,
16240,2025-11-28,1638,14,15,5,1227.43,,
16243,2025-12-18,2943,2,2,2,,13.67,6171.31
16244,2025-12-21,314,38,2,2,,136.82,53607.98
16245,2025-05-21,573,25,6,1,1979.74,,206296.6
16246,2025-11-23,2223,9,13,6,157.45,,21378.88
16247,2025-11-16,690,5,3,1,1995.77,,300400.03
16249,2026-02-16,157,69,4,1,57.52,,10403.07
16250,2025-07-31,374,4,11,6,1198.41,231.25,
16251,2025-05-15,2903,17,2,4,,87.54,248100.09
16253,2025-05-31,1628,66,11,5,1946.46,,
16254,2025-04-01,2220,9,15,9,1064.07,,199730.57
16255,,2938,74,15,10,376.33,26.38,51582.84
16256,2025-02-17,534,73,12,3,,,100583.4
16257,2025-09-25,2694,35,10,12,1752.13,,333003.88
16259,2025-05-20,1245,12,12,3,240.67,,41180.38
16260,2025-05-15,2812,63,3,12,525.62,,84607.38
16262,,1079,33,9,12,600.96,106.27,46564.74
16263,2025-01-23,2463,55,6,7,1470.15,,
16265,,1025,34,13,3,392.79,74.03,78383.48
16267,,1873,10,11,8,0.0,174.46,143781.16
16268,2025-07-02,133,27,8,10,,236.66,164549.16
16269,2025-10-03,2736,74,2,3,820.86,,56739.66
16270,2025-10-13,2419,12,1,1,1562.66,,151481.93
16271,2025-12-01,2573,45,13,8,,70.02,153095.0
16273,,2986,35,3,11,1058.21,84.24,112800.39
16274,2025-11-23,2733,46,4,10,87.35,,14645.49
16278,2025-03-14,2220,51,5,8,,194.57,125105.95
16279,,2333,60,6,6,1708.6,356.32,100220.94
16280,2026-02-04,2166,8,7,4,,185.96,36618.73
16281,2026-01-12,2128,39,2,11,1008.95,1462.88,
16282,2025-05-03,1104,32,6,5,1124.67,171.27,
16284,2025-12-27,1406,3,7,3,413.53,,28563.63
16285,2025-08-31,2965,7,10,12,1278.71,,62804.93
16286,,1320,15,12,3,824.19,,133109.25
16287,2025-08-01,593,63,1,7,1736.69,,72598.81
16288,2025-06-08,164,68,4,8,,206.43,
16290,2025-08-29,918,56,14,8,,60.57,
16291,2026-01-18,2445,76,2,4,-712.01,56.4,
16292,,2222,72,14,7,1993.14,438.26,393268.05
16293,2025-03-07,664,27,11,7,443.87,90.28,
16295,2025-08-18,1185,40,2,4,226.49,24.22,
16297,2026-01-26,1709,6,14,11,1842.19,123.28,
16298,,1032,44,2,2,903.57,197.9,161759.4
16301,2025-02-22,2198,56,1,8,,196.53,
16306,2025-03-12,1479,76,14,12,,253.05,149111.5
16308,2025-07-27,1828,33,8,4,,80.16,55625.97
16309,2025-04-08,607,58,11,6,0.0,80.69,
16313,2026-01-31,188,19,9,10,,98.2,63988.21
16314,2025-08-13,624,19,13,4,1644.71,,125452.04
16321,2025-07-30,454,48,12,6,906.66,177.45,
16324,2025-11-23,1046,35,2,12,,368.05,
16334,2025-08-05,2272,4,10,12,,,
16335,2025-10-27,1973,31,9,8,,344.07,305059.17
16336,2025-09-07,2544,70,10,11,634.18,62.93,
16337,2026-01-27,2282,4,9,10,,125.87,183368.84
16338,2025-11-21,2023,8,3,8,557.21,,52793.96
16339,2025-02-20,283,28,10,9,1287.06,,135805.17
16340,,2237,58,2,10,823.31,,
16341,2026-02-20,2094,78,9,4,,141.94,151359.28
16342,2025-08-29,443,55,2,2,835.1,,36195.5
16343,2025-09-22,2627,42,4,5,,,52749.14
16345,2026-02-05,1607,23,15,7,,149.56,
16346,,643,62,15,6,,,231084.17
16347,2026-01-22,975,75,12,7,1390.9,194.24,
16350,2025-02-28,2678,77,12,11,,147.19,73849.62
16351,,792,74,9,3,1019.96,,154207.0
16353,2025-10-30,2029,40,7,10,941.63,104.78,
16354,2025-12-30,2812,71,8,1,,,22592.57
16355,2025-12-02,1078,15,3,6,,111.55,290318.97
16356,2025-09-24,699,7,5,8,,30.08,24624.23
16358,2025-01-18,2595,10,3,8,,155.08,85873.02
16361,2025-04-03,245,79,14,7,1362.99,292.31,
16365,,960,19,1,11,1325.84,84.38,86942.43
16366,,538,29,10,10,,,31841.38
16367,2025-11-03,945,23,5,4,,229.02,121297.39
16368,2025-02-19,1010,10,5,6,1979.2,,61327.55
16374,2025-03-17,322,43,4,1,1427.56,,231599.52
16375,2025-04-11,2680,49,12,5,1922.09,127.85,
16377,2026-02-09,336,62,13,10,1085.84,,25490.25
16379,2025-08-11,2716,66,12,11,1430.36,,255376.23
16381,2025-03-22,281,79,13,4,776.12,126.84,
16383,2025-08-30,445,77,15,3,,148.85,97996.35
16384,,1122,75,7,2,1626.41,,94010.71
16387,2026-09-02,2819,25,10,11,,120.89,181330.54
16388,2025-12-02,98,15,2,12,,183.59,95838.27
16390,2025-12-20,537,68,15,6,,,79450.73
16391,,652,35,12,10,1539.31,,136662.66
16397,2025-12-24,3749,34,7,10,1566.04,145.3,
16401,2025-12-05,2857,46,1,1,,,145537.19
16404,2025-02-02,2594,43,10,5,,203.16,84564.31
16405,2025-08-04,514,62,1,6,669.39,146.53,
16407,2025-07-16,1920,29,1,1,354.52,,35282.06
16409,2026-01-28,1949,51,3,10,,,86719.3
16414,2025-07-31,1164,15,7,10,991.46,,96385.88
16418,2025-04-01,2206,64,14,8,795.21,,33075.43
16423,2025-08-04,679,45,7,6,367.14,456.62,
16426,2025-08-08,425,24,6,3,,,
16427,2026-01-04,3701,1,12,5,,324.75,
16428,2026-01-13,1590,46,10,5,,80.7,101889.53
16430,,1494,6,13,10,629.03,98.56,70448.67
16431,2025-01-22,1113,74,4,11,,,261526.82
16432,,1357,65,7,8,1054.04,141.61,102050.83
16433,2025-01-26,1972,57,6,1,,18.05,15688.37
16437,2025-05-01,283,20,1,11,,94.39,164908.43
16439,2025-07-08,1297,34,8,4,1425.28,,150804.01
16441,2025-04-24,1768,38,10,12,1535.67,,
16442,2025-10-03,1714,69,15,4,,53.31,
16443,2025-08-26,2331,4,13,7,,48.24,18582.8
16446,2025-04-05,1921,55,1,6,1487.99,226.05,
16447,2025-02-22,837,68,14,1,1998.95,,
16448,2025-07-04,2102,10,1,12,214.4,13.54,
16451,2026-04-01,2489,80,4,2,264.26,,
16454,,16,66,4,10,,,38259.91
16455,2025-07-22,1667,13,13,4,,78.52,80170.35
16456,2025-10-30,1257,66,10,5,1473.7,314.9,
16457,2025-08-29,1026,5,7,7,1454.33,,122229.58
16458,2025-05-02,925,7,3,8,1729.95,,269328.68
16459,2025-10-04,1405,16,5,3,1565.14,,138180.82
16461,2026-01-14,1395,9,6,4,828.69,,
16462,2025-10-31,637,27,3,11,1931.18,149.35,
16463,2025-06-19,2185,49,1,7,,,213126.24
16465,2025-01-23,893,24,15,1,908.45,,84431.57
16466,2025-03-06,1860,61,14,5,,,136341.46
16467,2025-01-09,2632,55,5,8,588.92,,28477.86
16468,,1561,46,4,12,770.4,138.97,
16472,,1596,2,8,3,1358.43,,111168.47
16474,2025-06-01,25,15,14,5,649.49,53.64,
16476,,1638,19,2,5,1695.03,158.77,71277.69
16480,2025-05-03,1678,46,2,12,549.72,,45024.5
16481,2025-12-10,2873,47,8,8,,,117662.37
16482,2025-11-07,1713,48,12,5,,332.85,84124.89
16483,2025-03-05,239,47,1,8,932.39,,177084.61
16485,,495,7,7,8,,,73134.33
16487,2025-09-17,1999,74,7,11,1703.37,,243893.03
16488,2025-09-15,1901,42,7,11,,13.12,23453.9
16491,2025-10-20,2855,43,4,6,,14.55,15771.32
16493,2026-01-22,773,38,1,8,1699.6,413.46,
16496,2026-03-01,2696,37,5,11,,116.64,33458.56
16497,,254,68,10,2,204.3,42.69,34711.46
16498,2025-10-20,496,118,10,9,466.15,,
16502,2025-10-13,207,60,4,10,877.86,,144991.67
16503,2026-01-24,409,64,12,9,1970.1,,311179.49
16504,2025-09-25,2988,58,11,6,768.01,187.81,
16508,,1063,18,10,6,1889.25,348.9,295744.12
16509,2025-05-04,3853,47,4,12,,417.03,99350.83
16511,2025-03-13,206,78,10,1,1913.84,,62612.9
16512,,138,55,1,5,718.05,41.97,86451.97
16513,2025-09-19,880,35,10,12,,29.08,24718.03
16514,,1989,58,10,11,907.83,192.65,29683.01
16515,2026-01-04,60,21,2,1,1539.88,2433.83,
16519,2025-10-23,2828,61,3,5,1815.11,,221597.44
16521,2025-12-16,2138,25,6,5,,277.66,233663.2
16524,2025-05-30,1519,67,13,4,190.78,45.23,
16525,2025-04-11,2210,43,3,10,1058.57,145.55,
16526,,2653,79,6,3,408.71,101.94,37042.76
16530,,1131,70,10,6,,385.48,254299.44
16533,2025-06-06,2176,4,13,5,,65.69,207408.62
16534,,1336,24,6,1,1522.4,189.03,275505.75
16536,2025-11-20,1533,24,9,1,1436.96,126.35,
16539,,1073,13,10,3,1454.44,,190746.86
16542,2025-11-23,378,106,6,7,1050.61,,95644.65
16546,2025-11-03,2604,43,11,8,1239.15,,118607.49
16549,,107,8,4,11,493.23,65.3,76087.99
16550,2026-02-09,1191,22,1,9,1293.33,,137828.25
16551,2025-11-18,2113,27,8,1,1548.91,,87377.78
16552,2025-05-09,490,3,10,9,,372.21,
16554,2025-05-05,6,68,14,4,1088.79,147.63,
16555,2025-06-24,2528,76,10,2,,40.54,47676.9
16556,,141,42,6,8,945.12,,84836.33
16559,,76,29,11,5,1492.24,346.73,171246.97
16560,2025-12-28,2420,56,5,12,1015.26,,90644.38
16561,2025-01-16,2084,52,7,1,,39.57,79428.52
16562,2025-07-10,449,48,11,1,551.56,92.47,
16563,,2496,63,14,6,1596.31,,177840.2
16572,2025-05-16,2496,58,15,4,,106.26,63432.29
16574,2025-11-07,675,38,13,7,1317.8,191.87,
16579,,425,7,1,2,,42.64,48368.76
16580,2026-01-29,1328,2,6,6,895.24,142.45,
16581,,2915,77,6,4,1512.42,2683.87,
16582,2025-10-21,2931,47,7,11,784.96,179.68,
16584,2025-07-15,489,32,3,4,307.94,50.2,
16587,,2155,23,14,12,1040.78,58.82,
16588,,767,25,2,8,1461.78,140.95,
16590,2025-10-06,2306,43,5,8,1858.16,,149839.62
16592,2025-12-10,157,69,1,8,814.58,,122027.08
16595,2025-02-25,2190,15,10,5,-1566.08,,206928.97
16596,2025-03-01,234,24,6,9,1038.92,228.78,
16597,2026-02-12,1606,18,6,10,626.35,,108507.89
16600,2025-08-18,866,22,10,12,,70.96,36691.76
16607,,1413,79,8,7,193.85,31.96,24383.7
16608,,354,68,1,2,1464.51,275.93,30061.88
16612,2025-09-14,2138,75,9,4,348.63,47.91,
16613,2025-12-08,1975,46,13,10,195.48,,6121.83
16614,2025-12-16,1,5,2,12,1930.41,394.68,
16615,2025-08-25,971,47,15,12,999.48,,94384.66
16618,,487,79,4,9,,115.67,183376.66
16624,2025-10-06,1538,44,4,10,,326.57,260918.93
16625,,322,25,5,6,1155.71,,203113.51
16627,2025-01-10,1476,56,4,12,1417.46,178.54,
16629,2026-02-08,2537,80,3,4,,,53602.94
16630,2025-09-18,3844,78,14,7,,328.42,166915.75
16631,2025-04-24,2254,74,12,5,,139.72,150343.02
16632,2026-02-16,812,38,7,1,1142.84,,
16633,,713,75,6,2,894.05,222.29,
16636,2025-08-18,305,7,2,7,,244.15,
16637,,1015,16,1,10,330.13,20.47,
16638,2025-12-07,1683,78,5,1,,308.91,186567.06
16640,2025-07-19,664,63,2,10,1754.91,,
16641,2025-02-03,654,66,14,10,1474.06,224.13,
16643,2025-01-06,1377,67,14,10,,,190379.47
16644,2025-02-08,1052,55,12,1,103.41,,6387.04
16645,2025-11-13,53,77,10,9,1359.06,220.03,
16650,2025-11-03,1917,73,4,2,,213.92,200481.81
16654,2025-12-18,1448,13,3,11,,,74522.44
16655,2025-10-16,157,36,14,5,1061.86,,155505.79
16656,2025-07-03,202,65,11,6,1147.3,272.58,
16657,2025-03-15,1614,34,3,5,1135.8,234.71,
16660,2025-06-07,1231,6,8,12,,192.16,121393.42
16661,2025-05-17,17,19,2,11,1742.91,432.81,
16664,2025-03-19,2365,59,14,3,219.85,15.4,
16666,2025-10-07,2012,51,4,12,,145.14,
16671,2026-02-19,1007,10,11,10,1808.64,,202553.42
16673,2026-01-29,1360,26,13,5,1404.16,,53359.86
16674,2025-05-24,2950,49,15,8,,306.89,
16676,2025-09-24,1274,14,2,3,331.36,45.53,
16679,2025-08-31,1102,41,7,7,,112.04,69393.18
16680,2026-02-04,1290,38,8,4,460.13,62.59,
16682,2025-08-27,1573,49,8,1,452.46,,39216.88
16683,2025-02-02,800,33,15,4,,143.23,118631.18
16685,2025-04-27,1090,16,6,3,,156.74,34112.44
16688,2025-02-16,187,24,6,11,0.0,,
16690,2025-11-22,2194,40,8,5,1157.08,,
16691,2025-11-08,1155,74,6,10,1699.7,396.34,
16692,2025-12-21,1466,35,12,3,759.48,,
16693,2025-10-17,1906,56,6,10,659.15,,52638.41
16696,2025-05-06,2854,5,6,4,,134.9,
16699,2025-03-03,2570,59,9,3,,301.74,40879.58
16701,2025-06-04,1683,43,2,2,,119.74,122372.17
16704,2026-01-06,2009,12,7,10,,198.43,148162.16
16705,2025-07-24,12,18,10,3,459.32,109.67,
16706,2025-05-18,2444,4,3,11,1950.22,,78082.22
16711,2025-07-13,1523,68,6,12,509.92,,82266.89
16712,2025-03-03,618,12,6,12,,65.76,163810.34
16716,2025-09-21,1750,46,15,1,897.35,162.26,
16717,2026-02-18,2711,3,10,6,1761.96,,227115.16
16718,2025-03-04,1882,33,8,6,740.35,,106741.55
16719,2025-10-30,1287,27,1,5,,145.6,49852.06
16720,2025-06-16,2186,50,13,6,1000.13,,100270.72
16722,2026-02-09,1128,23,5,2,271.88,,9741.75
16723,2025-02-14,281,79,7,8,1187.36,,140877.46
16724,2025-11-10,1192,44,5,11,1884.97,129.38,
16727,2025-09-10,2485,20,7,5,,421.52,307211.69
16728,,1775,19,10,2,1935.65,420.19,163729.03
16729,2025-08-18,99,58,7,1,202.75,45.85,
16730,2025-04-03,812,7,15,5,1684.0,,245016.33
16733,2025-02-12,1385,28,9,3,,105.29,42959.57
16734,2025-04-30,2077,47,6,5,,46.59,71803.92
16736,2025-01-22,820,74,10,6,1264.81,288.75,
16741,2025-01-18,2024,54,13,11,,1882.29,203956.91
16742,,2967,52,7,3,1657.05,242.17,
16744,,21,24,14,3,1139.41,185.96,133309.04
16747,2025-05-30,1787,20,10,2,594.8,,78402.06
16749,2025-11-11,2505,7,11,2,,165.9,235199.09
16750,2025-02-27,417,64,9,7,642.0,,60015.68
16751,2025-05-31,2796,68,15,10,1253.55,263.6,
16752,2025-05-19,3,68,8,3,,181.55,367860.61
16754,2025-04-09,37,39,13,12,,164.8,29294.45
16757,2025-02-09,1780,19,9,3,,463.14,283362.75
16760,2025-06-20,2115,63,4,8,1427.36,,189955.6
16761,2025-11-07,241,25,7,7,,296.5,140532.65
16769,2025-06-13,583,71,4,4,135.87,,12262.5
16771,2025-12-19,2725,1,9,4,,222.24,207353.33
16773,2025-03-15,2944,59,14,12,1452.59,,145925.2
16776,2025-09-06,1572,120,3,2,,32.21,35898.24
16778,2025-11-30,398,23,3,2,1341.94,,206010.1
16780,2025-07-16,1398,45,13,8,695.16,137.64,
16781,2025-03-31,800,21,2,12,,454.4,53525.68
16783,2025-05-09,2075,29,15,7,,118.26,70628.45
16785,2025-05-24,422,80,6,3,,146.48,68695.99
16787,2026-01-31,1633,19,13,8,228.04,49.08,
16788,2025-07-10,1509,17,14,6,,134.69,129587.63
16789,2025-07-27,695,46,9,12,,27.25,
16790,2025-05-04,1224,37,9,10,527.48,,
16799,,1667,2,7,10,518.31,83.17,28740.13
16801,2026-02-14,1846,30,2,11,,4.99,5270.54
16802,,2579,52,5,10,1036.16,206.8,196400.45
16804,2026-01-08,1744,6,7,5,1418.45,,100420.62
16806,2025-03-18,19,47,5,12,604.29,,80529.4
16807,2025-08-06,1065,37,10,1,1323.39,,70792.9
16809,2026-01-30,1284,63,13,12,293.51,67.33,
16811,2025-08-29,121,14,10,9,,93.84,
16819,2026-01-24,2110,13,9,10,,128.22,65490.75
16820,2025-12-15,2372,20,1,6,1951.16,,211938.08
16822,,2541,33,5,8,288.45,364.34,46756.81
16828,2026-02-07,2878,71,10,6,1158.81,,191884.08
16829,,1251,23,8,9,301.16,389.27,36101.74
16831,2025-06-23,450,29,10,2,,97.74,169277.72
16832,,917,56,13,12,,209.92,196137.97
16833,2025-11-16,996,67,6,10,1887.0,,79629.22
16834,2026-02-06,352,76,6,3,1678.63,,107443.73
16836,2025-08-06,715,20,8,3,1908.21,279.5,
16837,2025-04-09,1341,45,14,7,828.86,,161008.7
16838,2025-09-04,2155,70,7,2,,197.18,309824.53
16839,2025-09-20,407,12,10,11,507.8,,52797.51
16840,,593,63,14,10,125.29,18.89,4829.94
16841,2025-04-10,2907,7,13,12,,121.83,276226.51
16842,2026-01-11,2733,74,5,6,,37.86,70556.24
16844,2025-11-08,1257,62,11,12,400.12,,21881.28
16846,2025-10-14,2964,53,9,7,,,87256.98
16847,2025-08-14,1042,9,3,3,418.14,,46113.27
16848,2025-12-21,347,9,11,10,,184.92,197630.11
16849,2025-07-24,2507,14,8,11,,122.26,103922.56
16850,2025-01-20,2782,80,15,7,246.15,25.82,
16854,,1913,37,4,11,264.87,17.37,19736.05
16855,2025-07-02,1646,49,4,9,1188.45,240.48,
16858,2025-06-03,2630,6,6,2,,,246280.75
16860,2025-10-10,486,26,13,11,1498.41,,189868.42
16861,2026-01-01,2742,30,9,6,768.8,151.45,
16866,2026-01-09,1548,72,1,8,1569.89,138.4,
16867,,1301,46,7,3,1114.75,89.99,66749.26
16868,2025-09-01,1503,74,6,9,1512.73,190.63,
16870,2026-01-08,2507,51,13,7,954.68,183.02,
16871,2025-08-31,1325,56,1,12,166.3,,11812.88
16872,2026-01-23,2992,49,4,4,355.74,22.94,
16873,2025-11-21,557,46,2,7,1550.33,275.56,
16874,2025-09-09,2673,24,8,7,1636.75,,
16875,2026-01-08,2489,32,10,8,,,51532.96
16876,2025-12-15,459,6,7,2,983.58,212.3,
16879,2025-06-26,2727,10,15,3,1954.5,,253119.57
16881,2025-02-05,610,3,9,5,,171.29,35335.08
16882,2026-02-18,1653,14,2,2,340.59,78.33,
16885,2025-10-03,1758,43,1,2,,,43417.55
16886,2025-12-09,1053,69,11,4,1971.42,,248334.77
16887,,2507,50,2,7,,305.9,
16890,2025-11-08,1947,31,15,10,,122.85,68175.97
16894,2025-12-26,2304,4,10,5,,173.61,33780.76
16895,2025-06-20,1458,19,13,4,,,120330.39
16896,2025-11-30,2011,40,8,11,,174.93,86345.49
16897,2025-12-10,948,16,13,3,1833.36,,
16898,2025-10-26,2972,50,9,11,1670.22,,177834.12
16899,2025-06-04,1817,38,7,7,620.9,120.76,
16900,2025-02-20,1871,50,12,3,1912.57,,197635.72
16901,2025-11-16,1260,49,9,11,1667.68,2895.44,
16906,2025-06-11,1628,40,10,9,1612.22,,54201.69
16908,,1977,37,5,7,,,185448.21
16911,2025-03-07,2792,64,13,8,941.66,,156354.51
16913,2025-08-29,450,31,8,1,,366.58,161746.56
16915,,649,38,6,10,108.02,7.05,3381.03
16921,2025-04-30,2405,29,6,8,,64.84,78075.67
16925,,1347,68,14,2,1194.23,106.67,177772.05
16927,2026-01-23,2584,62,12,1,,38.26,53698.18
16928,2025-08-20,72,79,3,12,1570.11,,287246.41
16929,2025-10-15,1570,13,13,5,713.22,,28007.01
16931,2025-05-07,1711,63,8,11,,,271295.82
16932,2025-08-31,417,27,10,11,266.11,,39222.36
16934,2025-09-20,2362,13,8,10,1074.18,146.2,
16935,2025-12-09,1056,49,4,6,,131.75,66794.15
16936,2025-06-09,845,40,9,7,,81.51,201784.2
16938,2025-02-28,80,69,14,2,349.24,,67267.91
16942,,2368,44,6,3,1676.35,108.63,106781.57
16944,,1533,3,15,9,1101.92,,211528.44
16945,2025-05-04,1884,50,10,5,1798.64,,
16946,2025-05-23,1081,47,7,5,,90.83,129354.48
16947,2025-02-11,2587,7,13,6,1000.94,,173293.11
16950,2025-01-22,212,19,12,9,212.79,11.91,
16951,,2714,76,4,3,1788.98,435.0,40078.8
16952,2025-06-17,2977,29,11,1,1905.2,394.02,
16953,2025-01-23,1814,5,15,10,501.94,58.52,
16955,2025-06-04,458,31,8,9,,,67203.44
16956,2025-03-12,2291,72,1,7,,64.0,9728.23
16962,2025-10-25,1217,12,9,11,668.61,,59385.7
16963,2025-09-28,2086,55,15,9,,159.13,147444.68
16966,2025-05-04,107,4,3,2,535.95,,82947.16
16967,2025-02-14,2496,7,6,8,733.42,95.43,
16972,2025-02-09,1092,38,10,11,,302.76,180914.74
16976,,1743,78,3,10,1944.68,357.65,
16982,2025-03-09,1629,12,11,3,352.87,,
16984,2025-07-27,2570,57,8,5,782.11,,148659.85
16987,2025-07-12,501,73,1,3,,,3611.75
16988,2026-02-07,521,65,5,8,1930.56,,291982.18
16990,2025-01-08,734,70,10,7,1647.73,,90879.86
16994,2025-11-03,837,33,13,8,571.52,,82535.82
16996,2026-01-22,738,33,15,12,1044.79,,92062.47
16997,2025-03-02,1807,67,14,11,1223.0,,145141.98
16998,2025-09-21,2387,18,14,10,1824.77,,288014.17
16999,2025-02-10,1877,10,14,3,,323.73,222821.49
17000,,658,50,11,9,,,
17002,2025-08-07,1606,24,8,1,903.01,,70512.33
17003,2025-06-26,2786,75,3,11,,16.13,10223.9
17005,2025-08-26,1834,28,8,5,222.55,43.85,
17007,2025-09-07,573,73,10,10,,40.23,49156.78
17013,2025-02-25,1290,42,6,3,1300.14,,26680.95
17014,2025-12-21,1068,18,7,2,151.12,,7522.69
17019,2025-06-29,2331,7,9,5,321.34,77.21,
17020,2025-03-09,2229,74,14,11,1238.27,,218569.7
17022,2025-08-29,1546,39,9,9,1778.79,,46576.99
17023,2025-11-27,1811,28,7,11,706.51,,57723.14
17026,2025-10-16,2469,5,6,5,,,23343.63
17027,2025-03-23,1978,6,11,8,512.55,116.73,
17028,2025-10-18,1940,61,3,1,1559.69,170.62,
17029,2025-02-14,968,37,5,12,1307.11,266.3,
17032,2025-09-18,980,44,7,1,,121.3,107002.31
17033,2025-05-15,1571,75,15,10,435.84,,51492.27
17034,2025-07-12,3772,19,6,5,1005.26,234.34,
17035,2025-04-15,1053,22,6,12,507.14,,25134.14
17037,2025-06-14,1793,72,8,1,769.66,,114788.74
17038,2025-06-16,136,14,8,12,1889.83,,238991.7
17040,2025-02-16,278,74,7,8,628.58,,32563.69
17042,,184,17,13,12,1509.68,257.46,207450.97
17049,2025-05-06,522,24,9,2,1520.76,336.33,
17050,2025-10-26,1640,4,7,5,,23.54,
17051,2025-10-17,2437,30,13,11,,,222421.75
17052,2025-05-05,517,76,4,10,130.63,181.74,
17053,2025-01-02,1338,54,4,9,503.81,,42661.22
17055,,413,64,2,3,1210.95,,
17056,2026-01-27,2440,45,8,6,,,119899.31
17058,2025-02-13,244,24,10,4,1525.6,,36164.77
17059,2026-01-19,548,8,4,7,1260.17,,172229.96
17060,2025-09-13,32,39,13,11,1681.61,,275209.96
17061,2025-04-23,295,26,4,4,,5.68,
17062,,1195,30,4,2,240.61,30.78,40860.82
17069,2025-05-17,2681,69,7,5,906.51,,63741.86
17070,2025-10-25,1457,74,14,1,571.56,,52715.36
17072,2025-03-15,2154,65,8,4,1542.69,256.37,
17073,2025-08-16,1262,44,5,6,1462.81,,280642.54
17075,2025-06-29,1803,70,2,3,,254.28,228569.55
17076,2025-12-25,1886,10,14,4,,49.25,
17077,2026-01-31,328,47,8,6,1798.45,,69243.86
17078,,869,108,9,7,1331.92,172.75,163960.91
17079,2025-12-15,5,111,1,2,,221.74,64949.89
17080,2025-08-21,539,19,5,5,,384.83,377486.05
17081,2025-09-17,2582,15,2,11,,91.86,82304.17
17084,2025-08-15,928,43,1,2,1054.17,,54815.59
17085,2025-03-11,848,80,13,12,,86.14,25553.25
17087,,427,80,5,9,1976.5,110.84,69204.98
17088,2025-11-23,2295,67,4,7,,277.59,
17093,,3685,13,5,4,972.75,104.45,
17095,2026-01-27,2741,26,15,3,,346.44,
17097,,845,32,1,8,,117.39,
17099,2025-02-26,2574,10,14,3,1094.81,,32539.19
17102,2025-03-22,670,53,7,2,347.65,75.41,
17104,2025-09-11,980,67,10,6,829.91,185.02,
17106,2025-11-04,2352,46,4,10,167.2,12.62,
17108,2025-09-26,2685,31,6,8,,86.74,273496.8
17112,2025-09-17,2659,52,6,7,,177.1,99291.72
17113,2025-01-29,783,47,15,3,,,22043.56
17116,2025-03-13,505,103,7,12,,214.69,
17117,2025-05-08,3891,35,6,9,,766.49,74218.51
17118,2025-05-09,1676,62,1,6,,,237881.94
17120,2025-10-21,2780,20,2,8,,,108083.78
17121,,482,15,12,11,1927.52,211.06,
17124,2025-02-01,2457,16,7,11,,,25350.47
17126,2025-06-19,1396,9,13,4,,392.21,237219.19
17128,2025-09-01,14,49,8,10,890.74,,86064.72
17130,2025-10-23,532,79,6,2,,,9546.31
17132,2025-07-18,2983,20,5,1,,76.96,199904.8
17134,2025-04-04,1506,45,15,6,951.99,159.52,
17135,2025-04-30,1387,70,10,12,1262.01,173.51,
17137,2025-12-27,1877,38,8,12,985.26,101.93,
17141,,1241,49,15,9,656.18,52.45,55075.85
17143,2025-05-16,2806,2,8,10,,123.15,74154.76
17146,2025-04-16,434,43,1,3,573.84,,88086.31
17147,2026-01-06,2960,40,9,4,,209.6,62535.84
17149,2025-01-30,1156,29,8,12,1128.38,,
17150,2025-10-26,1784,7,13,8,,227.21,134038.86
17151,2025-06-21,26,27,10,6,,172.43,133738.3
17152,,166,38,5,9,86.42,5.08,13823.1
17153,,982,42,5,8,602.95,61.49,77009.11
17155,2025-04-30,1860,30,4,8,1583.11,163.31,
17157,2026-02-03,975,9,2,3,920.3,113.78,
17159,2025-12-27,797,20,1,9,1734.15,,301523.46
17160,2026-01-08,697,1,8,6,1591.29,,195703.9
17162,,1869,37,2,8,290.91,45.4,28038.49
17163,2025-02-20,544,111,11,4,613.72,35.62,
17164,,2717,77,15,7,1107.93,88.51,167067.37
17166,2025-09-07,3530,6,3,12,1077.61,,103196.18
17167,2025-04-28,1853,71,11,3,618.62,136.14,
17168,2025-01-04,1633,24,5,6,,21.49,17987.23
17170,2025-05-31,357,33,2,5,-768.36,,
17172,2025-03-21,3876,19,4,7,450.46,81.69,
17173,2025-11-09,359,40,14,12,1503.95,279.44,
17175,2026-01-19,300,65,12,8,1642.63,,268937.04
17176,2025-02-13,891,20,11,5,868.12,159.26,
17177,2025-07-05,1218,80,10,9,1887.44,,
17178,2025-12-25,2264,10,1,4,457.97,41.71,
17181,2025-04-08,1878,79,5,10,,188.16,172967.48
17183,,1017,27,7,11,1815.28,,38266.06
17186,2025-02-10,2596,43,5,1,1613.86,210.29,
17188,2025-05-03,1442,58,2,12,861.61,188.45,
17189,2025-06-02,1974,29,11,9,1783.45,160.9,
17190,2025-03-30,1319,18,6,3,512.73,45.87,
17191,2025-05-21,2457,79,7,8,499.49,91.74,
17192,2025-03-31,1078,80,13,4,1056.3,,21669.18
17195,2026-01-16,1998,15,5,2,,248.88,185620.09
17196,2025-06-20,1789,58,6,4,,352.82,208180.25
17197,2025-08-21,605,50,7,10,,28.1,12634.88
17198,2025-01-31,2908,79,5,10,172.3,32.48,
17203,,1803,54,12,9,712.85,,43256.3
17206,2025-11-29,2048,3,15,6,,,361454.72
17207,2025-08-24,1489,1,14,3,,186.07,52226.25
17210,2026-02-14,1813,9,9,1,230.94,,6277.35
17211,2025-04-06,1845,28,9,12,,150.88,
17213,,2562,54,15,10,1482.05,,183333.39
17215,2025-08-22,2910,4,8,2,148.17,33.63,
17216,2025-08-07,2788,12,3,2,1079.51,136.83,
17217,2025-10-23,1345,38,1,11,,176.22,58622.37
17223,2025-02-22,72,78,13,4,1992.52,456.99,
17224,,1083,58,11,6,770.19,50.12,26385.67
17226,2025-08-17,1556,40,2,9,,400.69,334122.07
17228,2025-09-15,781,76,3,8,1564.1,,224503.42
17231,2026-01-31,1457,78,5,1,1575.58,,36906.48
17234,2025-04-07,2477,63,13,12,,,217633.37
17237,2025-07-24,1351,13,10,8,1166.26,,
17240,2025-06-30,2929,22,2,11,,108.57,38543.39
17242,2025-04-30,2482,57,3,9,1260.38,,178845.63
17243,2026-04-02,2559,2,7,8,1024.26,,56904.86
17244,2026-02-08,2556,72,1,10,,76.04,55788.79
17245,2025-04-09,2932,22,1,7,1433.46,2541.82,
17246,2025-12-16,2934,7,12,3,1372.14,158.29,
17251,2025-09-18,2514,15,8,1,1435.04,,146034.51
17253,2026-01-24,1994,51,15,8,659.98,45.75,
17254,2026-11-01,1772,34,9,12,,33.3,92778.04
17256,2025-07-21,2486,23,14,6,,127.84,170996.05
17260,2025-12-03,2512,50,1,4,1326.77,,235228.16
17262,2025-01-07,2756,18,11,11,,,286990.78
17263,2025-08-25,2572,66,1,4,1406.8,,
17266,,580,1,4,5,1864.8,,263898.19
17267,2025-06-03,1493,38,10,10,,137.73,136973.22
17269,2025-12-11,2903,5,15,11,,163.83,
17270,2026-02-09,23,64,10,12,0.0,58.08,
17271,2025-02-13,266,66,9,2,641.33,,117247.33
17275,2026-01-28,821,52,14,12,1107.46,158.64,
17276,2026-01-12,2876,26,2,5,,,231707.3
17277,2025-03-03,587,3,15,12,,,78695.58
17279,2025-08-11,2755,68,14,10,,,121381.67
17280,2025-05-03,1375,72,4,11,,190.02,38300.12
17285,,750,2,1,9,1748.03,146.87,
17286,,2259,20,12,6,984.43,205.81,103029.85
17288,2025-06-01,2864,26,10,10,,59.79,45571.91
17290,2025-12-03,964,10,14,7,1575.67,368.34,
17292,2026-02-05,2589,24,12,4,1543.93,,221774.81
17293,2025-09-08,1982,23,2,7,,463.32,269782.84
17294,2025-04-05,2446,104,7,9,,221.47,
17295,2025-01-24,2388,5,2,9,720.23,130.36,
17296,2026-01-18,1530,17,8,4,1908.97,400.0,
17297,2026-01-22,2819,78,2,6,545.55,,90179.81
17299,2025-02-23,2918,3,4,2,1587.51,,169553.58
17300,2025-03-31,1408,18,2,12,,,139956.8
17301,2025-04-18,2772,23,13,2,1038.05,210.32,
17303,2025-06-22,3579,61,9,8,1653.65,,133988.93
17306,2025-07-20,2633,34,13,10,1287.0,158.37,
17308,2025-07-22,165,18,13,10,,122.71,72221.97
17309,2026-01-28,1940,67,14,5,,238.01,138749.61
17311,2025-08-08,3504,45,15,8,,122.55,62911.57
17315,2025-09-10,2894,70,14,3,705.47,,16678.79
17316,2025-01-03,1902,40,1,4,372.46,,22223.54
17319,2025-02-09,3874,68,6,4,,50.75,146035.95
17321,2025-01-10,1725,22,10,5,478.24,34.39,
17322,2025-12-31,1456,49,7,8,,399.56,312083.44
17323,2025-05-29,334,56,15,7,,134.66,
17324,2025-08-26,1847,27,2,6,,14.24,5132.69
17328,2026-01-25,2651,46,10,11,1253.77,,
17330,2025-07-07,2752,5,2,10,1517.6,,38941.89
17332,,1586,13,15,3,,48.28,147508.04
17335,2025-02-11,1883,77,3,4,1630.84,373.26,
17336,2025-09-21,1719,14,2,12,748.31,50.87,
17339,2025-10-19,2935,13,3,12,,468.95,368273.42
17340,2025-11-27,70,45,14,12,,245.74,181170.96
17342,2025-07-30,747,10,10,7,,122.72,
17345,2025-04-22,558,65,8,9,1791.02,,243729.96
17346,2026-01-05,2118,32,7,9,449.96,,62056.27
17347,2025-10-24,1222,66,8,10,1161.03,,34678.25
17349,,1110,19,14,8,175.33,26.9,18907.58
17350,2025-11-23,542,61,5,5,,427.74,
17353,2025-10-04,186,71,15,3,,454.42,259554.66
17354,2025-01-06,1479,65,7,8,1244.06,,172626.32
17356,2025-02-21,2622,57,10,2,,150.48,
17357,2025-08-31,914,19,13,12,1753.63,,
17359,2025-01-20,1536,63,2,3,736.23,,79895.63
17361,2025-07-10,2105,72,15,1,1000.61,,142740.4
17363,2025-08-21,469,75,10,9,,,
17364,2025-11-13,370,44,12,1,958.31,,145042.19
17366,,986,61,2,2,95.99,20.53,10229.16
17367,,1181,48,9,3,,201.64,
17368,2025-09-30,179,60,3,10,,149.66,107013.06
17370,,2189,32,15,7,1971.18,169.82,308946.12
17371,2025-09-19,2644,49,2,12,644.33,56.9,
17372,2025-05-09,456,76,5,3,,72.11,57215.66
17376,2026-03-01,307,66,12,8,,0.0,
17377,2025-04-27,509,55,5,7,61.57,7.11,
17378,2025-09-27,389,22,3,10,,,170230.02
17381,2025-03-29,197,2,6,4,,205.89,75961.15
17382,2025-07-07,623,80,2,3,1398.05,,
17383,2025-03-09,2525,76,11,7,1097.67,,92680.87
17384,2025-01-16,2058,1,13,8,,206.2,36455.65
17385,2025-11-24,372,39,4,10,,,95627.4
17388,2025-11-27,1745,62,1,6,355.71,,10054.69
17392,2025-07-02,1450,25,12,7,,227.96,112057.99
17393,2025-03-12,179,35,5,7,,,130481.38
17394,2025-12-21,1290,15,6,2,,41.29,
17395,2025-01-25,2892,27,6,12,1640.57,191.2,
17396,2026-01-19,2283,69,3,2,1075.77,235.97,
17399,2025-11-10,3870,46,5,1,75.41,,14008.24
17400,2025-12-07,941,53,6,7,,124.37,
17401,2025-01-29,1816,16,10,9,,,30589.72
17402,2025-07-11,2574,19,6,8,450.49,,77094.82
17404,,2235,32,12,12,1166.84,163.58,
17405,,1981,59,2,7,85.7,6.9,5435.17
17408,,895,77,1,8,1522.37,,
17410,2025-05-04,1130,59,2,12,561.88,,42044.62
17412,2025-05-10,2163,8,12,6,1500.23,,179798.57
17414,2025-01-31,2637,34,9,11,1701.88,270.31,
17417,2025-05-13,2089,14,5,10,,98.54,
17421,2025-09-11,2970,66,12,6,1943.31,2740.19,
17422,2025-04-18,447,80,15,1,337.22,,13794.64
17426,2025-07-23,2767,19,9,3,,218.49,172836.55
17427,2025-09-09,1880,24,9,10,,253.68,96726.19
17428,,781,38,4,5,1262.25,310.45,158189.01
17429,2026-02-11,2643,56,1,1,,,
17430,2025-03-16,2337,4,13,8,,132.32,110035.03
17432,2025-05-18,2322,14,10,11,,213.75,195164.29
17435,2025-12-10,2005,13,1,5,,,35148.42
17438,2025-03-15,210,34,11,10,1444.9,330.13,
17439,2025-01-07,2477,21,15,2,,115.54,165820.5
17440,2025-10-04,1420,42,10,9,,90.79,
17441,2025-07-15,1697,35,4,5,341.45,,21081.07
17443,2026-01-15,2450,53,4,7,,8.89,2719.63
17445,2025-07-03,524,75,6,3,814.19,,133728.87
17446,2025-07-02,1155,69,11,5,928.9,,103598.95
17447,2025-05-24,1380,22,7,10,1362.13,,102466.99
17452,2025-08-13,1647,36,11,12,,379.13,43249.86
17453,,1409,63,1,10,,73.71,31769.57
17454,2026-02-17,2061,36,12,4,1305.96,94.66,
17455,2025-06-04,1295,8,4,9,1448.27,,278535.06
17456,2025-02-04,2525,75,5,9,,58.92,8471.21
17457,2025-11-16,257,41,7,4,190.21,18.06,
17458,2025-05-24,2119,24,9,2,,162.32,
17459,,1426,13,7,3,1808.93,2639.74,
17460,2026-01-31,1352,17,4,3,,212.59,122867.1
17462,2025-01-11,2125,24,10,11,,,
17465,2025-04-17,2693,64,4,6,,,106740.45
17466,2025-01-18,1758,39,10,1,1828.53,397.36,
17470,2025-09-06,2054,33,5,3,,,
17472,2025-06-05,2453,17,1,6,,289.86,155163.77
17473,,1026,55,14,8,1900.66,251.21,
17475,2025-01-04,587,46,4,3,,,70284.63
17481,,915,50,12,3,689.34,84.87,55372.6
17483,2025-08-26,1646,79,12,10,,62.06,36737.79
17484,2025-08-06,969,65,15,7,,290.82,73308.15
17485,2025-07-26,1483,70,5,11,,280.97,
17486,2025-07-06,822,11,1,10,400.08,,35522.46
17489,2025-11-08,2327,41,14,1,1577.68,180.24,
17493,2025-09-17,1274,54,8,3,,111.92,51017.55
17494,2025-08-06,2996,11,15,9,,125.74,99013.43
17495,2025-08-01,1801,64,7,4,405.56,85.52,
17498,2025-12-31,1144,63,1,1,,109.1,185265.96
17502,2025-04-08,173,11,2,10,724.26,944.82,
17503,2025-06-14,2787,61,1,10,399.16,70.63,
17505,2025-01-31,1511,9,2,5,1666.38,,190181.99
17506,2025-12-23,1528,117,3,5,,20.54,
17511,2025-05-11,1598,44,14,5,1150.47,67.2,
17516,2025-04-09,7,57,11,5,684.0,,78411.63
17517,2025-09-12,169,34,3,1,,113.4,309515.48
17520,2025-01-30,66,69,15,1,1833.45,,135956.33
17523,,181,54,10,9,803.04,169.7,49011.31
17526,2025-11-21,911,32,15,5,,21.15,
17527,2025-12-08,2166,63,15,4,,73.85,56766.82
17531,2025-12-12,575,63,9,10,,,154206.33
17532,2025-10-06,2686,59,11,2,1480.42,,259599.47
17534,2026-06-02,2360,60,10,10,,116.05,
17535,,405,56,6,1,1986.23,118.24,146383.83
17536,2025-03-29,874,27,4,10,,,289943.86
17537,,46,75,9,2,366.71,37.28,31488.73
17538,2025-02-15,1707,56,1,6,,104.47,162811.62
17540,2025-09-10,445,39,5,5,87.42,7.83,
17543,2025-12-24,2732,27,3,12,,112.56,71977.68
17545,2025-06-05,130,55,14,9,,110.31,
17548,2026-02-04,60,7,15,10,,90.83,48062.46
17550,2025-03-25,2534,58,10,10,1973.85,255.64,
17554,2025-11-03,1984,4,13,7,909.97,,164192.22
17556,2025-12-03,674,62,1,10,1362.51,,239068.17
17557,2025-02-27,1855,59,4,9,1185.59,134.67,
17560,2025-04-17,1877,32,8,12,1235.69,178.65,
17561,2026-01-20,1639,60,15,2,545.32,49.47,
17562,2025-09-16,110,27,3,2,658.53,,58659.73
17565,2025-02-03,139,31,9,11,1961.3,141.84,
17566,2025-02-28,3632,20,13,2,874.59,,
17567,2025-03-04,1158,71,10,12,,22.4,14357.4
17569,2026-01-11,2460,16,4,4,1909.08,,156801.81
17570,2025-04-27,1542,17,6,9,111.39,10.59,
17572,2025-12-28,1659,66,15,6,1500.61,,
17573,2025-06-14,1721,63,7,9,,160.45,39374.96
17575,2025-01-18,1988,37,8,6,,27.0,62640.25
17576,2025-02-14,1463,44,13,5,257.33,,17509.89
17578,2025-02-16,2905,42,2,1,,,
17581,2025-09-29,499,14,10,6,1150.48,,91365.42
17582,2025-08-13,998,55,2,4,449.47,,85729.61
17583,,845,17,12,4,1218.68,,230105.37
17584,2025-07-10,2666,3,4,4,1832.76,159.32,
17587,2025-05-22,1134,80,2,6,530.36,,101230.21
17589,2025-12-20,79,60,9,9,,144.54,155008.33
17590,2025-03-27,876,3,7,9,,50.55,52092.04
17591,2026-01-21,1517,19,13,5,1188.92,,97458.52
17592,2025-02-21,2692,62,11,11,,8.23,
17593,2025-04-23,3822,3,9,12,,93.62,25825.78
17597,2025-12-17,1830,42,7,8,,72.93,172492.17
17598,,2808,17,13,3,230.09,26.74,25834.41
17600,2025-05-16,380,66,6,1,159.14,,27520.22
17603,2025-02-15,569,57,1,10,,52.13,109601.79
17604,2025-07-19,2381,42,13,4,1125.76,220.9,
17606,2025-07-06,1813,54,1,2,1612.42,,
17607,2025-03-14,1839,73,14,12,386.37,83.66,
17609,2026-02-04,1111,61,3,7,,180.54,119009.35
17610,2025-07-07,535,57,14,6,,71.4,54114.93
17612,2025-06-10,2473,30,4,10,332.64,62.8,
17613,2025-10-08,396,15,8,4,,226.66,156839.96
17614,2025-04-16,536,26,8,8,1825.38,,
17616,2025-07-25,2836,79,13,5,,41.61,101314.56
17618,2025-05-07,1226,7,8,8,,47.53,
17619,2025-01-21,1150,34,14,8,337.25,77.77,
17621,2026-02-05,452,58,15,6,85.36,,15927.33
17627,2025-11-26,2304,40,7,10,,,264404.82
17628,2025-03-11,1004,30,8,10,1036.21,207.46,
17633,2025-10-03,1983,22,3,10,,42.52,71584.98
17635,,2663,117,9,6,1057.31,,187068.09
17636,,2210,21,2,11,438.0,72.4,42427.81
17637,,858,38,15,1,1178.29,184.7,221008.6
17638,2026-01-23,2908,80,11,10,,101.17,
17639,2025-12-18,1902,41,13,9,,237.81,120743.47
17643,2025-03-01,801,52,3,7,,433.86,
17644,2025-12-13,690,53,14,5,,63.34,
17645,2025-02-01,684,51,3,8,799.42,,142251.72
17648,2025-05-15,2366,25,1,12,744.43,,111176.64
17649,2025-03-19,507,13,8,9,1114.02,,35932.01
17651,2025-01-21,1889,29,1,12,1288.42,,90000.82
17653,,758,60,11,2,932.93,168.54,111663.56
17656,2025-07-25,2930,44,8,7,943.45,,164186.0
17658,2025-08-01,3553,58,2,2,839.45,,
17660,2025-08-18,1257,19,7,6,,123.21,151805.38
17663,,310,66,7,3,,74.4,
17666,2025-12-23,1714,65,8,1,,180.54,199863.45
17667,2025-01-11,2897,19,7,11,1063.78,,71737.69
17669,2025-03-05,2430,22,5,11,677.06,126.35,
17675,2025-03-30,798,49,1,3,732.22,,99545.47
17676,2025-03-14,1411,54,7,3,,27.63,33930.04
17677,2025-11-08,2573,10,12,11,947.29,,184363.09
17679,2025-08-25,1930,42,4,9,787.38,187.5,
17681,2025-11-21,2573,12,13,4,,401.52,57037.5
17682,2025-02-14,1559,27,11,4,,26.92,49584.32
17685,2026-09-01,2437,56,5,12,,339.91,
17686,2025-04-21,2956,14,2,10,,36.8,13015.37
17687,,1947,76,3,8,590.12,85.47,49079.57
17690,2025-04-07,189,77,8,11,576.92,57.41,
17691,2025-07-07,1865,76,8,4,1855.1,,234288.93
17692,2025-10-31,2927,30,7,8,474.82,,32180.9
17693,,2083,31,10,8,1432.18,287.81,
17694,2025-03-26,1051,27,7,1,144.58,18.66,
17696,2025-06-16,2764,38,9,11,776.91,,149258.29
17697,2025-08-23,2420,14,4,6,1555.67,,189265.96
17698,2025-10-22,1857,59,4,3,1384.03,323.91,
17700,2025-07-29,1888,39,14,12,1500.53,,70976.12
17703,,2760,20,2,12,607.5,,53741.45
17704,2025-09-23,1382,15,5,6,,113.01,187502.58
17706,2025-04-15,2696,11,2,8,,225.26,65271.29
17707,2025-09-30,2628,44,10,8,1316.01,139.99,
17708,,2248,10,12,4,,109.42,100069.82
17709,2025-10-24,644,12,2,5,583.07,,47961.78
17710,2025-03-03,703,44,10,10,215.22,,15782.92
17711,2025-06-18,2126,19,6,9,,67.28,232949.41
17712,2025-10-28,2654,21,13,3,1363.74,,
17713,2025-04-21,1978,78,13,11,1633.29,,320649.17
17714,2026-01-25,628,65,3,6,1675.95,,
17715,2025-02-05,1475,35,4,7,859.44,,23664.8
17716,2025-10-28,17,37,10,10,172.25,16.57,
17719,2025-04-28,575,54,3,4,1515.54,,
17721,,3649,56,5,7,1377.39,89.97,
17723,2025-10-09,2348,23,8,12,,248.2,90942.22
17724,2025-05-12,732,16,10,4,1463.18,159.74,
17726,2025-06-08,2531,7,15,5,767.1,170.05,
17728,2025-05-06,44,48,15,2,1195.7,278.01,
17731,,49,23,9,8,80.05,16.16,8315.92
17736,2025-08-06,2540,50,2,4,,78.76,145491.7
17737,2025-11-09,2352,8,10,12,1251.02,,181462.27
17738,,1658,34,10,1,1921.78,,189640.34
17739,,1773,63,12,5,887.16,152.17,141534.06
17740,2025-09-23,2765,65,14,3,716.14,,48252.59
17743,,872,26,13,6,1890.89,370.05,71547.7
17744,2026-02-15,1613,2,1,4,1415.07,,
17746,2025-10-18,566,31,8,9,,197.88,24770.26
17747,2026-01-31,929,14,5,11,1809.3,,88930.1
17749,2025-04-28,2660,66,5,11,1869.62,292.88,
17750,2025-01-01,1004,26,15,6,,155.14,52761.24
17751,,395,19,10,9,1272.07,,
17755,2025-09-03,634,26,7,11,,58.97,27650.16
17756,,2994,3,7,6,246.04,54.12,7372.76
17757,2025-08-05,476,4,7,7,,220.87,
17758,2026-01-13,79,21,3,6,451.77,,76362.7
17759,2026-02-05,1823,6,5,8,436.58,,50159.83
17760,2025-12-28,2362,75,6,11,1866.04,301.98,
17761,2025-11-10,2531,36,10,10,823.65,,121694.85
17762,,1880,37,3,2,,78.75,199958.5
17763,2025-10-04,37,60,5,2,1989.6,,242042.74
17768,2025-02-06,547,110,7,9,1462.64,324.93,
17769,2025-01-18,2463,6,6,9,1629.25,174.73,
17770,,159,77,11,9,,126.66,182044.49
17772,2025-04-14,2864,56,4,5,,78.03,171716.09
17773,,2092,59,2,12,1131.29,96.27,222001.24
17774,2025-02-08,1236,61,12,8,,,107274.79
17776,2025-04-11,1411,106,4,2,1634.62,227.97,
17777,2025-08-18,2556,46,2,3,1254.09,,141546.15
17778,,1103,19,15,12,1416.97,314.67,41914.33
17779,2025-08-22,2203,66,6,6,,70.96,73448.89
17780,2025-12-27,2183,38,11,3,740.51,73.27,
17781,2025-10-02,2446,55,14,6,777.91,,
17782,,2512,72,11,1,,54.8,
17786,2025-01-17,2772,22,9,2,451.9,104.27,
17787,,166,63,8,2,70.71,11.42,10515.53
17788,2026-01-25,2550,73,1,11,1840.24,,142056.82
17789,2025-04-05,2377,40,12,11,1791.08,396.98,
17790,2025-03-08,1513,35,1,11,509.93,,23518.21
17793,2025-09-15,1379,4,4,8,431.68,,20748.92
17796,2025-03-12,1692,64,4,10,376.29,,53185.62
17797,2025-05-29,2997,20,12,7,,,51628.53
17798,,2171,37,9,3,,278.27,49035.84
17799,2025-04-21,2721,4,13,12,,50.3,23105.95
17800,2025-05-26,1501,13,4,3,457.88,,
17801,2025-12-17,1279,57,13,5,1029.79,94.97,
17802,2025-01-08,2591,65,12,12,,112.05,29884.31
17804,2025-10-29,898,11,15,5,138.76,25.15,
17805,2025-06-21,141,54,6,3,,,257694.4
17806,2025-10-27,1990,39,4,9,,,56846.77
17807,,1423,80,4,4,1726.53,401.32,302613.48
17809,2025-09-09,1226,32,2,10,,,126116.02
17810,2025-06-20,1793,25,6,9,1045.33,,203502.36
17813,,76,32,5,9,517.26,44.62,
17816,2025-05-24,1503,49,6,1,1751.78,,180871.93
17817,2025-10-21,626,61,2,9,313.36,,
17820,2025-11-16,2648,46,1,1,1015.99,,194341.97
17821,2025-06-05,1736,58,15,7,1169.39,,224412.14
17822,2026-01-31,2183,45,3,6,,144.92,95505.88
17823,2025-12-18,309,24,12,12,,140.26,58495.74
17824,2025-01-07,111,68,10,5,123.33,,21278.18
17827,2025-02-21,2582,106,4,10,,112.11,218677.54
17829,,723,42,3,8,516.63,85.83,50536.64
17830,2025-06-21,1990,38,1,12,,416.18,
17831,,975,37,8,6,,,
17832,2025-06-06,1711,1,2,9,492.13,,
17833,2025-02-14,1824,29,9,11,,39.98,30936.89
17834,2025-06-26,2558,11,6,2,1529.0,162.52,
17835,2025-06-28,1022,55,14,5,1967.99,175.3,
17837,2025-12-30,2449,16,12,1,848.36,,83683.42
17838,,2103,38,7,3,315.96,49.9,29472.69
17841,2025-03-03,1892,10,13,5,487.86,,51945.87
17842,2025-08-07,816,31,9,7,288.75,50.81,
17843,2025-08-24,923,5,9,10,816.9,189.01,
17844,2025-04-27,1108,20,5,5,0.0,273.71,
17845,2025-04-19,1773,55,3,12,1484.3,134.36,
17846,,756,28,4,10,,,
17847,2025-12-11,1167,54,10,5,,128.61,126832.5
17852,2025-10-17,3682,68,12,5,,299.42,212902.95
17853,2025-07-17,2083,80,1,7,,70.77,19273.63
17857,2025-08-02,1000,32,6,11,256.24,42.55,
17858,2025-04-19,193,108,5,6,,29.17,8074.07
17869,2025-09-05,2881,17,5,4,1892.27,,188737.69
17870,2026-08-01,2143,51,14,1,514.06,64.99,
17873,2025-09-14,3542,80,2,10,1918.97,,203816.24
17874,2025-10-06,339,65,4,7,467.71,,60750.21
17875,,1155,3,14,2,1227.23,180.41,164496.79
17877,2025-10-08,45,58,6,6,260.76,15.96,
17878,2025-12-14,2114,57,10,5,1790.98,,145591.09
17880,,1687,64,15,1,509.63,,
17882,2025-03-18,2872,39,7,12,,191.12,
17886,2025-08-18,972,3,9,12,1680.57,414.96,
17888,2025-01-07,2995,62,5,3,,472.1,147889.88
17890,2026-01-24,1765,54,7,3,,,10641.77
17891,,1283,66,1,8,273.53,53.53,26974.28
17892,,1835,54,13,5,786.76,171.47,
17893,2025-06-25,2705,14,11,9,1274.43,,
17894,2026-01-21,896,72,12,7,79.18,,7336.25
17896,2025-11-24,1254,46,6,8,,43.98,66720.15
17897,2025-01-01,793,12,6,4,,166.36,164616.47
17899,,496,55,6,6,544.44,65.65,26635.17
17902,2025-09-23,1184,40,5,10,751.66,88.53,
17903,,2752,78,9,1,1617.64,,66738.4
17905,2025-04-11,2846,30,13,3,,235.27,329286.21
17906,2025-06-03,760,46,13,11,,133.07,46944.27
17907,2025-06-09,1694,77,7,9,,,66104.62
17909,2026-01-23,2320,4,8,3,127.25,,6804.39
17910,2026-01-05,171,39,14,6,507.19,,56283.75
17912,,1722,32,8,7,1612.54,393.93,296974.71
17913,2025-06-09,1894,35,4,7,,93.71,74614.49
17916,2025-06-10,1521,40,14,5,1795.17,229.45,
17918,2025-06-11,2622,2,1,3,,370.0,211921.97
17919,2025-02-21,1875,64,1,11,1559.07,,
17921,2025-10-19,2248,27,10,1,,,84883.6
17923,2025-01-12,550,60,13,1,1570.1,,231215.39
17925,2025-03-22,170,27,5,8,,118.84,35129.05
17927,2025-10-16,2971,32,4,2,913.57,,105407.93
17929,2026-01-24,2362,65,3,1,,147.21,183873.9
17931,2026-01-09,707,4,9,6,1585.96,,200808.85
17932,2025-01-30,2553,10,6,4,,,103927.56
17933,2025-05-09,1980,43,12,10,,173.96,34458.22
17937,2025-02-26,2993,72,11,10,,78.61,56165.99
17939,2025-01-24,1854,5,13,5,506.72,,61182.97
17941,2025-12-01,2129,37,1,6,,72.43,28364.96
17942,2025-12-17,583,59,3,9,649.55,105.41,
17943,2025-10-12,2111,60,5,3,,256.65,
17952,,2312,2,6,5,1822.95,122.5,125751.91
17953,2025-08-15,1580,37,10,4,,165.47,
17954,2025-11-15,2895,54,11,2,475.79,103.57,
17955,2025-02-20,85,17,7,5,,41.47,28589.81
17956,,1408,60,5,10,1942.34,118.28,91774.51
17958,2025-07-22,1889,25,5,1,1877.15,,203929.78
17961,,1856,51,1,6,1128.53,150.66,134619.99
17963,2025-04-25,2766,61,5,6,1616.8,,101191.58
17964,2025-01-04,2622,48,11,8,1349.63,,127446.21
17965,2025-04-22,1813,72,3,11,,,40700.14
17967,2026-01-02,357,14,9,5,700.02,,100063.6
17968,2025-11-14,2952,62,9,9,,,207658.97
17969,2025-03-02,1312,22,11,1,,152.51,45113.12
17971,,2364,53,2,6,1281.12,134.89,201193.86
17973,2026-01-24,1269,57,4,5,796.92,,19835.3
17976,2025-04-29,1103,72,15,5,801.43,,37304.49
17977,2025-12-11,796,62,1,10,471.22,55.32,
17980,2025-06-19,1755,33,1,10,1370.28,,
17982,2025-10-28,749,76,13,10,,87.85,161998.07
17984,2025-08-01,2606,53,7,9,585.37,,105652.06
17988,2025-09-26,2485,16,7,10,,253.32,75956.79
17989,2025-08-24,1206,54,8,1,1510.56,,74033.32
17990,2025-11-07,917,9,9,1,770.55,118.82,
17991,,2288,3,7,11,1109.35,76.71,141606.47
17992,2025-11-05,2268,29,14,6,,476.56,56845.61
17993,2025-04-12,2864,15,10,1,1725.25,176.48,
17994,2025-01-24,600,42,7,2,1164.57,,216293.9
17995,,615,66,8,12,546.42,,59589.71
17997,2025-08-11,305,28,11,3,685.93,,24335.29
17999,2026-11-02,356,33,15,8,,74.42,28283.14
18005,2025-02-02,520,61,12,5,,76.93,59177.88
18006,,1380,3,14,9,1959.13,254.0,133144.22
18007,2026-03-01,2301,71,9,6,,1348.84,46836.44
18009,,936,37,12,6,358.02,40.69,38211.3
18010,2025-08-05,1988,46,15,6,1808.08,398.07,
18011,2025-12-29,1656,74,6,8,340.62,,40678.07
18012,2025-03-22,1899,72,13,11,870.15,,
18014,2025-12-19,2585,53,11,2,,444.67,171095.62
18015,,2633,75,5,1,1904.23,374.69,
18018,2025-02-06,2983,50,8,6,1141.04,145.65,
18025,2025-02-23,1992,13,6,1,,91.82,168355.5
18027,2025-05-10,1857,16,12,8,75.63,,12960.77
18029,2025-02-21,810,26,10,2,683.0,,38022.61
18031,,1194,70,10,7,1878.31,429.88,
18032,2025-06-14,118,77,14,4,1499.65,145.48,
18033,2025-04-27,3812,65,15,10,370.08,44.94,
18035,,2868,38,12,11,,92.12,58751.98
18036,2025-11-26,610,80,13,4,,31.54,17841.02
18038,2026-01-15,381,79,5,4,1019.55,,44636.35
18040,2025-06-15,1065,8,8,12,764.2,,144454.53
18041,,1771,80,8,12,1480.38,266.98,
18042,2025-02-08,111,41,14,9,,119.84,25224.9
18043,2025-03-13,1777,9,8,4,,172.0,
18045,2025-12-21,1370,25,5,11,,77.83,58044.57
18047,2025-12-24,1691,43,5,4,1178.63,,
18048,2026-01-09,568,26,3,9,,63.78,113703.27
18049,2025-02-05,190,79,1,7,1325.58,,59051.21
18050,2025-09-21,1934,77,7,11,1757.13,,215444.1
18051,2025-10-07,1131,62,13,8,,210.69,
18056,2025-12-08,786,58,10,5,1162.03,,156827.53
18058,2025-11-04,105,8,15,12,,182.04,259536.61
18062,2025-09-19,347,56,10,6,1566.13,341.65,
18063,2025-07-22,2798,17,6,9,,137.43,115047.89
18065,2026-01-29,247,1,8,4,762.93,,99328.1
18066,2026-02-02,586,14,10,12,,92.89,173451.34
18067,2025-08-18,2555,59,5,12,403.18,45.29,
18070,2025-05-19,1252,24,15,9,1105.44,,42036.08
18071,2026-01-20,2424,2,14,8,,65.46,209586.41
18072,2025-03-28,2927,30,14,6,121.8,23.79,
18075,,2278,42,13,6,1234.12,105.44,185278.14
18080,2025-05-22,2258,18,10,7,,,271422.25
18083,2025-07-17,2437,48,11,3,,61.31,44430.92
18086,2025-12-20,3500,37,2,7,1217.7,,88014.42
18087,2025-09-10,1167,63,5,11,1836.79,,272799.83
18090,2025-04-14,761,57,5,10,769.93,149.02,
18091,2025-11-02,831,27,1,12,1681.68,,171337.6
18094,2026-01-30,1612,74,3,12,,952.87,
18096,,2561,77,4,8,,,
18100,,1751,37,9,10,986.86,199.25,148462.52
18101,,2969,5,14,5,762.32,,142607.87
18102,2025-08-04,1282,77,15,5,1278.37,267.52,
18103,2025-12-28,299,75,8,12,,359.39,
18105,,1134,28,11,11,,,129613.76
18107,2026-02-14,139,63,14,7,,151.48,32349.24
18108,2025-08-27,11,39,14,7,,291.95,193599.02
18110,2026-02-05,1794,74,9,2,848.66,96.03,
18112,2025-04-26,1007,27,7,6,1019.98,,172144.46
18113,2025-07-14,2112,93,1,5,1966.78,,63382.96
18114,2025-09-24,948,70,7,1,,62.92,69786.91
18115,2025-01-07,1704,64,10,7,1668.0,,75118.78
18118,2025-07-02,249,36,1,11,1223.09,167.76,
18119,,2678,80,2,6,1477.18,,196268.93
18120,2025-10-11,787,15,3,4,344.34,,43601.17
18122,2025-04-25,1481,70,6,11,345.39,23.6,
18123,2026-01-17,165,35,15,8,1035.06,,126420.31
18128,2025-12-20,1157,9,10,11,,81.9,
18132,2025-03-04,2660,30,7,2,143.46,34.46,
18133,2025-11-16,2824,46,7,7,765.22,,125025.61
18134,2025-08-26,2636,4,8,2,889.98,200.54,
18135,2025-06-15,1513,25,12,1,-210.32,14.98,
18136,2025-09-21,441,69,8,6,,,34023.61
18138,,107,50,1,5,1332.01,183.06,
18140,2025-02-19,1451,11,3,8,,182.74,44127.65
18143,2025-04-23,2881,20,9,2,305.99,438.37,
18144,,1799,66,12,9,1525.41,305.31,301015.1
18145,2025-08-25,2866,69,13,5,1675.31,195.92,
18147,,529,12,1,10,,,11908.2
18148,2025-03-09,2853,97,13,1,149.93,,23745.46
18149,2025-10-10,1363,5,15,11,,48.78,80725.34
18150,2025-12-01,1211,34,14,9,,84.92,38072.58
18151,2025-01-15,1940,7,11,12,,299.06,84829.31
18153,,1321,35,1,8,1500.46,,36174.69
18154,2025-12-04,102,78,9,11,854.44,,130078.05
18156,2025-09-24,340,69,5,3,1055.81,257.84,
18158,2025-05-26,2063,65,5,6,1559.02,338.54,
18161,,97,53,3,12,,290.38,100383.28
18162,,996,35,12,2,904.4,91.31,155198.23
18163,2025-03-18,2234,42,3,12,,199.56,
18164,,2744,70,9,11,612.36,43.27,52836.68
18165,,299,75,2,6,1439.81,267.21,99320.05
18166,2025-03-09,1692,32,9,11,1026.01,,
18168,2025-04-27,775,70,12,12,,109.16,137285.52
18169,2025-03-11,1570,33,15,9,227.96,24.35,
18174,2025-10-09,1900,69,10,10,,66.25,
18175,,304,61,12,6,408.94,32.95,47479.14
18179,2025-07-21,1072,38,1,8,1889.96,,237223.28
18180,2025-11-24,445,36,5,12,1165.93,264.6,
18181,2026-01-21,2116,38,10,2,,68.74,
18183,2025-07-21,85,77,7,11,,,40654.21
18184,2025-08-13,1971,34,10,12,316.01,,
18188,2025-04-27,883,19,14,8,1255.61,,147804.05
18189,2025-04-04,873,20,14,10,,,120025.82
18192,2026-01-12,1448,13,9,4,710.25,,68028.77
18193,,96,54,14,8,1690.45,135.74,207583.38
18195,2025-06-02,1103,24,5,7,,,8453.3
18201,,87,36,13,6,247.36,,23092.43
18202,2025-11-19,263,2,8,2,,84.0,84168.06
18203,2025-10-25,1054,56,9,2,587.14,,56140.36
18204,2025-03-10,1475,53,8,3,284.19,,34009.25
18205,,2598,58,8,10,1365.99,164.66,
18208,,2533,61,5,3,1406.99,,
18210,2025-04-02,1479,54,10,3,,,
18212,2025-03-07,2900,24,9,12,252.32,,20068.88
18213,2025-08-20,355,7,3,6,,221.15,283097.62
18217,,1880,55,6,12,822.9,,118667.28
18219,2025-10-05,280,36,11,6,,,46228.82
18220,2025-02-27,301,19,12,8,1422.54,,
18221,2025-06-17,2293,55,12,9,1017.18,192.58,
18222,,1825,26,11,2,1814.87,106.39,
18223,2025-05-01,1913,50,4,4,359.56,,
18225,,1286,52,10,4,103.06,19.13,5201.41
18228,2025-03-26,503,48,11,10,1129.45,,180756.68
18231,2025-09-08,927,58,10,5,,,
18232,2025-02-26,1434,66,8,2,1250.14,2128.37,
18233,2025-05-31,1185,119,7,8,119.33,,16956.34
18235,2025-12-09,1836,58,5,6,511.72,,
18236,2025-04-04,1141,76,11,2,,39.99,
18239,,2997,20,8,8,803.44,,24493.24
18240,2025-03-29,3769,51,12,10,506.04,51.95,
18243,2025-02-06,2299,10,14,10,,102.72,43438.58
18244,2025-07-07,1241,44,3,2,,146.44,133585.69
18245,2025-11-12,1298,71,7,5,795.77,,58372.55
18250,2025-10-28,963,48,3,5,,,16519.07
18251,2025-01-13,334,114,2,12,879.34,157.79,
18252,,1039,50,13,9,223.66,15.48,20206.54
18253,2025-10-23,268,23,15,8,867.11,96.66,
18257,2025-07-12,1385,24,1,1,,,
18258,2026-01-20,2875,38,3,6,67.78,,12449.88
18260,2025-09-13,2803,60,6,11,1724.99,,316052.62
18262,2025-03-22,26,36,4,3,1890.6,,240752.12
18263,,2240,70,13,7,1853.41,,
18264,,519,25,1,7,999.32,144.19,
18265,2026-02-16,2490,56,2,8,1835.46,144.69,
18266,,1797,40,5,3,743.13,68.7,22131.63
18267,,1119,23,5,11,1424.51,348.24,
18268,2026-02-17,1470,54,6,4,84.75,14.76,
18269,2025-11-24,1968,38,11,5,862.34,117.13,
18270,,870,17,6,3,663.41,39.2,15327.58
18275,2025-05-26,290,64,8,1,,157.31,133298.32
18277,2025-03-28,1452,36,10,11,1571.0,,70690.09
18280,2025-01-04,1366,1,4,2,1495.4,,166623.26
18282,,2607,56,10,1,,67.6,228934.8
18283,2026-01-29,2794,40,6,6,,12.56,32594.79
18286,2025-11-12,2902,30,13,1,,158.23,217580.87
18290,2026-02-17,558,72,10,4,,265.93,
18292,2025-01-11,146,56,10,2,-588.4,79.67,
18294,2025-02-27,1265,13,6,4,1416.44,,98904.23
18298,2025-08-20,2526,42,15,3,1792.26,,89763.91
18300,2025-05-29,2813,58,2,7,1414.27,,273445.26
18306,2025-06-22,289,42,3,2,467.17,,
18310,2026-02-10,513,38,3,7,1153.25,,
18311,2025-12-24,477,48,4,6,,106.41,36513.14
18313,2025-07-25,2312,46,1,7,1496.8,356.28,
18314,2026-01-31,1336,37,13,10,,46.19,35088.31
18317,,539,18,13,5,145.91,,19318.76
18319,2025-08-03,1390,61,15,11,1841.36,,136346.22
18322,2025-03-29,26,64,10,10,,51.51,
18323,2026-01-27,2179,29,2,1,1760.11,214.03,
18325,2025-12-09,316,75,1,11,,,39831.65
18326,2025-11-21,2274,40,13,3,1397.07,189.04,
18327,2025-01-30,2266,75,9,7,,279.07,110672.73
18329,2025-09-28,1712,64,15,7,,51.31,
18330,2025-01-04,2507,62,12,3,1383.42,,147385.32
18332,2025-04-03,2509,15,5,3,968.8,,186546.64
18340,2025-03-16,2240,72,2,2,1444.6,,
18341,,1445,38,15,2,1892.86,386.21,107699.48
18342,2026-01-08,2411,44,15,7,,,213459.31
18344,,1146,50,4,8,1820.91,,92738.68
18345,2025-07-13,2251,52,15,11,,301.45,31675.77
18346,2025-11-13,2331,40,5,2,1367.17,170.42,
18347,2025-07-22,2659,59,13,5,,44.91,50883.0
18349,2025-07-24,394,71,9,12,,217.4,90777.6
18350,2026-01-16,2375,11,5,2,,,126917.94
18352,2025-08-06,2857,16,3,7,1969.67,,347367.9
18353,2025-11-05,1280,52,4,9,,,182521.36
18357,2025-12-04,920,23,10,6,,249.31,59888.77
18359,2025-09-30,352,9,3,12,127.39,,
18360,2025-12-15,1184,13,6,9,175.01,,31634.85
18361,2025-07-14,2943,62,2,1,,348.94,293468.49
18362,2025-01-02,2518,70,1,2,379.28,87.65,
18363,,2013,25,15,6,,133.31,204694.92
18366,2025-04-25,2038,98,13,8,,,42904.86
18367,2025-05-02,925,44,5,10,,164.38,255362.56
18369,2025-03-13,127,31,4,7,1384.77,241.78,
18371,2025-11-13,909,7,9,6,94.26,20.95,
18374,2025-06-03,2210,11,4,7,626.8,92.29,
18377,2025-09-28,1074,66,15,7,1828.95,119.78,
18378,2025-10-18,725,25,7,12,,139.54,127568.75
18381,2025-04-29,1317,5,12,10,,144.4,18876.19
18383,2025-12-19,646,28,1,3,837.03,,154081.17
18388,,1420,70,12,10,,78.53,161373.81
18390,2025-01-26,72,32,9,11,531.2,,22690.51
18393,2025-09-21,868,42,11,10,454.25,,36923.18
18395,2025-12-18,186,7,1,11,135.94,,
18398,2026-10-01,2387,41,6,8,503.39,,66331.45
18399,2025-07-16,1218,75,3,12,1704.23,,266698.58
18401,2025-06-01,2347,22,3,1,1708.46,205.32,
18404,2025-03-19,2356,13,3,10,,179.94,30731.76
18407,2025-02-09,925,50,15,2,1380.55,248.73,
18409,,2809,63,7,9,777.28,,116025.43
18410,,723,60,15,9,445.77,67.73,15894.48
18411,2025-05-28,1045,79,11,6,1068.36,,171606.46
18415,2025-07-06,715,41,6,2,1446.12,,
18417,2025-12-29,2738,79,9,6,517.98,,35339.48
18418,2025-11-07,663,53,4,8,629.58,,
18419,,2304,76,7,3,559.15,,49554.96
18420,2026-01-23,1902,61,15,10,0.0,340.81,
18422,2025-10-28,1537,57,15,4,1142.5,,155809.82
18423,2025-05-04,1009,70,1,12,1035.6,108.63,
18424,2025-07-31,187,35,8,11,746.96,,
18425,2025-07-26,1888,26,3,4,690.26,82.11,
18427,2026-01-01,2616,93,12,2,1680.35,329.67,
18428,2025-09-17,2284,30,3,10,693.23,,48618.85
18431,2025-05-25,80,24,8,1,1393.05,126.23,
18432,2026-01-27,1684,61,1,7,675.55,,47843.67
18435,2025-12-26,270,45,13,6,,113.93,68064.51
18436,2025-03-25,108,55,5,8,,179.11,99997.67
18438,2025-11-08,1124,40,4,4,1521.41,,178758.6
18440,2026-01-29,1784,13,3,2,,,45594.78
18443,2025-10-19,1456,80,4,4,,384.86,145001.76
18444,2025-10-22,72,20,9,6,828.45,114.71,
18446,2025-09-02,1389,54,2,9,,99.61,81138.8
18452,2026-01-07,357,14,11,2,,242.67,
18456,2026-02-18,1644,56,13,1,,240.23,362068.9
18459,2025-10-11,1638,38,7,9,,241.52,113821.97
18462,2025-12-22,2969,13,15,4,1092.44,,80055.01
18463,2025-03-31,1609,73,15,11,,81.39,90734.36
18465,,499,39,14,6,166.06,23.29,32818.56
18467,2025-05-20,1633,56,14,1,,122.28,
18472,2025-04-07,2370,46,6,12,296.99,,31299.14
18474,2025-10-27,1226,39,8,10,,74.6,16229.07
18475,2025-08-28,132,29,6,9,,103.52,191704.35
18479,2025-02-07,482,39,6,12,,,
18480,2025-07-10,2840,16,6,9,,,62730.7
18481,2025-06-12,2737,49,13,1,1971.68,303.99,
18485,2025-01-31,926,11,14,7,,161.83,212672.91
18486,2025-01-13,174,11,1,3,,195.22,171095.56
18490,2025-12-07,2630,30,6,10,1369.41,305.87,
18491,,1506,67,13,8,693.73,,121007.55
18492,2025-10-17,1632,50,11,5,1010.95,,57713.51
18493,2025-03-16,950,44,2,6,571.81,,15250.55
18494,2025-12-31,883,70,6,1,,435.1,43510.6
18496,2025-11-05,2817,3,8,6,116.59,7.5,
18498,2025-03-01,1927,56,6,1,1060.7,108.05,
18499,2025-08-14,1265,48,10,7,,285.39,
18502,2025-04-03,2579,73,3,11,,332.08,280487.83
18503,,370,72,5,2,850.91,164.31,29888.07
18505,2025-07-03,458,51,15,12,620.04,,
18506,,1630,61,12,8,,172.98,75662.45
18507,2026-01-14,1253,16,1,3,1206.42,140.31,
18511,2025-08-25,2293,114,2,10,1143.25,228.36,
18512,2025-01-31,2474,25,1,5,146.92,24.29,
18514,2025-05-19,2334,79,9,5,,71.4,46277.96
18515,2025-11-03,390,23,6,10,238.71,,37863.21
18518,,892,39,12,7,,,273700.96
18520,2026-02-10,2607,35,1,3,1806.01,,140023.07
18521,2026-02-04,977,72,2,4,1999.08,,46386.92
18523,2025-06-13,1455,72,7,9,,294.79,49264.39
18524,2025-12-06,2634,43,15,8,453.86,,39932.35
18525,2025-07-05,732,26,9,7,,387.95,377261.89
18526,2025-05-01,1448,11,8,4,431.73,,
18527,2025-03-13,2724,71,13,10,879.24,,172138.48
18528,2025-02-27,1130,31,8,6,1969.74,251.0,
18530,2025-03-26,196,47,3,5,80.17,16.19,
18531,2026-02-16,852,74,1,1,1943.49,413.35,
18532,2025-11-09,1224,56,11,6,1883.05,306.46,
18538,,2727,33,2,12,1830.25,195.11,233373.61
18539,2025-02-20,1593,64,4,5,,34.5,78451.31
18540,,523,76,10,12,1468.51,253.12,65913.02
18541,2025-06-03,2150,1,7,2,863.31,,55767.37
18543,2025-03-13,1537,67,11,2,,,28378.13
18544,2025-12-14,1885,40,9,6,,,
18545,2025-12-02,1644,62,5,12,,114.62,
18546,2026-02-15,591,71,1,1,,103.15,93456.26
18548,2026-01-30,1636,28,14,3,370.08,49.16,
18549,,1704,51,13,9,556.91,84.33,64565.78
18550,,1816,19,3,9,433.91,,79231.44
18551,,2737,39,8,11,359.23,,20452.98
18552,2025-12-10,2899,32,2,12,1541.06,,
18553,2025-05-01,795,41,9,3,,194.02,
18555,2025-03-13,252,9,4,4,927.48,,169653.58
18558,2025-03-19,2921,32,7,12,1429.24,145.98,
18560,2025-01-02,1504,61,14,9,1479.02,,201343.73
18561,2026-02-14,2735,4,8,9,627.99,40.08,
18563,,725,76,1,3,1206.35,255.39,
18564,2025-07-15,824,8,13,12,,,22985.56
18565,2025-09-21,2322,5,6,8,,64.93,
18567,2025-10-15,497,27,5,9,,51.85,36056.7
18570,2025-01-09,320,49,4,8,836.06,117.04,
18571,2025-06-10,1902,52,3,9,661.93,154.98,
18573,2025-06-30,1079,79,15,12,323.65,,24485.31
18575,2026-01-12,632,71,10,10,941.82,,82653.64
18577,2025-08-31,1445,18,8,2,1445.06,299.38,
18579,2026-01-09,1770,9,14,12,1602.19,302.45,
18580,2025-07-14,2103,70,10,4,320.61,,15296.99
18582,2025-04-11,329,48,9,11,,,113463.87
18583,2025-06-10,1100,73,5,2,1231.99,63.2,
18584,,306,44,7,4,1201.13,298.36,
18585,2025-10-09,277,55,14,2,810.61,136.97,
18586,,2083,21,9,12,0.0,217.24,
18588,2025-12-09,1037,18,13,12,1105.74,,120076.59
18589,2025-11-04,906,15,6,9,,97.85,104624.66
18591,2025-06-10,2007,48,3,3,1238.85,112.01,
18592,2025-04-22,1868,46,1,9,546.93,,68794.51
18593,2025-06-28,2697,3,7,9,145.63,23.33,
18596,2025-09-19,2437,43,13,5,1496.91,,
18598,2026-02-08,1223,19,1,6,,13.47,9354.02
18599,2025-06-06,1486,43,4,6,,62.91,98881.93
18600,2025-01-19,1480,1,1,10,1994.48,408.94,
18601,2025-07-24,2733,18,9,9,541.3,115.86,
18603,2025-11-10,313,18,9,4,,,
18604,,1558,24,10,12,149.63,29.73,
18605,2025-06-19,1864,69,7,2,1190.49,,157644.9
18607,2025-08-27,2977,68,1,8,,,54917.03
18609,,3876,37,3,4,,129.5,31794.25
18613,,1741,48,3,9,477.31,42.42,67198.01
18614,,1389,37,7,10,891.26,50.53,175044.8
18615,,3885,74,10,4,1657.19,119.93,229823.75
18617,,2016,70,3,5,1467.59,319.06,79306.77
18619,2025-05-22,3523,53,5,3,1635.93,357.82,
18620,2025-10-06,2166,60,14,6,,97.28,146560.26
18621,,1755,78,10,3,1201.85,218.78,119813.06
18623,2025-07-12,305,11,15,4,1389.62,,236769.79
18624,2026-01-09,2651,49,15,1,,55.06,58293.6
18625,2026-01-14,531,33,13,1,560.62,113.86,
18626,2026-02-12,648,58,6,11,1679.29,,
18629,2026-02-15,2434,36,11,12,,173.13,231142.77
18632,2025-09-03,1532,44,11,10,,392.05,
18633,2025-01-13,853,35,4,7,783.74,,52231.64
18634,2025-09-15,444,43,7,6,1722.52,416.54,
18637,,2936,38,4,10,1875.52,171.45,336415.0
18638,2025-10-30,2581,54,14,3,1250.61,286.91,
18639,2025-06-14,1613,58,12,9,911.16,151.96,
18640,,285,42,14,8,,,182513.62
18641,2025-05-07,2104,48,4,11,1059.36,,
18642,2025-06-18,2897,7,6,7,,28.11,57042.29
18643,,2281,4,10,5,297.92,383.2,13057.77
18649,2025-12-11,95,71,5,6,1665.97,,34433.78
18653,2025-03-27,459,28,13,11,580.76,68.2,
18654,2026-02-14,2488,14,5,6,,74.76,52169.63
18658,2025-12-17,1214,37,6,10,1399.29,,
18659,2025-01-22,1422,43,1,1,532.34,111.12,
18666,2025-01-10,1360,78,14,3,,107.34,161508.34
18668,2025-11-23,2196,46,11,8,461.91,,
18669,,1767,19,1,11,806.07,106.87,72666.45
18670,2025-02-17,2498,15,12,11,,,
18672,2025-10-07,78,37,13,11,,246.58,
18675,2025-06-24,2367,79,5,12,1083.23,,
18676,2025-01-28,2987,52,2,6,426.14,,
18678,2025-09-29,1092,46,14,6,,99.09,106976.45
18680,2025-10-11,1563,79,11,2,955.83,,83277.38
18682,2025-06-16,2094,27,14,7,,63.62,
18684,2025-08-07,1039,59,9,3,1161.14,,100853.07
18686,,679,53,7,6,734.13,,22270.52
18687,,1552,37,3,2,-1655.75,174.29,
18690,2025-05-19,1776,44,7,1,,305.73,
18691,,2761,26,1,12,1947.15,116.74,279695.91
18693,2025-10-30,451,69,5,3,,73.55,178654.33
18697,2025-10-03,330,16,7,3,1669.56,98.53,
18698,2026-02-07,2218,71,1,10,501.57,104.73,
18699,2025-06-18,2085,12,14,2,139.17,13.26,
18702,2025-10-22,1039,80,9,3,,,
18703,2025-04-27,1107,79,6,4,1528.69,330.06,
18707,2025-10-10,2808,45,12,6,791.78,96.01,
18708,2025-08-30,2827,60,4,7,362.01,528.17,
18709,2025-10-25,2699,77,13,4,807.87,186.77,
18710,2025-08-13,2633,48,9,8,534.42,,
18711,2025-03-02,2815,17,6,11,1217.43,,49881.25
18712,2026-01-25,2791,20,7,9,,167.98,75873.33
18714,2025-07-06,2767,40,11,3,1605.89,,250834.36
18715,2025-07-12,1137,70,8,7,1707.29,311.49,
18716,2025-02-02,1003,10,7,1,1523.07,,256553.11
18717,2025-03-22,652,32,8,10,,153.99,67125.27
18721,2025-10-18,1121,12,15,9,,132.07,121346.42
18722,2025-08-03,270,42,1,3,315.88,,56431.75
18723,2025-11-10,2234,66,13,9,,168.74,266146.61
18725,2025-09-21,459,14,9,1,,140.25,
18726,2025-10-17,634,58,1,2,1033.4,,30165.55
18727,2025-07-23,556,26,8,9,1137.1,,69545.3
18731,2025-08-28,2402,3,3,9,1607.38,102.46,
18732,,717,51,5,4,642.25,,
18734,,937,4,11,3,,,167710.91
18735,2025-01-23,1735,38,2,6,,,135258.71
18739,2025-01-06,625,21,15,11,,15.22,
18740,2025-09-28,2900,3,3,8,725.43,,107723.82
18743,2025-07-24,699,4,5,6,,110.42,138238.64
18745,2026-01-20,2858,41,11,6,,,153300.26
18747,2025-01-09,137,76,3,1,,86.95,
18748,2026-01-11,37,61,11,12,,10.86,7413.11
18749,2025-11-14,1031,62,8,1,1717.9,,290326.8
18751,2025-11-15,2655,29,2,9,1213.93,258.63,
18754,2025-04-29,1352,40,10,9,125.58,,2676.46
18755,2025-04-01,445,18,11,2,631.61,,
18756,2025-11-02,1928,78,7,12,815.13,128.5,
18759,2025-03-28,2520,3,9,4,,,
18760,2025-01-22,2573,49,6,12,,383.85,200003.7
18762,2025-02-05,798,51,2,1,,332.57,216892.65
18763,2025-05-27,743,43,5,3,1208.23,,30913.14
18764,2026-01-22,1551,63,15,2,1407.93,,234798.78
18767,2025-12-13,2502,60,6,12,916.76,60.12,
18769,2026-02-18,2881,3,8,4,957.31,122.83,
18770,2026-01-02,908,35,12,8,146.0,,7580.34
18771,2026-01-28,1125,71,9,9,,324.99,244171.43
18775,2025-03-21,2141,37,5,10,231.23,,43810.67
18778,,1205,65,6,10,955.51,237.19,38883.47
18779,2025-07-11,2868,97,15,8,1595.23,287.64,
18780,2025-09-23,135,59,1,3,1329.92,,130194.03
18785,2025-07-06,1144,76,9,10,1343.97,211.25,
18787,2025-09-05,1124,71,15,12,,444.03,
18788,2025-05-22,2686,34,7,8,486.33,73.67,
18789,2025-11-11,2997,3,5,1,,93.11,212787.32
18792,,783,50,5,7,725.63,172.53,87390.89
18793,2025-03-18,1542,26,1,2,1655.3,,151573.31
18794,2025-03-07,1356,1,12,5,,,214464.84
18796,2025-05-06,1014,3,10,1,1214.91,,236730.36
18797,2026-01-14,370,51,12,12,270.36,,40221.28
18798,2025-12-27,1384,68,1,6,1576.4,,138309.7
18800,2026-02-08,2938,11,3,12,1075.21,,
18801,2025-10-13,1880,9,13,12,,,29756.09
18802,,3625,22,12,8,,45.78,
18803,2025-12-11,1821,71,12,8,,336.24,69877.58
18807,,2132,50,4,4,,50.14,57644.74
18808,2025-07-03,2940,53,13,4,908.46,52.18,
18810,,204,60,3,10,,233.37,178915.05
18813,2025-07-07,2968,78,9,5,,,156976.66
18817,2025-10-02,2975,13,1,12,,248.42,206789.56
18820,2025-01-19,2080,64,3,7,800.77,,
18822,2025-02-24,2364,25,7,8,,67.16,196843.84
18823,2025-01-18,2905,56,11,1,,,234242.34
18826,2025-08-22,2621,36,12,5,,86.86,82567.19
18827,2025-05-14,1734,23,8,12,246.36,,38162.64
18828,2025-01-05,564,41,9,5,550.73,74.46,
18831,2025-06-05,1793,73,11,2,1453.91,,37030.33
18832,,687,58,14,4,,179.58,159126.97
18834,2025-12-31,1565,7,12,7,860.3,,87035.6
18836,2025-05-14,1102,66,9,8,356.36,47.64,
18838,2025-09-17,2644,28,5,10,695.59,,44913.42
18840,2025-02-11,2859,60,5,11,857.92,,71907.27
18844,2025-09-25,1614,25,12,5,,391.67,
18845,2025-01-20,677,72,10,12,1892.44,,57461.84
18846,,2627,51,9,2,,299.42,154429.74
18847,2025-07-22,2225,36,11,2,1063.21,200.4,
18849,2025-03-07,152,10,10,1,1198.75,,
18853,2025-01-19,660,11,9,11,441.22,,
18854,,641,44,9,4,,,224540.73
18856,2025-08-05,289,1,8,12,137.94,,19824.25
18861,2025-09-28,185,29,8,8,,159.0,45499.48
18862,2026-01-20,597,51,3,1,1820.52,,342798.44
18866,2025-09-21,40,37,11,12,,35.27,46330.02
18869,2025-09-23,2340,14,1,11,,92.49,23153.57
18870,2025-05-16,1712,16,7,12,,45.48,7060.35
18871,,1192,54,14,4,913.48,72.74,43150.09
18873,2025-12-27,2033,79,15,2,911.81,167.68,
18876,2026-05-01,1366,27,6,12,,249.19,
18878,2025-07-10,2730,41,5,3,,,3047.99
18879,2025-02-13,1996,33,9,6,196.19,,12989.18
18881,2025-10-17,1052,33,6,3,,91.26,78406.06
18883,2025-04-06,672,52,3,9,119.88,9.23,
18884,2025-03-20,802,54,3,6,,81.64,49677.73
18885,2026-02-02,2162,19,6,5,,19.04,7525.52
18886,2025-12-24,2986,63,12,5,930.32,,
18887,2025-05-05,58,68,3,6,1409.76,,258951.33
18888,2025-02-19,904,31,1,1,268.68,,
18889,2025-10-09,1258,59,15,10,1345.06,119.22,
18890,,1176,32,3,8,1926.23,294.51,231600.74
18898,2025-02-24,913,54,7,10,,267.79,142937.55
18900,2025-10-28,1468,78,11,10,,8.83,10467.37
18901,2026-01-26,1767,20,15,8,1896.93,292.92,
18904,,35,18,11,9,1140.24,105.46,194873.82
18905,2026-01-26,2554,61,14,5,,161.83,
18908,2025-04-02,1076,24,4,6,795.26,,134968.14
18909,,2596,61,12,5,1726.83,93.8,164295.28
18910,2025-12-24,2025,9,14,4,,117.9,46128.03
18911,2025-12-06,1680,34,3,1,,144.55,94178.67
18915,2025-11-17,77,64,2,5,,83.32,113127.59
18916,2025-04-09,889,57,1,6,,,347567.59
18917,2025-02-02,153,10,4,2,,343.78,
18919,,2207,58,8,1,119.92,17.76,2529.94
18920,2026-01-05,3771,43,8,11,,130.12,227599.76
18922,,2116,34,15,6,861.94,139.72,44426.33
18923,2025-11-08,2300,105,9,1,559.55,102.19,
18925,2025-09-29,1158,40,9,5,1216.24,187.03,
18927,2025-02-28,1998,59,6,3,1777.84,,207854.75
18931,2025-10-27,1984,5,6,4,,340.46,
18932,2025-12-27,979,29,14,9,744.49,,54083.15
18936,2025-04-29,2102,52,1,10,1458.72,,74895.22
18938,2025-06-27,1287,44,6,9,1033.74,135.19,
18939,,831,20,12,3,1185.28,,191266.44
18940,2025-12-28,1797,118,14,11,,194.9,146093.77
18941,,1749,47,3,12,1405.45,312.27,139284.45
18942,,1513,26,6,10,400.41,59.85,38661.03
18943,2025-10-09,1926,20,13,4,,126.64,
18944,2025-05-14,1362,10,2,7,211.88,,
18947,2025-04-24,2539,28,7,9,,22.22,5665.69
18949,2025-07-22,2789,69,15,9,540.47,,
18950,2025-11-21,2820,31,5,5,675.55,,
18951,2025-03-31,379,21,13,5,1815.17,270.93,
18953,2026-02-19,2828,68,11,3,,,67632.44
18954,2025-07-26,2851,56,14,11,765.08,,83231.75
18955,2025-05-23,3663,23,9,10,573.8,,54260.87
18958,,698,59,1,4,301.92,17.74,36297.31
18959,2025-04-22,1405,76,13,11,,,
18961,2026-01-01,2319,39,8,11,237.14,,25279.71
18962,2025-06-12,1345,15,5,2,1958.21,447.04,
18964,2025-08-10,2300,4,3,6,1549.12,,137154.21
18966,,360,53,8,1,1292.32,157.33,91723.26
18968,2025-06-15,1794,41,15,8,1011.66,,78161.14
18969,2025-07-25,541,25,6,4,249.25,,29366.91
18970,2025-11-14,2519,118,15,8,,388.92,112761.55
18971,,270,59,13,3,1111.18,185.36,196654.34
18972,2025-12-13,473,33,11,12,915.06,,123741.62
18975,2025-09-07,2282,48,6,9,159.08,,8139.17
18976,2025-01-01,2179,34,5,3,,,21726.21
18980,2025-11-20,1911,20,13,4,,260.28,60968.53
18981,2025-08-12,2700,72,9,10,,167.54,229781.06
18982,,959,10,10,11,997.45,233.87,148046.51
18983,2025-08-17,2447,50,5,8,1618.74,,284265.66
18984,,1536,9,4,6,271.19,48.55,23123.29
18988,2025-03-09,2961,5,1,11,,,
18990,2025-05-05,2709,34,14,12,613.63,,112866.87
18991,,2087,18,6,6,1941.22,427.15,209704.5
18995,2025-05-21,515,37,5,12,1200.26,141.06,
18996,2025-01-28,772,43,3,5,,38.68,10541.57
18998,2025-04-29,1268,53,7,9,1689.18,335.24,
19001,2025-01-21,2779,38,5,5,1206.25,197.95,
19004,2025-07-02,359,12,15,12,490.66,,45084.21
19008,2025-06-05,1776,3,12,4,213.95,19.01,
19009,2025-03-21,356,29,10,11,1896.97,2975.0,
19010,2025-06-24,475,37,3,6,1012.01,,
19012,,2423,69,1,12,1336.7,303.21,174644.18
19013,2026-01-03,936,8,4,2,,78.09,
19014,2026-02-06,369,2,10,7,1147.81,100.36,
19021,2025-09-23,2063,44,13,7,,,67578.13
19023,2025-07-15,983,68,9,12,,133.39,
19024,,1038,34,7,4,1337.83,182.95,253104.51
19025,2025-03-22,962,69,2,12,879.2,61.29,
19026,2025-03-26,128,78,6,3,,38.93,43415.4
19030,,428,60,6,1,794.88,55.33,54353.56
19032,2025-05-21,913,55,11,12,794.31,157.79,
19035,2025-10-10,2347,1,7,8,,375.78,227953.87
19039,2025-09-18,1791,31,13,5,373.92,64.06,
19040,,954,59,11,11,,67.16,24104.86
19042,2026-01-25,2725,41,9,6,590.67,,103550.5
19043,2025-10-03,79,9,4,2,438.73,,13543.49
19044,2025-05-02,2452,63,1,2,866.62,,149695.37
19045,2026-01-09,1400,67,1,5,1144.36,,227191.77
19046,2025-11-30,2904,2,8,10,,,139344.6
19047,2026-02-07,618,36,13,3,1755.27,,52884.32
19048,2025-01-29,1969,48,12,9,1040.33,,68004.32
19050,,892,20,12,7,691.4,40.36,89240.69
19051,2025-09-07,1787,57,8,10,0.0,125.45,
19052,2025-03-19,1200,94,5,11,,144.8,33991.07
19053,2025-12-25,2108,66,1,7,1637.63,,169661.3
19054,2025-11-11,2261,45,3,2,1718.38,,216306.7
19056,2026-02-17,867,35,1,12,1521.17,,
19057,2025-04-27,2960,59,6,4,,32.13,36305.58
19060,2025-10-14,2963,4,1,7,1141.72,,212170.77
19061,2025-02-15,1883,3,7,4,811.21,,88888.4
19064,2025-04-06,2163,63,14,9,1897.94,,223434.49
19065,2025-03-08,295,45,11,11,,45.64,19260.85
19069,2025-03-26,1346,41,14,1,,,22084.42
19070,2025-03-21,1672,61,7,1,,328.86,236461.15
19071,2025-02-02,1842,34,10,12,717.96,140.68,
19075,2025-12-26,1365,56,5,5,,147.39,81190.92
19080,2025-03-13,1321,69,15,8,972.66,126.51,
19083,2025-01-05,1405,41,5,8,,78.02,
19084,2025-12-11,1372,55,6,10,903.38,45.73,
19085,2025-07-19,1241,8,15,4,1573.94,303.75,
19087,2025-07-01,1237,29,15,5,679.09,132.05,
19089,2025-11-09,1777,46,7,9,1554.46,335.75,
19096,2026-02-04,1134,68,2,2,777.81,157.3,
19101,2025-06-04,2321,14,12,12,1975.38,,105964.42
19102,,1079,119,7,5,,282.78,186217.65
19107,2025-04-16,2045,15,5,3,444.58,,14090.87
19110,2026-01-27,1710,67,10,3,558.83,,58380.33
19112,2025-03-06,852,62,5,4,,28.78,
19118,2025-07-09,3523,15,12,1,,163.53,56025.61
19119,,52,69,5,4,1698.75,90.23,98798.9
19120,2026-01-19,1142,5,2,9,,36.61,48590.54
19121,2025-05-24,2755,44,14,3,,155.12,116836.91
19123,2025-06-09,2407,33,10,10,1823.37,,41694.02
19124,2025-01-02,1631,57,1,12,,83.33,
19126,2025-07-17,66,24,2,9,466.23,,54385.06
19127,2025-11-24,2127,73,6,5,,114.42,43980.08
19128,,2451,34,6,1,1450.02,177.56,203231.49
19130,2025-07-19,487,54,2,7,,,
19132,2025-07-11,1076,53,12,1,,412.78,187976.35
19134,2025-08-11,1073,69,15,4,778.59,,37189.08
19137,2025-06-27,2166,8,10,6,,238.88,196768.36
19138,2025-11-21,632,27,1,9,,86.28,189920.88
19139,2025-11-18,882,75,11,11,,40.19,8873.68
19140,,1164,68,9,7,1481.11,,263888.4
19141,2025-01-21,413,11,5,9,1485.21,345.95,
19142,2025-06-14,2693,64,1,3,1631.6,185.3,
19143,2025-05-19,307,76,3,11,206.02,,
19144,2025-08-05,345,40,5,9,230.76,,43711.3
19145,2026-03-01,2937,49,11,3,,234.78,121195.33
19146,2025-01-22,2225,69,10,6,,234.16,69514.68
19150,2025-11-22,1746,10,3,2,1024.03,1573.08,
19154,2025-12-18,173,60,15,4,,111.47,40400.89
19155,2026-01-02,1464,8,14,8,1256.51,281.97,
19156,2025-02-16,417,59,5,8,,73.65,
19157,2025-10-21,631,9,13,12,,,43891.8
19158,2025-06-13,2419,10,11,3,,225.89,186866.21
19160,2025-05-06,1740,45,12,5,,99.73,
19163,,1750,9,12,11,1883.74,224.17,277274.62
19164,2025-10-30,1274,54,2,8,,,44652.6
19167,,1205,1,8,5,1829.32,436.48,212565.39
19168,2025-10-04,2612,76,11,7,1754.97,275.34,
19169,,692,61,2,7,308.03,45.84,46560.96
19172,2025-06-21,293,22,11,11,1580.07,,120296.66
19176,2025-01-07,2301,70,5,7,,81.42,73163.23
19178,2025-11-17,1714,62,15,9,1751.77,,186338.71
19180,2025-06-08,2760,58,11,6,1269.58,,94220.57
19183,2025-02-09,2685,52,13,3,,131.87,31444.6
19184,2025-03-07,1471,55,15,5,491.74,,52918.42
19185,,1531,78,7,5,1822.73,337.47,
19188,,1147,80,6,3,1786.39,384.89,
19189,2025-12-07,1389,31,1,4,414.55,,69452.94
19190,,55,2,3,8,603.65,117.12,70298.86
19195,2025-02-01,1479,71,4,6,,116.98,98966.95
19196,,2639,53,7,1,,135.63,
19199,2025-03-13,1323,18,1,6,1710.68,,202406.14
19200,2025-06-10,2669,47,9,4,,297.34,245763.44
19201,2025-10-30,603,31,7,12,,,274831.88
19202,,669,60,13,9,1505.82,355.18,226742.79
19203,,431,65,13,8,978.14,,
19204,,1290,29,7,2,392.89,65.92,51117.27
19208,,106,24,9,4,,338.0,290390.43
19211,2025-10-21,2748,18,8,1,,,56531.8
19212,2025-07-07,452,29,3,4,1720.18,,206207.18
19213,2025-10-16,1948,22,5,7,623.62,,107500.27
19214,2025-01-15,1265,45,9,11,,180.7,79366.19
19217,2025-11-20,1834,38,3,7,1173.82,,164390.49
19218,,2424,34,2,6,977.9,1454.43,63487.98
19219,2025-05-15,2068,42,14,6,643.87,66.05,
19220,2025-07-20,2400,57,4,1,,350.91,201994.7
19221,2025-05-04,1758,58,5,10,,313.81,
19226,2025-04-12,2354,43,15,11,1214.97,,52071.5
19227,,253,34,14,6,708.66,57.36,
19228,2025-04-21,1869,39,5,3,624.57,128.67,
19229,,336,50,4,7,650.65,38.97,71624.36
19237,2025-07-18,2821,9,13,8,1644.8,377.33,
19238,2025-10-14,1,50,11,1,1399.52,156.74,
19248,2026-01-08,2200,61,12,6,814.49,,81374.3
19249,,2994,21,9,6,319.16,49.25,
19250,2025-08-14,924,34,2,11,,,281538.49
19251,2025-03-20,1570,33,14,9,473.65,59.94,
19253,2025-08-22,2741,44,6,11,1927.89,,49685.28
19254,2025-08-14,2417,4,2,11,1953.31,,232837.17
19258,2025-01-21,182,46,14,2,,259.75,237867.16
19261,2025-04-30,600,66,5,7,749.98,,116750.93
19263,2025-12-12,2167,34,12,12,,,86332.16
19270,,1599,35,12,1,,157.02,
19272,2025-09-06,199,112,5,3,,312.62,
19273,2025-10-19,560,77,5,7,1261.88,92.78,
19275,2025-11-24,2274,22,12,9,,121.43,34971.22
19276,2026-02-20,37,19,11,8,1021.52,,112796.67
19277,2025-09-28,21,70,11,8,742.5,,79948.79
19279,2025-07-11,1992,27,6,9,,,
19281,2025-03-22,2266,28,14,11,848.27,142.2,
19282,2025-09-28,2344,69,13,7,,222.36,231263.68
19283,,2843,48,6,3,1506.35,370.36,220468.46
19286,2025-01-28,2550,47,6,6,,216.75,60288.8
19288,2026-01-15,815,37,10,7,550.74,,
19290,2025-09-28,2618,17,4,7,878.98,187.02,
19291,2025-06-26,129,38,3,6,443.32,33.89,
19293,2025-04-27,2892,48,12,6,,,
19295,2025-07-27,1319,71,1,10,1526.46,77.56,
19298,2025-01-13,2593,14,11,6,,212.54,181677.4
19300,2025-12-13,980,43,10,6,,148.19,332415.65
19301,2026-01-17,1371,26,4,8,1637.11,205.43,
19305,2026-01-05,1132,60,15,6,,57.8,
19311,2025-08-30,1913,71,1,9,286.2,14.65,
19313,2025-02-26,1276,2,3,6,1026.91,184.9,
19316,2025-02-05,827,76,8,11,-1235.62,,127996.99
19317,2025-07-16,1302,61,14,6,310.88,67.49,
19318,2025-06-05,164,71,14,11,,292.86,104916.12
19321,2025-10-25,1878,25,2,3,855.95,,74807.16
19324,,2427,48,5,12,314.77,62.5,37312.86
19325,2025-03-08,862,52,6,2,736.78,107.37,
19326,2025-11-16,1259,50,11,1,965.11,,149105.2
19329,2025-04-09,2980,37,5,10,879.41,,171436.87
19333,,1836,30,7,10,1827.04,227.05,335469.32
19334,2025-02-27,2665,7,9,2,,3353.24,
19335,2026-01-25,300,15,14,3,,204.9,87514.53
19337,2025-03-19,247,30,13,6,1190.98,,112503.94
19338,2026-01-14,1920,71,5,2,1688.57,,239517.25
19339,2025-04-11,2479,12,14,12,1298.82,,68180.09
19341,,2046,39,4,9,282.35,46.77,22934.08
19345,2025-01-09,1460,49,15,2,,139.66,106950.18
19347,,1997,114,5,5,1056.33,251.5,137013.69
19348,2025-08-06,304,33,6,12,,91.21,24364.01
19349,2025-11-04,115,23,12,2,,343.19,316084.78
19350,,214,67,11,11,1664.65,405.7,250090.83
19355,2025-04-14,2186,9,1,4,1748.42,,224618.9
19356,2025-01-31,2158,79,10,10,275.9,34.63,
19358,2025-10-04,577,21,13,11,363.71,21.55,
19359,2025-05-29,304,29,13,9,,,19368.46
19360,2025-12-24,1315,38,11,6,,12.55,3844.25
19361,2026-02-12,1701,32,11,7,,139.65,277802.54
19365,2025-09-27,848,35,6,12,,,
19367,2025-12-04,365,66,14,2,1664.16,311.07,
19368,2025-01-03,1928,17,4,3,787.57,104.98,
19369,2025-03-03,898,17,14,9,,40.45,
19371,2025-10-20,1098,35,10,9,,215.21,116506.41
19373,2025-07-13,2664,14,12,10,,,
19375,2026-01-26,1756,14,11,12,,52.27,44344.28
19376,2026-01-28,1924,6,3,7,1884.88,,
19380,2026-02-18,1050,56,15,11,964.86,51.51,
19383,2025-09-08,2982,21,5,7,1503.81,147.69,
19385,2025-05-19,774,6,11,3,1256.01,,195998.8
19386,,231,14,13,10,548.48,120.2,37932.05
19393,,2948,41,1,1,443.97,50.44,79680.73
19396,,550,53,15,4,433.44,30.79,36466.76
19397,2025-09-01,2938,43,13,4,,72.11,111504.42
19398,2025-02-24,896,76,6,2,,126.49,62095.17
19399,2026-01-30,107,21,15,11,,141.6,106522.16
19406,2025-12-03,839,16,9,8,448.16,93.4,
19408,,2006,24,13,8,1181.66,,
19409,2025-12-29,2936,19,7,9,,,132960.68
19411,2025-01-23,1852,79,15,11,403.17,,19258.58
19412,2025-07-11,130,1,11,11,1270.19,,237595.26
19413,,520,50,4,12,1705.49,338.39,340288.87
19414,2025-11-24,959,62,10,12,,158.69,77548.22
19415,2025-10-13,289,28,1,7,,,245978.63
19416,,3825,39,3,2,260.61,,49921.61
19419,,2884,35,4,10,1481.55,,80216.45
19424,2025-11-10,2266,46,10,10,,16.47,21112.68
19425,,130,50,5,6,796.11,76.66,23567.28
19427,2026-01-19,287,7,14,3,1433.95,,
19428,,3797,15,2,2,1482.13,141.6,135211.15
19429,2025-11-30,3844,35,10,9,625.42,,94591.91
19430,2025-10-23,770,29,15,6,774.74,129.69,
19431,2025-06-22,451,62,3,12,1614.9,,
19437,2025-08-08,2444,58,14,3,1451.74,169.71,
19438,2025-01-13,660,9,4,1,,49.27,58550.92
19444,2025-08-15,547,44,14,9,586.82,,84104.54
19445,2025-07-20,2948,49,5,8,1955.34,,332305.71
19446,2025-11-03,1806,60,1,2,1359.32,,109763.69
19448,2025-12-09,158,18,1,2,794.72,149.1,
19450,,1913,12,12,8,1104.18,55.78,22364.04
19452,2025-05-09,2349,48,4,4,,,216220.35
19453,2025-10-31,1997,20,7,2,,86.79,33476.0
19454,,416,52,4,8,518.01,52.18,31812.94
19455,2025-11-17,824,38,2,3,1109.9,73.82,
19459,2025-05-06,2550,46,4,4,,,
19460,2025-10-20,1470,73,10,11,1646.35,,272232.46
19461,2026-02-01,496,61,5,6,926.72,,27040.51
19462,2025-12-10,1651,55,11,2,630.6,85.52,
19463,2025-06-24,2383,45,9,2,1108.81,165.41,
19466,2026-01-06,1852,47,2,6,825.22,,137794.44
19468,2025-11-04,1336,31,8,11,979.07,215.93,
19470,2026-01-15,395,37,11,3,816.29,,91114.82
19471,2025-11-25,2276,11,1,6,1558.28,,
19473,2025-11-05,65,27,6,3,,235.15,92693.85
19474,,2761,27,1,12,1296.76,314.17,147963.65
19475,2025-05-19,2626,21,3,9,63.07,,
19476,2025-11-06,638,14,14,2,,70.33,
19477,2025-09-04,2379,55,11,3,,95.62,
19478,2025-10-18,3778,14,2,10,1494.83,201.54,
19479,2026-02-02,992,27,9,1,,225.47,
19480,2025-09-19,1946,26,14,11,,157.63,46496.66
19481,2025-12-23,1658,29,9,1,,196.21,93586.38
19482,2025-07-12,2008,63,6,5,1533.97,,
19483,,906,6,15,10,,50.59,66329.71
19484,2025-12-06,551,6,5,12,,53.71,23119.25
19486,2026-01-13,1769,75,3,1,695.17,152.54,
19487,2025-04-18,301,11,11,7,,102.86,40298.46
19488,,2017,64,1,7,879.94,65.42,110805.68
19490,2025-10-14,350,23,5,4,,208.89,257102.02
19491,2025-11-04,2242,106,3,3,1773.35,419.87,
19493,2025-09-24,2239,48,9,2,,,76091.43
19496,2025-09-02,2995,37,7,11,1145.39,267.35,
19498,2025-09-09,315,32,14,1,1050.07,,170834.68
19502,2025-01-31,2129,53,6,11,,273.24,
19504,2025-08-08,2546,48,3,7,1053.97,263.35,
19507,2025-01-18,2030,74,8,3,1185.32,,60066.37
19508,2025-04-01,616,44,14,8,531.02,94.62,
19509,2025-11-08,84,51,10,8,,949.06,
19512,2026-02-16,2881,55,10,8,1597.6,367.78,
19513,,2811,63,7,11,1246.34,261.35,118704.99
19514,,2836,59,4,11,,,27602.16
19516,2025-12-11,2987,79,6,4,727.81,,25352.78
19521,,1806,50,7,11,1631.5,156.78,250549.93
19523,2025-06-08,901,36,6,6,1416.79,,138911.93
19524,,952,61,9,8,704.81,166.34,46226.15
19525,2025-03-29,1622,42,10,3,,189.7,29105.84
19526,2025-04-12,1197,45,5,1,1193.3,244.82,
19531,2025-01-04,2242,36,7,12,1028.07,205.13,
19532,,315,56,7,7,510.13,66.18,60508.99
19533,2025-05-21,3725,68,11,5,1060.62,174.0,
19534,,998,54,3,10,1224.03,197.17,117990.7
19539,2025-08-07,1841,38,9,2,712.11,,47514.49
19540,2025-04-18,1606,47,14,7,341.1,48.17,
19541,2026-01-31,1291,37,8,12,,23.57,27943.4
19542,,1852,45,7,6,,133.13,
19543,2025-02-03,2417,54,15,8,1275.46,76.44,
19546,,407,59,9,11,0.0,405.33,271407.21
19550,2025-07-21,771,6,15,2,,80.55,108689.46
19554,2025-03-11,2765,40,10,2,1809.07,,159761.44
19555,2025-05-07,1632,8,3,12,1637.32,158.51,
19556,2025-08-10,2804,62,2,5,1314.39,,188912.96
19557,2025-11-17,397,73,12,8,882.13,,25301.82
19558,2025-08-17,659,28,12,7,1919.36,,
19560,2025-05-30,2815,67,12,12,,112.23,61756.54
19561,2026-01-02,1294,72,3,3,1429.84,,147140.02
19562,2025-10-05,1727,11,9,5,1027.16,,
19563,2025-01-08,2881,26,5,6,1016.88,166.74,
19564,2025-01-10,2909,18,13,1,,354.52,264133.63
19566,2025-08-05,2844,21,14,10,1952.71,,
19567,2026-02-07,866,42,7,5,685.39,49.68,
19568,2025-02-17,1119,12,15,12,1793.33,102.78,
19570,2025-02-04,398,44,5,9,1213.5,148.74,
19571,2025-09-18,2461,25,6,2,,174.18,
19572,2025-07-14,3835,67,5,6,685.36,61.18,
19573,2025-12-07,1464,6,11,3,,112.78,
19574,2025-08-30,1833,7,6,1,,305.44,54634.9
19576,2026-01-24,2176,18,1,9,,146.51,
19577,2025-01-26,603,55,7,12,131.61,,15056.44
19580,2026-03-02,54,22,1,11,,131.3,162010.64
19581,2025-01-31,2582,51,8,6,354.39,79.39,
19582,2025-12-26,2576,56,2,7,,88.55,172356.72
19584,2025-03-19,2627,44,5,6,,,126965.65
19585,2025-09-18,2541,15,14,5,,94.91,182773.88
19586,2025-10-26,1659,80,10,2,,344.44,334651.36
19587,2025-08-06,751,31,7,1,,,
19589,2025-10-31,1492,63,11,9,,211.49,103618.25
19590,2025-12-08,1940,64,10,5,1408.36,,
19592,2025-12-19,947,10,14,10,,225.17,249182.68
19594,2025-04-06,1987,6,3,8,182.52,,11252.29
19596,2025-05-04,1891,13,2,7,,,229501.69
19597,2025-05-13,478,21,4,1,727.08,93.87,
19598,2026-02-13,2077,37,14,4,570.51,,20056.23
19601,2025-09-25,2292,52,13,9,665.34,,
19602,,2001,51,15,9,1286.86,84.85,89625.68
19603,2025-12-10,2205,74,13,11,431.63,,49757.05
19604,2025-11-19,3522,35,11,2,,2061.77,
19606,2025-01-15,401,64,10,8,,,
19608,,919,4,3,10,1625.1,349.7,
19612,2025-01-17,1125,2,1,3,,169.91,121012.95
19613,2025-04-11,2337,16,11,11,1154.62,,140811.04
19615,2025-05-20,835,33,5,3,,136.9,123262.48
19617,2025-08-02,2403,46,15,6,334.8,,
19619,2025-11-26,2563,76,14,8,1219.53,,80232.38
19624,2025-12-10,2520,67,1,4,,100.62,274953.34
19625,2026-01-23,106,64,7,7,500.72,,
19628,2025-03-29,1247,38,11,9,1528.16,,198190.94
19629,2025-12-30,571,14,9,4,,156.93,
19630,2025-10-05,2115,32,5,7,1352.81,,
19631,2025-12-13,1064,73,11,7,909.97,,41004.71
19632,,2050,17,7,7,1244.78,167.91,168567.8
19633,2025-04-04,1780,39,11,5,1933.39,,
19635,2025-11-16,2466,71,1,8,1441.3,336.46,
19636,2025-06-17,1118,10,15,12,1494.12,343.93,
19638,,318,75,3,5,720.14,60.93,82783.38
19641,2025-08-08,2494,77,8,10,1132.07,,213862.62
19644,,976,39,11,1,,255.97,183854.84
19645,2026-01-17,668,53,8,4,1688.5,,67460.03
19648,,2107,49,6,10,255.33,19.67,11944.68
19651,2025-03-02,2889,2,11,2,153.12,7.89,
19652,2025-01-18,2694,24,5,7,,320.72,45491.6
19657,2025-12-14,484,92,6,12,,,196058.12
19659,2025-04-30,781,27,9,1,1036.35,,196139.6
19660,,471,5,14,6,,6.16,7200.82
19661,2026-01-20,1200,42,4,12,,2507.85,278343.29
19662,2025-04-09,31,2,8,7,1452.05,130.56,
19667,,1147,27,1,5,1568.75,298.99,136648.87
19668,2025-08-31,2319,38,7,2,573.74,,74872.05
19669,,975,71,6,9,,,130059.68
19671,,990,50,10,2,1437.52,,216426.1
19676,2025-03-26,1871,28,10,6,834.69,125.66,
19678,,1635,64,5,10,1722.21,,226763.41
19679,2025-09-04,2226,72,13,11,1734.84,,223631.79
19680,2025-05-26,106,31,1,8,803.63,,29036.41
19683,2025-07-26,353,36,8,6,,,
19685,2025-09-15,2861,75,13,6,1835.75,,222700.5
19687,2026-01-05,2254,8,4,4,,33.64,8909.01
19688,2025-06-18,675,61,4,3,835.65,141.01,
19689,2025-03-14,2325,57,8,10,672.1,121.73,
19692,,107,72,15,3,891.8,,105472.02
19694,2025-11-29,907,42,4,9,,116.12,152892.63
19695,2025-06-22,2294,37,8,3,627.5,,
19696,2025-09-13,2179,57,13,1,1295.16,,34485.86
19697,2025-04-20,2662,64,7,10,,122.22,142239.57
19698,2026-01-13,2381,61,2,1,,26.57,
19699,2025-05-30,2701,76,1,5,,189.83,174019.62
19700,2025-08-09,2485,22,6,1,0.0,,99865.74
19701,2025-01-25,282,76,1,4,628.68,,90898.75
19703,2025-02-15,380,72,10,1,840.52,,44254.93
19705,2025-02-24,940,64,2,11,801.22,,28145.41
19706,2025-02-19,2219,25,7,5,,,131775.06
19707,2025-01-26,1135,1,5,8,,61.35,42339.22
19709,2025-06-21,2477,62,12,8,,196.29,80245.36
19712,2025-09-10,1714,47,3,1,292.27,,50904.14
19713,2025-10-21,488,37,2,8,,99.75,144300.64
19714,2025-09-21,1702,63,12,4,,62.0,
19715,2025-01-06,2940,48,7,1,1014.8,236.48,
19716,2025-11-29,2217,41,3,10,816.36,,
19717,,1065,31,6,2,1369.81,126.66,214841.51
19720,2026-01-14,482,57,14,8,,323.28,127253.25
19721,2025-11-19,709,69,9,3,,247.52,122944.94
19723,2025-03-28,2712,43,15,11,1171.94,,214881.92
19724,2025-06-17,2888,18,3,11,1106.12,156.32,
19726,2026-07-02,2138,11,7,3,1552.44,,155245.34
19727,2025-11-21,963,4,8,10,1865.22,186.78,
19729,2025-08-01,2848,64,3,7,-1754.5,,181003.12
19732,,1042,26,12,6,1308.97,205.96,
19733,2025-02-16,2430,4,2,11,675.25,,30377.31
19735,2025-10-21,2078,8,5,1,1454.53,316.11,
19737,2025-11-29,2438,63,12,5,1357.5,81.21,
19738,2026-01-14,1671,30,12,1,,305.29,45242.09
19739,2025-02-01,1148,69,9,5,1524.32,,150478.42
19741,2025-10-24,2150,38,7,2,1019.58,,197415.73
19742,2025-12-29,1969,36,5,11,698.54,,
19744,2026-02-18,432,4,2,3,,163.35,71971.62
19747,2025-02-11,851,62,10,7,739.27,,16917.65
19749,2025-12-14,2101,55,14,9,790.83,39.96,
19750,2025-09-02,1608,42,1,2,1916.75,,315481.2
19751,2025-02-11,1216,79,15,4,1365.83,286.28,
19753,2025-02-13,112,75,6,9,1957.15,245.83,
19759,2025-03-26,1604,117,11,9,1591.27,388.48,
19764,2025-11-28,2222,70,5,5,,321.87,272940.02
19769,2025-07-06,1767,2,1,3,,249.9,38046.96
19773,2025-12-22,247,48,8,11,201.8,,
19774,2025-08-11,2948,23,7,4,,,140394.68
19775,2025-06-17,498,14,4,11,658.79,96.69,
19777,2025-03-26,2653,52,15,10,,254.71,
19778,2025-12-05,437,8,2,9,729.68,,54801.54
19780,2025-05-03,2600,7,13,7,319.81,47.48,
19781,2025-06-12,2929,73,4,2,716.82,,
19782,2025-07-27,2963,79,9,1,785.19,79.18,
19784,2025-12-15,1552,75,10,6,1394.56,,93295.57
19786,2026-01-27,106,52,2,9,,50.5,
19789,2026-04-02,2040,76,12,6,,102.31,110157.18
19790,2025-02-10,442,11,2,8,,,45216.94
19791,2025-11-07,1578,15,8,7,204.65,36.7,
19792,2025-09-01,2885,11,6,6,,391.14,
19794,2025-09-01,2985,9,6,10,1539.49,,
19795,2025-10-18,451,3,11,12,,183.9,188826.09
19797,,1963,67,2,4,1472.82,287.59,80113.46
19799,2025-06-22,1456,77,3,12,,118.09,311039.23
19800,2025-06-07,811,70,8,11,,9.08,
19801,2025-01-26,1558,5,10,6,100.47,13.42,
19802,2025-02-08,2412,71,13,2,,,49436.85
19806,2025-11-08,1156,7,9,12,1469.29,,187307.56
19807,,488,13,9,5,,240.52,252948.27
19808,2025-08-24,811,35,3,7,,,147343.93
19810,2025-02-01,3697,9,14,10,391.47,55.39,
19812,2025-01-04,1302,105,6,11,,163.38,217609.27
19815,2026-02-02,217,65,8,9,750.21,,60661.91
19817,2025-03-31,2502,1,10,7,1764.59,329.48,
19818,2025-09-14,1714,69,12,11,,69.41,
19821,2025-01-03,505,56,7,6,,45.76,71704.81
19824,,1930,78,8,11,1183.3,163.14,39387.7
19825,2025-11-12,1219,71,6,6,410.07,,49326.98
19826,2025-07-03,958,25,13,11,1977.88,,130148.03
19827,2025-09-05,1475,19,9,6,1801.12,,
19828,,686,91,11,3,1483.12,348.43,89858.98
19829,,141,71,6,7,,,282078.49
19830,,2998,58,9,7,1416.95,219.01,223088.75
19834,2025-01-22,2120,52,5,4,,189.13,
19836,2025-08-09,1682,46,14,3,,310.48,58815.12
19840,2025-06-19,1020,31,13,3,,,69644.5
19842,2025-05-25,1005,25,13,11,,92.73,
19843,,803,19,4,2,961.72,103.87,83859.53
19845,,1712,14,10,1,1225.26,,100969.69
19847,2025-05-13,1233,25,2,4,453.86,,51469.86
19849,2025-01-20,116,22,4,1,639.12,,26820.47
19850,2025-08-23,1847,36,12,6,1741.25,403.41,
19854,2025-02-10,2533,59,7,5,,190.76,46505.42
19855,2025-05-23,2961,13,8,12,570.14,,77496.96
19856,2025-12-03,1362,43,9,1,1213.46,,218123.41
19857,,2180,34,12,1,1464.85,289.95,50146.85
19858,2025-05-12,1446,60,9,2,,148.53,96645.77
19861,2025-04-16,954,57,1,12,1441.42,,105253.8
19862,2025-07-18,730,37,5,1,616.83,83.04,
19863,,1066,79,11,10,52.89,,3175.4
19864,2025-02-22,1195,19,15,8,72.51,8.95,
19865,2025-10-28,2058,44,4,4,,53.64,
19868,2026-01-12,1061,94,8,3,,,64293.33
19869,2025-12-15,157,64,7,4,1838.7,,111487.5
19870,2025-11-13,824,13,9,11,,163.93,89332.56
19872,2025-07-15,233,58,3,5,,70.16,104859.69
19873,2025-10-17,482,73,9,10,1107.49,169.23,
19874,2025-04-21,403,39,3,10,-78.25,,
19875,2025-12-25,885,27,6,1,543.34,107.84,
19876,2025-04-20,928,25,12,1,,256.48,
19879,2025-05-03,1918,17,8,9,638.48,41.04,
19880,2025-04-09,1412,17,13,8,1712.11,403.01,
19882,2025-10-07,1359,4,11,7,,,15840.92
19883,2025-07-30,870,59,2,6,,35.94,20539.19
19885,2025-08-22,227,57,6,2,147.55,29.65,
19886,2025-06-09,160,2,9,4,1833.23,,43534.6
19888,2025-01-20,2196,65,1,1,1320.75,,
19889,2025-01-21,2498,50,6,6,378.83,89.9,
19891,2025-09-03,2424,11,12,3,319.91,,30377.37
19893,,1264,56,14,12,1512.01,164.38,246411.82
19894,2026-02-07,53,80,5,6,1917.99,,199704.99
19895,2025-07-22,2922,63,11,10,1648.04,343.89,
19896,,2524,31,4,3,1410.91,284.81,194767.84
19897,,971,24,15,1,1661.08,118.16,246849.08
19899,2026-02-01,823,14,3,1,1702.05,,293245.19
19900,2025-10-26,192,15,7,6,1313.4,,92622.19
19901,2025-12-06,2387,78,13,8,342.68,,33390.53
19903,2025-04-02,1246,32,2,5,995.53,,90422.8
19905,,45,26,2,11,112.59,,2790.24
19910,2025-02-21,1880,15,2,8,,407.56,72937.94
19911,2025-07-23,2950,31,12,3,690.83,108.04,
19913,2025-02-06,2864,21,4,9,,,38257.47
19914,2025-03-06,1160,30,8,9,1608.03,330.18,
19915,,2787,27,2,2,844.74,169.69,
19917,,1982,58,6,5,1619.55,288.14,225419.21
19918,2025-08-21,2142,67,10,10,,,43722.15
19921,,1156,48,12,4,656.46,104.38,37467.48
19923,2025-12-03,2129,34,12,4,76.28,,
19925,2026-01-31,1103,19,1,7,,90.49,74182.56
19926,2025-06-29,1058,79,5,4,824.51,,96587.98
19927,2025-05-26,1824,56,2,3,229.13,16.85,
19928,2025-03-07,1354,70,3,9,571.59,,89180.87
19929,2025-07-18,895,11,7,3,,11.52,4280.57
19934,2025-03-30,2995,3,15,1,1146.96,,85338.59
19935,,2723,57,15,11,137.39,21.57,9140.06
19936,2025-09-18,2145,79,11,8,852.04,,35470.5
19937,,558,8,3,8,1263.34,226.51,90273.2
19939,2025-04-18,364,39,6,8,523.02,42.29,
19940,2025-12-26,794,6,10,8,,296.87,38731.95
19941,2025-10-23,780,79,12,9,658.9,57.07,
19943,2025-10-21,1953,59,8,3,,106.32,160401.05
19949,2025-12-28,46,2,15,5,399.95,,63470.14
19950,2025-05-25,2771,34,12,6,,162.38,101716.41
19952,2025-09-04,327,31,13,4,,,15319.57
19953,2025-06-21,1950,49,14,4,,,85289.67
19955,2025-01-09,1961,11,8,3,349.43,,54672.62
19958,2025-09-06,1734,27,1,1,1557.31,,213751.83
19959,,1869,62,6,11,500.83,86.5,
19961,,1420,69,13,8,,313.55,
19962,2025-07-07,2250,57,7,5,1190.92,,
19963,2025-06-04,1862,45,7,9,290.83,,55912.46
19965,2025-09-06,2542,15,1,12,818.57,,104120.32
19967,2025-08-18,1130,15,9,11,251.34,61.96,
19968,2025-07-02,1930,28,11,12,1763.34,,
19969,,2657,31,13,5,406.29,42.38,44346.25
19971,,71,80,12,3,249.55,45.85,24425.51
19975,2026-01-07,104,64,13,1,475.21,79.91,
19976,2025-06-22,284,57,15,11,1095.19,272.9,
19977,2025-09-16,2808,23,2,8,1238.9,,39724.64
19978,2025-07-08,2354,17,8,7,,,137229.94
19980,2026-01-28,1495,80,4,3,403.2,,76538.2
19983,2025-03-01,2603,30,8,11,,289.17,
19984,2025-01-26,3764,66,15,12,,214.04,209375.78
19985,2025-03-16,173,117,2,8,1717.37,,210849.09
19987,,175,47,6,4,1299.05,104.12,254742.37
19989,2025-11-18,1493,40,10,7,,307.34,218523.7
19992,,417,29,7,1,1290.29,311.71,40299.78
19993,2025-06-05,1951,65,15,10,-1946.48,,312064.92
19995,2025-01-27,2214,36,5,10,699.18,,126418.01
19997,2025-10-14,2129,44,12,11,1908.9,451.67,
19998,2025-10-14,1554,6,15,12,1260.43,,217898.54
19999,2025-01-06,1804,46,15,12,1668.35,285.01,
20000,2025-01-19,1246,64,2,8,163.76,,19665.18
20007,2025-09-11,1215,58,3,8,1740.56,195.7,
20008,2025-09-03,2542,18,4,11,121.94,,18090.19
20010,2025-07-11,819,62,11,1,1938.53,,91934.23
20011,2025-10-22,1736,32,10,8,1770.65,,337442.71
20013,2025-06-30,524,5,4,1,,233.49,47341.44
20014,2025-05-02,2883,54,9,7,,63.68,86997.91
20016,2025-01-06,2011,61,8,9,1174.36,82.34,
20017,2025-04-05,821,57,4,4,,,152776.42
20018,,38,76,4,12,1721.71,,204148.62
20020,2026-02-02,2731,44,3,2,1969.16,148.63,
20021,,1576,22,11,5,576.86,112.74,101112.94
20025,2025-04-12,659,1,3,8,,137.27,81086.21
20028,,1696,58,8,7,1630.86,,202458.78
20031,,949,76,12,8,138.04,31.77,21149.19
20035,2025-09-03,1498,16,9,12,1285.39,176.44,
20038,,1102,78,13,9,257.1,39.9,13229.39
20040,2025-11-28,1618,29,4,5,1533.71,,214368.43
20044,,2695,73,9,6,118.05,20.3,18953.96
20045,2025-03-12,343,8,8,12,696.13,1240.8,
20050,2025-08-21,1812,33,8,1,147.63,,21487.3
20052,2025-11-25,1566,67,9,11,,34.27,
20054,,9,19,8,2,1983.66,146.71,121040.23
20056,2025-03-14,1696,36,13,5,,220.64,202445.92
20057,2025-12-05,960,44,15,4,,236.14,310375.67
20060,2025-08-19,2314,35,3,1,,161.36,
20062,2025-11-12,685,24,11,1,,84.39,93220.0
20064,,886,78,4,4,824.82,143.9,32620.78
20065,2025-02-04,690,5,4,11,,362.91,
20066,2025-12-21,100,24,11,7,1487.82,,187435.23
20067,2026-01-17,1095,3,6,10,1908.71,,147258.04
20068,2025-06-29,1317,22,13,1,1765.37,,
20069,2025-11-29,1276,38,4,7,,144.21,83409.71
20070,2025-12-17,2949,61,11,2,1321.31,207.8,
20071,2025-10-10,1715,42,9,5,818.23,189.82,
20072,2025-04-01,1759,92,9,1,,,
20073,2025-05-14,488,31,6,8,,68.09,49184.53
20074,2025-02-20,2576,44,15,7,,126.2,149153.08
20075,2025-01-20,2138,57,14,6,1383.9,267.16,
20077,2025-07-09,1033,58,1,11,1055.25,147.24,
20078,2025-11-29,2389,77,12,7,1797.96,,162381.42
20079,2025-06-09,1602,8,4,8,1778.78,,123615.28
20082,,2161,74,6,12,96.67,6.06,
20083,2025-10-14,3759,2,5,5,739.13,130.88,
20084,2025-08-12,603,26,8,1,355.47,,67261.68
20085,,2931,65,9,11,1342.39,,185003.94
20086,2025-06-20,1964,40,14,10,,28.48,26678.59
20087,2025-04-06,2696,75,7,5,722.33,170.89,
20088,,2968,53,14,6,1071.03,152.23,143113.76
20089,,8,58,11,9,947.28,,132030.34
20090,,1352,20,9,6,1225.64,146.74,
20091,2025-06-10,2757,25,9,6,547.4,126.52,
20094,2025-06-14,130,43,14,5,,101.05,120935.01
20095,2025-07-09,2595,40,11,6,884.55,69.36,
20096,,2070,75,13,1,770.25,187.51,140635.8
20097,2025-11-04,2120,29,13,6,888.31,94.44,
20098,2026-02-20,2292,19,11,10,349.01,53.51,
20099,2025-07-11,768,20,15,11,1193.29,,217880.15
20102,2025-04-03,284,44,13,6,,,
20103,2025-08-24,635,33,8,4,468.88,,
20106,2025-09-08,3751,39,10,4,822.02,,
20107,2025-04-21,2019,62,11,2,,152.75,136420.07
20109,,441,12,4,10,,,
20110,2025-04-14,80,18,11,4,,1617.3,164367.48
20114,2025-05-27,1405,40,1,7,328.36,61.85,
20116,,934,62,12,12,1623.52,156.03,
20117,,2511,2,4,5,678.42,36.63,44889.6
20118,2025-05-24,216,21,1,6,265.01,24.5,
20119,,2029,100,11,1,,244.59,39491.66
20121,,2962,62,2,10,1625.01,312.48,256151.49
20122,2026-01-05,2525,73,7,7,928.87,,69233.02
20124,,96,56,8,9,1429.39,298.31,79937.5
20126,,2590,77,10,9,903.19,225.12,100064.53
20128,2025-12-23,1961,37,10,7,1896.03,,56816.64
20129,,2268,20,13,6,1433.1,,53499.46
20134,2025-07-05,337,80,4,4,1540.17,261.37,
20139,2026-01-27,143,77,10,3,915.69,,128206.55
20140,2025-02-12,1116,41,11,10,457.8,,38191.63
20142,2025-03-24,75,31,11,11,1770.31,,40707.28
20145,2026-01-27,734,70,14,11,,,49081.09
20146,2026-02-13,1956,18,9,5,,239.58,79331.77
20147,2025-06-20,1138,45,5,11,,12.02,4026.96
20148,2025-05-29,2667,48,13,12,557.02,118.66,
20149,2025-11-24,398,33,2,10,137.58,11.14,
20150,2025-08-09,1131,69,14,8,297.35,,7554.03
20152,2025-12-19,116,39,13,2,703.01,,72426.87
20154,2025-12-06,2202,53,10,9,401.11,42.54,
20156,2025-09-06,2791,31,8,11,,190.54,17294.13
20157,,1139,23,3,11,1639.56,291.34,203272.39
20158,2025-02-21,1622,54,15,8,619.09,55.87,
20160,,2681,8,7,5,620.79,143.54,62538.02
20161,2025-06-15,95,56,13,9,1770.71,,239259.2
20165,,538,58,6,10,1874.89,303.72,148522.8
20172,2025-11-07,1165,5,7,7,1750.94,262.18,
20173,2026-01-19,1026,57,12,7,,55.61,131054.68
20177,2025-07-07,1350,19,6,12,362.02,,
20178,2025-01-24,551,23,14,2,1251.75,83.94,
20179,2026-02-14,843,6,5,9,,337.45,
20181,2025-06-15,2262,64,7,2,,91.23,
20183,2025-02-07,1605,63,7,5,600.83,96.71,
20188,2026-02-20,1493,17,3,11,,100.2,
20190,2025-01-20,2860,49,10,8,,171.43,204617.78
20194,2025-10-18,1859,63,5,7,,123.85,203743.65
20195,,207,58,13,8,1403.48,333.6,240047.4
20196,2025-07-08,307,47,12,1,816.3,,146952.47
20197,2025-07-20,1139,80,6,3,254.01,,13113.18
20199,2025-06-18,2523,27,8,5,,21.64,11870.48
20202,2025-08-21,1302,38,1,11,640.02,127.24,
20204,2025-05-07,133,24,5,10,,,64373.97
20205,2025-08-17,1194,14,2,4,1493.67,284.9,
20207,2025-08-05,2436,75,4,4,,99.3,10380.93
20209,2025-07-13,2961,45,1,4,,108.38,38942.96
20210,2025-11-26,484,65,8,2,1509.43,88.19,
20212,2025-09-02,1989,65,5,5,844.26,,138576.47
20215,2025-06-13,57,64,14,6,710.57,,44650.78
20216,2025-05-06,1127,49,9,1,1104.39,216.88,
20218,2025-01-17,2965,71,14,11,1318.92,111.77,
20220,2026-11-02,425,50,3,6,,42.72,92234.98
20221,2025-11-13,211,62,8,1,1688.31,,317416.55
20223,2025-06-09,354,16,13,8,503.57,107.23,
20228,,518,2,13,6,662.81,739.94,36408.25
20230,2025-10-27,641,37,7,6,955.99,,31985.4
20232,2025-12-17,2825,35,3,2,1447.26,285.02,
20234,2025-09-12,308,52,14,1,1937.22,219.01,
20235,2025-11-13,2068,51,10,4,,6.93,9647.57
20236,2025-01-01,1768,32,10,1,,,
20241,,1895,64,6,4,1583.58,,270407.17
20242,,556,50,9,12,1036.17,88.85,204588.44
20243,2026-01-29,2435,77,15,4,,120.53,23321.64
20247,2026-02-14,2704,61,6,7,875.33,70.41,
20248,2025-02-09,3543,42,6,10,190.62,,8318.72
20249,2025-03-26,881,73,7,6,,440.22,205105.96
20250,2025-07-25,978,64,15,9,119.16,,
20253,2025-07-15,2425,10,4,12,558.39,38.67,
20254,,1466,35,8,11,709.03,145.06,140756.23
20255,2025-12-24,1740,41,8,3,150.95,,24011.27
20256,2026-01-12,576,20,5,2,1530.86,307.42,
20257,,1279,39,6,4,749.66,122.03,148838.7
20260,2026-09-02,2948,2,14,12,-205.03,,37408.45
20262,,2819,33,5,2,1888.78,445.03,158934.89
20263,2025-08-30,1986,21,11,10,196.41,253.91,
20264,,605,78,11,3,,204.53,
20265,2025-08-05,1017,40,5,10,,114.79,96610.87
20267,,776,25,13,12,1879.63,251.14,
20270,2025-11-08,205,54,5,1,,79.93,149914.62
20274,,1160,48,10,7,762.42,101.62,104765.43
20276,2025-05-28,1778,47,15,1,108.05,14.24,
20278,2025-03-19,2164,13,13,4,,155.14,308481.72
20284,2025-05-19,1418,16,14,11,,200.48,110249.68
20285,,710,78,5,12,,168.0,
20287,2025-07-25,2804,18,9,11,,,64222.33
20289,,3609,58,5,8,75.88,17.59,
20291,2025-02-05,1817,73,6,9,178.99,35.46,
20292,2025-01-11,2763,3,9,1,577.93,,95163.72
20293,2025-07-17,716,21,9,5,949.75,231.53,
20294,2026-01-01,1695,21,3,7,,14.08,10906.22
20295,2025-10-05,529,45,4,9,344.14,,52931.03
20298,2025-09-12,534,54,12,4,1894.7,103.53,
20300,2025-04-28,512,19,2,5,280.79,,24325.35
20301,,1704,55,8,7,400.27,56.29,9733.72
20305,2025-01-01,1646,16,9,2,335.62,71.09,
20306,2025-03-18,1621,3,3,2,805.63,,99100.75
20307,2025-08-22,2707,21,4,6,918.92,,150679.6
20308,2025-06-11,2068,80,4,1,663.1,59.92,
20309,2025-06-17,641,27,8,7,1758.97,,147294.88
20310,2025-04-16,299,63,7,11,1639.81,394.58,
20311,2025-01-09,1474,49,10,6,357.66,,48937.46
20313,2025-03-23,3665,49,6,6,,233.88,85199.89
20315,2025-10-11,376,63,10,4,737.26,,62674.92
20319,2025-08-05,1898,14,6,9,1515.55,174.19,
20320,2025-01-27,1840,62,10,8,,37.98,
20321,2025-03-22,1514,51,1,7,1908.66,95.81,
20322,2025-04-09,142,50,9,10,685.73,,136991.9
20323,,1895,1,7,1,1481.41,292.22,92091.94
20325,,775,37,2,1,208.28,45.4,17411.72
20328,,2560,6,6,7,1892.75,379.51,268391.68
20331,2025-11-03,2556,74,5,4,,,76647.22
20333,2025-09-08,2403,77,5,2,234.06,,
20334,2025-09-12,2326,9,8,7,732.49,169.84,
20335,,2771,19,8,9,1345.74,,84713.3
20338,2025-02-22,2717,64,15,8,1725.5,,37773.57
20341,2025-08-10,1135,36,11,2,,403.34,237215.58
20343,2025-05-30,3559,63,8,4,342.69,,
20345,2026-01-07,2587,44,6,5,433.38,101.98,
20347,2025-01-09,2110,33,13,9,,148.16,148023.14
20348,,354,71,7,10,1324.22,287.11,96929.53
20349,2025-12-05,2301,28,5,10,356.27,,
20352,,146,12,11,9,,,
20353,,605,34,12,8,,251.13,207023.82
20354,2025-01-03,418,9,5,6,269.0,22.77,
20357,2025-08-16,236,52,14,8,,,104185.7
20359,,1095,54,8,7,278.87,63.48,
20360,2025-05-03,2683,19,5,12,899.07,,137607.13
20363,,2058,49,7,1,80.46,16.48,14169.75
20364,2025-02-04,2191,14,14,2,1135.39,,190896.78
20365,2025-11-22,431,42,5,1,-1647.38,411.09,
20367,,1327,14,5,7,,120.64,16920.6
20369,2026-02-05,829,66,15,5,,33.57,
20371,,2182,50,8,9,,115.21,71833.15
20376,,1067,8,11,6,1752.44,137.53,76898.37
20377,2025-04-05,985,11,15,4,783.45,,78484.43
20384,2025-12-28,1628,56,7,8,1201.84,235.37,
20386,2025-10-19,135,27,8,1,1281.63,101.12,
20387,2026-01-17,1977,10,11,6,,142.07,
20390,2025-06-19,1970,59,3,12,1302.35,,68477.75
20393,,253,44,10,7,1848.54,262.08,280624.26
20394,2026-01-27,2607,54,4,12,,73.03,77271.28
20395,2025-06-30,272,45,15,7,1922.83,,
20396,2026-02-12,1507,71,6,7,1347.14,260.46,
20397,2026-08-02,3535,58,13,8,426.1,,
20399,,46,72,9,12,265.43,63.34,16642.26
20402,2025-05-28,910,56,4,11,746.39,100.82,
20404,2025-10-17,1156,77,12,4,439.02,98.42,
20405,2026-02-18,997,63,15,1,737.66,111.61,
20409,,459,22,7,7,524.19,100.12,57132.84
20410,2025-06-17,2453,25,10,6,,32.3,9196.69
20412,2025-12-23,2324,49,8,6,,77.85,188141.58
20413,2025-05-13,1414,28,14,6,1074.8,,150358.86
20417,2025-10-03,2391,36,14,6,,1640.31,170399.62
20418,2026-01-16,1933,1,15,3,305.4,74.5,
20419,2025-05-19,783,57,10,8,236.0,,22354.7
20422,2026-03-02,312,58,12,6,613.94,119.39,
20423,2025-09-24,2557,42,14,3,1252.2,126.91,
20425,,2290,35,5,12,1925.39,317.44,
20427,2025-08-19,2718,39,5,12,1881.32,,260574.28
20428,2025-06-22,2785,43,1,3,642.78,84.03,
20429,2025-12-04,1119,22,15,10,382.46,95.28,
20430,2025-07-29,1085,52,14,7,1387.57,,223763.88
20432,2025-02-10,670,23,8,1,1775.87,,118528.12
20433,2025-04-12,354,4,7,6,,275.49,315852.48
20434,2025-06-11,1259,31,9,8,406.58,24.48,
20435,2025-01-25,748,37,13,4,1475.8,,131175.17
20436,2025-08-03,808,41,2,3,,,174796.87
20438,2025-03-20,1152,17,15,2,1494.9,276.48,
20442,2025-09-28,2822,55,2,9,1446.79,,39521.31
20443,,814,34,9,2,121.41,29.71,
20446,2025-05-17,468,20,14,11,1789.74,,202794.25
20447,2026-02-06,867,77,1,2,,272.78,192176.02
20452,2025-08-10,2298,4,11,11,167.01,27.31,
20453,,1395,57,5,12,1549.05,181.6,
20454,2025-07-06,659,55,2,2,,156.03,94233.47
20455,2026-01-19,1681,36,13,7,1360.11,,92845.52
20456,,816,18,4,8,,143.53,69182.83
20458,2025-12-06,1178,65,10,4,707.0,,131198.46
20460,,876,54,12,7,1445.79,142.34,147705.98
20462,2025-06-08,2720,28,1,4,,358.97,138732.75
20463,2025-01-11,150,23,6,5,,,
20464,,261,32,12,11,1616.98,211.07,113741.3
20466,2025-06-02,2491,23,8,8,1622.02,362.99,
20467,2025-06-08,881,18,14,12,0.0,,
20470,2025-07-13,2752,20,7,11,,27.1,33061.61
20471,2025-01-14,1542,47,15,5,1531.28,313.96,
20472,2025-01-12,2739,41,3,1,,329.05,274875.53
20473,2025-03-01,2897,37,12,3,1565.15,110.12,
20474,2025-12-27,2026,42,13,3,1763.05,,260549.23
20477,2025-05-09,362,43,11,10,,189.68,67540.54
20480,2025-10-05,1518,21,12,4,1650.04,,165729.65
20481,2025-06-19,1057,65,9,12,1574.86,131.48,
20482,2025-12-15,1685,40,15,2,134.52,,
20483,,1813,55,5,12,1847.24,,363136.56
20488,,2041,59,15,1,1659.84,98.59,211214.44
20489,2025-10-06,465,78,3,2,194.1,30.39,
20492,2025-11-13,756,16,13,7,1484.01,302.93,
20493,2025-11-17,1465,77,9,4,618.58,,97620.07
20494,2025-08-30,913,26,1,7,,,29278.2
20495,2025-09-17,1160,54,9,7,928.21,,72353.11
20497,2025-09-25,1273,79,2,4,1851.17,178.76,
20499,2025-01-02,843,46,15,6,,346.07,188782.61
20500,2025-08-19,1230,38,8,5,,283.98,126519.68
20502,,802,36,12,1,1574.63,,127537.61
20503,2025-12-31,1587,7,14,10,673.61,,105623.49
20505,2025-12-21,1113,64,8,9,,2981.51,193158.84
20507,2025-01-28,1324,12,11,12,229.27,,7120.59
20510,2025-11-22,1870,70,15,3,1234.04,,240377.45
20517,2025-02-27,810,42,12,10,719.7,90.79,
20518,2025-11-11,1791,4,10,11,,,118760.85
20519,,366,66,5,8,,67.83,132445.01
20520,2025-12-10,537,33,6,6,511.6,,25246.56
20521,2025-02-02,1816,21,12,1,186.57,16.32,
20522,2025-02-01,2561,70,12,6,600.67,,54444.46
20523,2025-04-02,472,31,10,7,,112.27,110588.06
20525,2025-08-29,1043,52,2,3,,66.34,
20526,2025-11-27,2538,35,5,4,104.06,21.43,
20529,2025-10-12,410,21,11,5,,,137480.96
20530,2025-03-05,417,54,9,11,522.58,,69462.94
20531,2025-09-10,1331,70,3,9,1632.36,,292824.6
20533,2025-01-28,669,53,9,8,468.8,,62305.35
20535,,964,14,12,9,1623.09,,108172.68
20539,,1213,23,10,2,,184.7,23576.95
20541,,610,26,6,10,1515.75,,130525.81
20542,2025-06-20,2590,25,14,11,431.94,,
20543,2025-11-21,294,27,11,6,1363.58,,52117.73
20545,2025-05-04,1242,8,14,4,1639.65,,
20546,2025-02-22,1640,36,15,5,1306.29,,
20547,,2546,65,14,7,1208.87,,213425.54
20548,,1904,17,5,4,266.12,36.18,8624.03
20549,,733,57,10,2,1125.5,260.06,
20551,2025-06-03,3884,79,6,1,,18.28,6515.87
20552,2025-01-26,2798,38,13,9,1751.74,265.31,
20553,2025-09-02,674,30,9,11,1325.92,232.8,
20555,2025-01-23,297,63,13,10,151.9,37.72,
20556,,2161,43,1,4,1147.43,,
20557,2025-07-28,2011,10,10,8,,,75988.25
20561,2025-05-03,368,10,1,4,684.11,123.52,
20562,2025-11-08,1269,46,2,2,,63.63,22212.66
20563,,1062,74,7,9,715.78,,63069.19
20565,2025-04-22,2938,19,8,2,1303.38,95.75,
20567,2025-12-13,1468,17,13,8,,329.52,244633.61
20572,,1632,28,1,11,392.92,61.88,69209.79
20574,2025-07-22,1033,71,8,12,,111.24,141696.09
20575,2025-02-04,2556,41,7,11,1299.72,202.87,
20576,,2839,49,5,4,443.17,674.26,
20578,,2302,56,6,6,732.4,108.98,40416.82
20579,2025-11-18,1592,6,2,4,,215.71,183240.75
20580,2025-06-11,2585,14,6,4,104.44,,5457.63
20586,2025-03-10,2310,51,7,6,763.03,98.85,
20587,2025-03-29,1231,52,9,10,1183.82,,145269.87
20588,2025-09-17,390,24,12,3,,97.72,
20593,2025-12-23,1451,52,13,4,1840.65,232.27,
20594,2025-02-25,2046,95,15,5,926.29,,
20595,2026-01-30,496,43,7,8,952.16,,171688.88
20596,2025-12-18,1239,78,6,6,1740.62,247.57,
20598,2025-02-08,317,9,3,3,1837.32,,
20600,,1616,50,9,9,1842.53,250.4,
20601,2025-07-17,1291,74,8,7,,73.38,195522.62
20602,2025-11-30,10,46,5,11,,23.81,7040.82
20609,2025-05-22,533,54,2,10,429.37,42.42,
20610,2025-07-08,621,59,2,9,663.65,101.67,
20612,2025-10-31,298,48,7,4,1235.5,,52132.63
20613,2025-01-20,2272,40,11,6,,101.72,90205.36
20614,2025-04-29,2926,64,6,3,268.04,,7200.74
20615,2026-01-11,1297,77,6,1,1427.89,,183004.19
20617,,312,64,1,7,486.18,32.43,38437.82
20618,,422,29,14,6,1358.59,149.21,77483.1
20620,2025-03-29,1359,14,5,8,,79.33,50453.61
20621,2025-02-09,2404,25,14,2,,195.73,39140.66
20623,2025-08-17,74,80,12,1,318.39,,9867.42
20624,2025-12-15,2197,38,7,5,629.02,,
20625,2025-04-12,730,20,10,11,,113.46,30782.67
20626,,1275,47,9,7,,51.96,14458.43
20628,2025-06-22,295,33,14,10,,,268461.55
20630,2026-01-08,1297,11,2,5,,95.51,51487.02
20631,2025-03-28,397,18,1,9,1918.59,,371187.27
20633,2026-01-04,756,5,9,2,1018.88,,125565.55
20635,2025-06-22,1344,6,1,1,437.95,,9497.48
20636,2025-12-17,2885,23,2,11,,117.13,50911.36
20638,2025-08-31,504,58,6,3,78.3,,5362.18
20642,2025-09-14,1637,26,6,8,,,84599.68
20643,2026-02-12,1910,14,6,7,1825.61,,
20644,2025-02-24,1627,29,6,2,1815.83,,341599.3
20645,2025-09-15,550,79,15,4,1854.64,249.56,
20647,2025-04-15,1892,42,9,1,,,273787.32
20651,2025-10-24,2924,7,8,10,1698.3,,224027.39
20652,2025-07-17,1439,50,10,8,,,48445.01
20653,2025-04-24,845,40,6,7,1867.61,426.28,
20654,2025-03-26,2632,33,1,2,,48.84,89865.09
20657,2025-08-20,1223,46,11,2,164.06,,
20658,2025-04-13,2999,47,7,7,809.25,105.02,
20659,,2872,54,12,3,1882.75,404.83,288723.42
20660,2025-01-31,1770,71,13,11,,36.98,54318.22
20663,2025-03-22,1698,61,10,8,776.78,,
20665,,1683,14,12,11,294.72,46.16,
20667,2025-04-18,2605,80,1,7,1130.57,,151324.27
20669,2025-05-11,1725,21,8,6,,109.42,
20670,,845,57,13,7,307.65,40.67,28074.53
20672,2025-10-18,2537,78,6,4,,106.92,
20673,,1296,52,15,11,1753.98,,138943.0
20674,2025-07-03,1740,25,6,2,,,
20677,2025-08-14,2105,23,7,2,482.17,,60731.98
20678,2025-06-15,157,74,11,11,1529.71,160.21,
20679,2025-03-16,1958,34,2,11,1562.58,,192787.41
20680,2025-12-12,1637,34,13,12,106.61,6.85,
20681,2025-08-19,2104,75,2,3,,32.13,16226.44
20683,2025-05-27,254,6,10,10,1995.71,,236384.3
20685,2025-10-26,2771,23,6,9,,155.95,
20690,2026-02-12,2812,39,3,4,432.38,,70838.99
20693,2025-11-02,525,53,15,1,,175.83,162020.8
20696,2025-07-25,1488,80,15,9,146.19,,18317.81
20697,,2625,74,2,9,,217.8,39144.03
20699,2025-12-25,1150,66,12,4,1268.03,,160055.39
20700,2025-05-10,1485,17,2,10,,,19223.28
20702,,2064,61,6,2,1405.37,331.76,38311.63
20703,2025-06-07,2699,53,7,6,,285.42,64471.2
20704,2025-10-13,150,6,8,1,,67.13,25340.77
20707,2025-11-19,1045,1,3,4,,196.02,59280.59
20708,2025-03-19,1435,51,12,3,,155.28,54871.03
20711,2025-09-18,312,23,6,8,,411.5,244209.69
20713,2025-11-18,2750,55,14,8,1624.62,251.85,
20716,2025-05-23,1241,33,2,3,,,167555.75
20717,2026-01-03,392,48,2,6,215.92,14.34,
20720,,2039,59,10,3,315.15,50.6,
20721,2025-03-29,1841,52,4,12,653.9,43.92,
20722,,683,15,7,1,854.59,208.31,87411.85
20724,2025-08-24,781,78,9,6,,292.81,121306.4
20727,2025-01-11,228,34,9,8,,,96053.73
20728,,139,2,5,10,,173.06,176322.6
20729,2025-11-23,1298,28,5,1,1189.16,,55485.3
20730,,555,54,1,10,811.45,144.49,98856.36
20732,2025-05-20,1732,44,2,4,,102.64,
20733,2025-10-12,2326,55,7,1,653.76,116.32,
20734,2025-08-27,1933,68,1,10,,,48472.5
20737,2025-07-09,707,74,7,1,,,161461.37
20738,2026-01-18,1388,16,2,2,,33.3,73940.65
20741,2025-05-05,2585,19,12,6,684.54,134.56,
20742,2025-01-11,860,19,10,11,173.33,8.82,
20743,2025-08-08,1552,70,6,11,,,82645.17
20746,2025-12-02,96,79,11,1,,,23954.11
20747,2025-09-12,1796,29,12,3,,42.44,
20748,2025-12-07,2952,42,5,2,1514.2,218.77,
20749,2025-09-01,1836,66,8,11,1540.82,84.55,
20750,,1831,12,14,12,1213.42,75.06,157613.43
20754,2025-08-27,2370,5,1,9,,253.39,
20757,,2083,58,14,1,1541.31,119.16,70717.25
20758,,2610,20,8,3,1108.95,,202876.86
20759,,611,1,12,3,1259.85,175.53,155219.34
20760,,2083,11,3,11,1716.73,183.85,108044.22
20764,2025-12-14,1115,15,12,12,1353.33,,140135.54
20765,2025-05-08,451,64,6,1,,,11129.69
20769,2025-01-28,2813,15,9,6,1436.14,,72306.72
20770,2025-06-02,2952,50,8,8,,65.84,51219.77
20771,2025-05-13,2396,69,11,10,259.65,19.83,
20772,2026-01-06,1094,73,12,2,1453.04,282.33,
20773,2025-06-15,562,50,1,6,,128.25,54661.49
20775,,1540,78,3,1,1682.96,259.15,39005.17
20777,2025-10-12,2105,26,15,9,146.62,25.27,
20778,,1793,51,11,3,399.42,84.0,21752.07
20779,2025-03-15,2467,74,4,1,1313.13,,213301.17
20780,,2441,38,11,5,205.9,20.11,28826.53
20781,2025-02-22,2502,10,15,10,1807.88,,217342.13
20782,2025-03-11,901,37,9,1,,46.29,78798.26
20783,2025-11-11,1078,64,3,11,,167.98,34406.95
20784,,1477,19,6,8,,397.4,233095.88
20785,2025-09-08,296,73,7,9,,26.18,48700.94
20786,2025-07-29,3566,49,15,7,1716.37,406.67,
20788,2025-11-15,1954,70,2,3,,58.28,
20789,2025-06-27,1080,46,8,8,778.3,92.34,
20790,,2414,54,8,1,256.4,61.52,17844.45
20791,,2766,58,7,5,1957.45,199.56,118335.89
20794,2026-02-12,188,49,4,4,1834.23,156.14,
20796,2025-07-17,2249,4,10,1,,35.18,5905.63
20797,2025-04-02,243,65,4,5,1852.3,,76421.87
20798,2025-04-02,1729,58,11,10,,,79391.03
20799,2026-01-16,1082,58,10,10,1920.7,,
20800,2025-09-12,120,8,14,8,1445.82,,215728.69
20802,2025-11-23,1310,1,3,4,,,223651.47
20803,2025-09-06,1480,38,9,3,1950.94,,40792.04
20804,2025-02-03,1073,61,8,1,114.53,,21432.95
20805,2025-08-15,2594,59,6,1,1953.33,162.44,
20806,,2012,9,3,6,1149.43,180.17,120569.83
20807,2025-01-07,1465,36,2,8,1785.33,,91361.46
20808,2025-06-08,3804,73,5,11,,76.94,
20810,2025-04-10,1759,26,7,2,,,68333.07
20811,2026-02-01,2497,55,7,6,,196.85,
20812,2025-07-28,2269,40,4,10,483.55,,49107.02
20813,2025-06-22,1701,67,10,2,,,281483.49
20814,,1690,41,14,11,1343.59,132.84,167775.27
20815,2025-12-21,2428,4,10,9,1445.66,,99206.1
20816,2026-02-08,1035,30,9,8,1069.39,224.79,
20818,2025-12-06,2341,56,4,8,,,118835.11
20820,,967,9,5,10,1188.1,113.38,42018.2
20821,,854,45,5,11,506.35,72.21,11631.68
20822,2025-05-12,3613,39,1,4,888.58,69.56,
20823,2025-01-25,419,20,9,3,701.0,,
20829,,1281,12,15,8,961.77,,88516.33
20831,2025-08-06,517,80,8,10,,,156178.85
20834,,2940,79,12,9,897.78,220.23,93869.97
20835,2025-01-31,743,69,5,11,1016.17,,142458.46
20841,,1380,59,4,4,1771.86,,220885.37
20842,2025-02-15,2138,51,8,7,221.01,36.53,
20846,,349,39,7,8,635.8,,16849.96
20847,2025-03-10,163,67,15,7,,453.38,42826.54
20849,2025-10-13,1355,68,5,11,199.72,,16828.4
20850,2025-05-16,695,64,11,6,,68.19,50596.82
20851,2025-02-03,890,7,12,1,797.27,110.26,
20852,2025-10-04,795,18,3,1,,48.77,
20853,,3769,64,14,6,1538.18,94.1,298487.31
20855,2025-04-19,1698,48,10,5,,96.79,272765.83
20861,,1386,13,5,9,1826.48,,280620.51
20863,2025-11-26,3767,56,12,9,,138.93,55348.18
20864,,557,16,8,7,459.74,,
20865,2025-11-07,2504,78,1,9,638.8,85.09,
20866,2025-04-16,1037,26,7,4,,,
20867,2025-11-23,2224,78,1,8,683.49,,106648.66
20868,2025-04-28,2695,22,4,6,,229.72,57693.27
20869,2026-01-12,2607,45,6,12,,,35822.18
20870,,2067,7,15,10,834.51,,135817.55
20871,2025-10-02,3561,48,1,4,,56.33,
20872,2025-07-10,425,27,1,7,629.75,,
20873,2025-05-06,1520,56,15,12,210.06,39.34,
20874,2026-02-17,1475,12,6,5,964.02,,114382.94
20879,2025-11-15,1313,27,10,11,245.95,,
20881,2025-07-01,100,42,1,2,,126.64,176874.29
20883,2026-01-24,399,30,9,7,325.63,,47368.61
20889,,2813,56,7,3,,140.66,148555.68
20891,2025-09-27,89,17,8,7,1069.92,222.32,
20892,,530,75,3,6,,155.19,161395.94
20895,2026-02-06,2451,32,7,5,,210.53,140648.88
20897,2025-02-05,1441,43,12,3,1517.57,,282396.16
20898,2025-07-13,1833,59,15,4,,152.05,227490.19
20904,2025-02-28,2203,32,9,5,,10.22,6931.11
20905,2025-12-18,1806,37,2,2,800.94,151.23,
20906,2025-12-30,593,4,8,10,964.61,202.15,
20911,2025-07-28,182,70,11,12,,277.7,65827.48
20912,2025-06-16,469,25,6,7,193.12,25.58,
20913,2025-03-29,37,40,11,4,330.54,,29498.63
20915,2025-11-13,2609,48,8,10,1989.61,,188013.64
20917,2025-09-09,990,4,9,8,0.0,112.9,
20918,2026-01-19,2552,13,2,9,,33.41,27608.33
20920,2025-01-24,356,28,9,11,175.08,,3925.47
20921,2025-04-21,2114,55,9,7,1874.12,209.76,
20925,2025-01-08,2733,17,13,4,1957.57,,244970.32
20927,,2164,67,1,7,1090.46,62.54,
20930,2025-07-11,176,71,1,8,122.95,7.32,
20932,2025-07-31,1271,22,8,5,336.15,,53435.75
20936,2025-03-08,1624,25,1,3,1219.07,77.71,
20937,,868,13,13,12,,,45955.95
20941,,2921,45,4,12,,224.68,290445.78
20943,2026-11-02,2269,5,4,12,1285.22,,51140.3
20944,2025-03-29,855,24,6,3,,139.57,
20947,2025-10-17,1682,61,4,6,1805.77,,
20948,2025-07-08,1527,33,3,3,,161.38,72364.53
20951,2025-02-28,1092,64,4,7,,126.55,
20952,2025-07-20,574,69,13,8,485.45,,47558.5
20957,2025-08-17,2924,44,13,1,,260.27,261985.37
20958,2025-11-08,2425,80,11,4,1232.48,150.54,
20959,2025-09-22,2287,15,15,6,1964.59,,375466.52
20960,,896,42,9,1,557.89,111.8,58753.66
20961,2025-12-22,460,18,14,4,1291.09,,188017.71
20963,2025-11-20,32,16,7,9,,126.53,171084.85
20964,,814,75,3,10,328.22,,44060.86
20965,2025-03-10,1896,96,8,7,,144.02,
20967,2025-03-03,2934,12,8,1,490.2,85.07,
20969,2025-08-21,2893,31,7,7,,,
20972,2026-01-27,2561,62,10,10,,,62007.74
20974,2025-10-09,654,6,8,2,1070.7,,
20975,2025-06-19,2943,66,13,8,1657.08,300.01,
20976,2025-09-13,1134,26,6,2,,102.41,85230.44
20978,2025-12-10,55,2,6,9,503.33,27.39,
20980,2026-02-19,1356,31,8,3,,183.19,
20983,,2130,16,1,11,977.21,194.61,171844.07
20984,2025-05-19,516,72,13,10,1697.79,104.26,
20986,2025-01-18,830,2,11,7,662.17,102.49,
20987,,83,58,14,9,,13.93,5030.98
20988,2025-07-19,1958,78,4,8,,146.71,107382.52
20991,2025-03-03,2644,18,13,3,,21.48,
20992,2025-09-25,758,25,5,5,1709.76,,111485.58
20993,2025-02-23,1794,31,5,6,,28.36,8625.88
20994,2025-03-28,59,64,4,5,,,
20996,2026-01-21,2285,73,14,11,1145.94,190.32,
20997,2025-08-15,103,51,11,5,1930.73,443.49,
20998,2025-08-04,2624,43,10,3,428.78,,30294.48
20999,2026-02-01,2491,55,13,8,1519.5,303.22,
21000,2025-11-28,279,63,1,1,,133.57,56516.15
21001,2025-03-11,923,77,15,4,,72.7,
21004,2026-01-31,2346,60,12,1,,42.79,13202.13
21008,2025-06-12,318,67,7,8,,242.7,277946.89
21013,2025-06-28,705,33,5,4,909.56,1498.6,
21015,2025-01-18,2484,31,5,12,1905.61,,220379.97
21017,2025-05-21,2423,19,9,3,,81.85,
21018,2025-01-28,1139,79,11,2,,192.27,
21019,2025-10-13,261,15,15,6,1357.49,,226211.06
21021,2026-01-01,150,41,7,11,688.35,,
21022,2025-08-19,2883,31,3,10,1549.08,111.4,
21025,2025-11-11,371,62,6,8,634.05,,14835.76
21028,2026-02-17,81,74,11,2,1058.1,183.49,
21029,2025-03-29,2583,63,4,4,,247.9,272183.24
21030,2026-02-10,1441,44,2,3,606.51,,106132.63
21031,2025-02-12,2893,55,8,12,1797.06,,358147.76
21032,,879,67,6,5,1713.94,294.66,64740.13
21036,2025-06-10,1226,10,9,6,711.72,95.64,
21038,2025-10-06,2389,61,6,7,,1924.18,127722.08
21039,,2756,20,4,4,1291.16,70.7,214353.73
21040,2025-09-12,1513,69,15,9,182.38,,
21041,2026-02-12,2767,72,10,4,173.91,9.89,
21044,2025-08-26,632,59,8,9,1746.45,,51187.91
21045,2025-11-21,2049,41,13,2,937.33,190.17,
21046,2025-11-19,818,62,9,8,1772.26,,
21050,2026-05-01,1514,44,2,12,,2725.83,
21053,2025-03-29,136,29,8,2,514.47,48.52,
21054,2025-01-31,2944,36,5,6,217.65,,26613.07
21055,2025-08-10,1405,53,5,3,479.38,44.26,
21056,2026-01-24,2806,10,2,11,1141.2,,223127.64
21057,2025-03-25,757,5,5,8,1084.92,70.52,
21059,2025-08-11,1601,26,12,4,680.03,48.39,
21060,2025-11-19,592,63,9,8,,,209859.37
21062,2025-10-15,2229,40,13,6,1481.5,,56967.51
21063,2025-05-09,444,46,4,10,,144.08,
21065,2025-10-12,1350,49,1,4,641.64,,
21070,2025-09-02,2614,77,7,4,1315.17,223.75,
21072,2025-01-15,2088,54,2,8,,,68142.39
21075,2025-10-11,420,40,11,1,,326.71,281684.96
21077,,2920,54,13,7,,207.17,84643.33
21083,2025-04-15,533,15,5,8,1365.5,132.15,
21085,2025-11-25,2042,9,2,5,,,94231.23
21086,2025-05-19,857,65,12,2,927.32,202.56,
21089,2025-11-17,2890,69,15,7,,26.13,12826.02
21091,2025-02-23,1976,75,4,4,1540.86,83.65,
21092,2026-02-12,270,42,7,9,,137.47,73903.9
21094,,2392,67,13,11,1362.32,,
21095,2025-12-10,1031,21,9,8,754.66,,41619.61
21096,2025-06-05,1884,63,8,6,1208.56,244.69,
21097,2025-09-04,1112,42,6,6,1844.78,,191004.43
21100,,1227,16,9,12,,74.28,
21103,2025-11-10,604,49,6,6,,114.1,66962.45
21104,,2069,79,11,10,703.79,143.28,
21105,2025-07-24,1076,67,10,3,,130.46,82888.62
21106,2025-12-25,2789,43,13,10,1020.42,72.39,
21108,,1676,75,12,6,305.66,27.72,16354.69
21110,2025-11-19,141,64,14,10,,398.2,345994.0
21114,2025-05-18,2760,39,14,11,,326.0,244325.42
21116,2025-02-12,2160,4,2,4,101.46,,5825.52
21117,2026-07-01,122,17,14,10,1887.71,378.64,
21118,2025-06-23,1133,69,2,10,452.66,35.73,
21122,2025-06-02,1651,41,12,11,625.36,,43438.68
21126,2025-10-15,2648,55,2,9,418.53,,24916.8
21127,2025-11-21,436,31,4,12,184.58,312.0,
21129,2025-04-03,1176,70,9,3,,252.78,66710.76
21130,2025-02-07,540,11,14,4,,,138976.63
21131,2025-12-09,458,23,13,11,1631.25,,191681.97
21132,2025-08-20,2918,19,2,9,1769.75,,326704.07
21136,2025-12-02,795,71,12,12,1729.03,,94133.53
21140,,784,14,8,11,594.58,53.14,114693.29
21141,2025-09-11,3886,74,7,4,,182.9,108191.62
21143,2025-02-01,836,19,13,10,,182.73,201151.04
21145,,2102,76,1,1,261.26,53.99,48302.82
21148,2025-02-07,2847,59,3,10,1941.96,108.02,
21150,,2490,75,12,4,432.35,59.36,37347.1
21151,2025-04-07,1788,41,6,8,1744.5,369.82,
21152,2025-10-09,1901,2,9,12,1623.61,,145680.98
21153,2025-08-13,2925,46,10,4,156.02,,24343.23
21155,,2603,29,3,4,898.99,166.87,
21157,2025-05-15,445,17,11,12,,204.84,183013.45
21162,2025-03-12,2940,7,3,9,1161.82,223.16,
21164,2025-05-07,2833,72,2,11,,87.76,
21167,2025-03-07,2063,44,14,2,,97.06,78002.82
21168,2025-04-05,2681,47,6,3,,270.2,141648.61
21169,2025-04-20,1245,34,9,11,747.28,,18976.21
21170,2025-12-19,104,73,6,5,342.39,,21970.65
21171,2025-05-28,2526,78,15,7,,382.02,49981.37
21174,2025-12-12,778,24,13,9,1249.37,,66811.94
21176,2025-02-05,2033,28,5,7,,108.64,
21177,2025-05-24,1433,74,11,3,,,39665.87
21179,,331,3,12,4,1707.5,353.05,161272.88
21180,,919,27,9,5,1072.16,246.87,21733.84
21181,2025-02-11,2081,7,7,12,,38.35,
21182,,935,24,14,8,352.46,53.72,57926.88
21183,2025-09-25,892,40,14,9,1102.36,,
21186,2025-07-07,160,64,3,9,857.72,112.02,
21188,2025-10-02,1112,13,4,6,1589.44,,85236.18
21189,2025-02-04,1026,12,9,10,,58.96,63610.48
21191,,2741,20,3,4,355.18,67.83,42175.34
21193,2025-06-25,158,4,9,6,,126.43,191144.22
21194,2025-04-26,1417,73,8,10,1795.0,,280935.83
21196,2025-11-01,1874,42,9,7,,11.52,
21201,,2710,18,6,5,130.97,,7458.97
21202,2025-05-17,1606,78,3,10,714.56,158.29,
21203,2025-10-28,2672,10,15,2,914.28,,157550.67
21204,2025-10-21,531,37,11,3,663.53,153.26,
21205,2025-08-03,2286,46,6,10,1072.47,89.24,
21207,2025-08-20,2897,2,7,10,853.25,95.83,
21208,2025-08-10,1896,31,10,3,747.87,,140437.88
21210,2025-12-17,349,32,3,5,,63.96,45203.77
21211,2025-04-20,1250,71,3,8,91.83,19.07,
21214,2025-05-31,1966,79,2,5,587.4,,98346.18
21215,2025-10-28,1303,14,10,10,,,105203.41
21217,2025-04-10,1924,50,9,9,907.57,85.99,
21218,2025-11-10,615,70,10,8,,26.75,10851.37
21219,2025-05-29,1616,14,4,2,187.14,,18664.74
21224,,1321,5,7,11,71.09,,7999.08
21227,2025-07-07,1093,15,6,3,,,64710.17
21232,2025-06-01,809,59,13,4,,71.51,
21233,2025-07-21,2324,27,14,3,,130.38,107147.43
21234,2025-08-09,1473,56,13,11,1504.11,357.41,
21236,2025-01-08,811,51,2,4,123.29,8.26,
21239,2025-07-14,783,29,11,2,1437.85,261.92,
21241,,582,23,2,3,1005.66,135.79,59527.66
21247,2025-04-15,2406,40,5,3,265.64,,36146.47
21249,2026-02-01,310,25,5,4,1310.42,94.68,
21250,2026-02-03,2573,61,8,4,,6.52,
21251,,105,5,9,8,1216.49,188.82,107625.02
21252,2025-10-26,434,12,11,2,384.64,72.58,
21255,2025-12-01,2842,10,14,8,1915.97,,109458.79
21258,2025-12-08,977,45,6,6,1002.82,129.15,
21259,,586,2,2,3,102.24,20.72,18956.38
21261,2025-10-02,163,63,13,12,,132.2,55334.96
21262,,2173,26,10,7,957.91,112.77,
21263,2026-01-03,2155,60,6,6,1929.16,321.77,
21264,2025-07-07,2970,101,2,7,,25.04,37531.3
21265,2025-02-06,2790,40,4,3,1894.93,388.39,
21266,2025-08-22,2779,14,13,1,1338.71,182.85,
21274,2025-09-03,2474,50,4,6,,76.36,
21275,2025-10-19,2189,76,1,9,1993.77,,
21277,2026-02-01,962,49,15,5,1087.05,266.78,
21278,2025-02-13,1057,60,4,5,1365.97,,71148.73
21280,2026-01-25,1830,51,10,5,1773.52,288.38,
21281,2025-06-15,687,14,8,9,,233.54,126876.25
21284,2025-07-25,497,60,9,11,1820.32,,222605.04
21290,2025-05-01,2192,32,10,10,,118.75,83850.45
21291,2025-06-25,2212,51,11,12,1800.16,,
21292,2025-05-09,1158,32,7,9,,60.42,167593.69
21293,2025-07-06,26,40,3,8,,147.7,225306.63
21299,2026-02-14,2608,71,6,10,754.58,39.57,
21300,2025-04-10,1694,58,2,2,1822.84,,348087.44
21305,2025-04-09,1283,34,13,3,,78.09,
21310,,2655,61,10,10,1772.73,280.0,213973.0
21312,2025-11-03,345,57,7,2,,,39258.98
21313,2025-10-06,75,13,7,6,539.8,40.02,
21314,2025-04-12,490,52,13,12,,190.3,90158.96
21316,2026-06-02,127,20,14,11,620.07,71.38,
21318,,1828,75,4,12,,17.05,26051.85
21319,,898,46,5,8,1992.75,359.15,197157.91
21320,2025-08-17,425,95,2,7,,,21103.17
21325,2025-05-21,78,28,1,9,963.59,,102394.27
21331,,552,25,14,5,1553.74,178.73,158115.92
21334,,1924,45,2,10,91.44,13.33,16306.09
21336,2025-03-06,1085,58,8,8,1859.05,,
21339,2025-11-02,2697,14,14,1,,206.65,176097.03
21340,2025-09-30,2739,32,13,9,,149.52,64631.19
21341,,773,44,5,2,1334.01,136.03,253967.5
21343,2025-03-12,938,80,5,3,1699.49,,
21344,2025-06-17,1678,64,3,10,676.86,134.02,
21345,,1717,73,7,6,1829.29,94.4,79368.21
21346,2026-01-21,2367,1,12,11,1628.05,,
21348,2025-07-24,2489,49,8,12,1137.47,,173171.56
21349,2026-02-13,336,56,11,9,,80.3,35769.99
21350,,2025,8,8,10,1839.34,262.57,324151.46
21351,2025-10-09,136,36,4,11,1075.66,,28166.76
21352,2025-10-22,2202,56,2,12,1115.57,258.69,
21354,2025-10-19,1220,21,8,7,119.1,18.58,
21355,2025-12-02,976,20,9,3,,148.5,
21357,2025-10-27,2515,56,11,7,1651.06,254.44,
21358,2025-08-16,2838,57,5,4,,366.38,
21360,2026-01-28,2969,9,1,4,830.92,84.27,
21362,,1453,29,12,2,1366.83,144.44,131218.04
21364,2025-01-24,1919,56,9,5,311.82,,24859.46
21367,2025-01-03,1868,74,7,12,,30.04,
21368,2025-08-10,1943,59,14,8,1082.74,,28986.67
21371,2025-11-17,772,75,2,11,357.6,80.2,
21374,2025-10-04,2255,73,7,6,1871.4,162.24,
21375,2025-12-26,2653,36,1,1,1513.61,,
21376,,1090,31,11,12,1336.28,289.03,95975.5
21378,,2851,16,7,1,1132.67,89.76,139206.93
21379,2025-12-17,3667,52,10,5,,222.29,37318.12
21380,2025-12-20,2385,13,3,7,,219.77,
21386,2025-08-11,121,79,1,3,1148.57,89.06,
21387,2025-03-14,455,38,5,6,1731.87,,
21388,2025-03-23,3829,59,7,11,-686.69,,51955.92
21390,2025-01-11,437,47,3,12,569.38,,86577.02
21392,2025-10-20,2109,64,9,12,,24.05,15919.75
21394,2025-01-30,1777,8,10,4,,58.89,48830.61
21395,,1466,55,4,8,1141.09,107.04,222006.95
21397,2025-07-13,1650,43,9,10,,325.28,47486.29
21398,2025-02-28,1163,52,6,11,94.29,11.26,
21399,2025-02-18,1760,30,14,6,,265.98,110610.29
21400,2025-08-26,1437,74,7,10,1326.37,,151656.83
21401,2025-01-06,2457,30,5,11,428.76,,54642.41
21402,2025-06-11,2442,11,10,11,,54.81,133578.17
21403,,1406,23,3,3,,,124511.26
21404,,1740,53,12,1,1384.81,,76358.11
21405,2025-03-31,300,39,7,1,206.2,37.41,
21406,,2897,68,14,4,455.6,101.03,70118.83
21407,,2362,61,3,12,1730.71,255.69,
21409,2025-10-13,938,49,1,7,,421.59,250962.35
21411,,347,72,10,11,1989.88,,
21415,2025-06-29,1968,24,5,6,1409.12,,241845.88
21416,2025-11-30,1305,39,3,7,,,270513.61
21417,2025-08-07,3537,57,11,4,1686.61,402.84,
21419,2025-06-29,1529,75,10,2,1451.53,117.46,
21420,2025-11-23,1749,16,5,1,1476.62,203.29,
21421,,2360,6,2,6,1049.11,,82051.69
21422,2025-10-19,362,78,10,10,,50.31,100629.58
21427,2025-02-23,1411,50,11,10,1549.62,,274122.62
21431,,1163,62,4,3,1143.96,131.31,151040.7
21432,2025-01-19,637,51,10,4,510.1,,40278.53
21436,2025-01-20,527,53,7,2,220.52,,13344.42
21440,2025-03-22,1476,65,1,8,70.06,11.68,
21445,2025-08-30,1280,32,4,1,684.12,131.84,
21447,2025-05-08,429,3,9,7,,,
21449,2025-09-19,906,74,8,10,1381.62,249.27,
21452,2025-12-14,2385,57,15,2,515.03,,47480.75
21453,2025-03-27,1044,43,9,4,1166.28,,59307.89
21455,2025-05-29,1648,64,8,8,,133.13,
21456,2025-09-05,1410,79,2,8,1710.27,,91358.51
21457,2025-03-25,2175,40,6,1,840.46,,42640.64
21458,2025-06-22,3811,58,5,11,374.29,,
21459,,1751,20,9,5,295.7,72.63,6658.83
21460,2025-01-01,1893,21,9,10,,170.91,54549.47
21463,2025-04-14,2329,111,12,3,334.54,69.72,
21464,2025-01-26,1257,57,6,1,1630.14,204.05,
21465,2025-12-09,1633,48,4,10,,198.7,24324.06
21466,2025-10-29,3701,109,5,4,1513.42,285.9,
21468,2025-09-04,1113,46,9,5,1247.35,,140866.48
21469,2026-01-20,115,71,10,6,530.59,73.36,
21470,2025-04-24,1797,56,15,8,,,145038.44
21471,2025-08-11,718,60,5,12,1829.05,,301696.58
21472,2025-08-01,270,51,10,1,,143.71,326280.95
21473,,1497,37,8,3,1859.64,228.62,314030.5
21475,2025-09-17,744,20,15,1,,9.09,5300.27
21476,2025-05-11,1094,77,15,12,,178.16,
21477,2025-10-02,233,49,8,11,1460.03,156.03,
21478,2025-01-08,1535,34,9,12,284.9,23.47,
21479,2025-12-22,2336,56,2,11,,,
21480,2025-09-17,2849,46,3,1,817.21,,157705.66
21481,2026-02-03,1210,76,11,2,1158.4,,158654.5
21482,2025-02-04,2442,36,5,1,926.73,60.08,
21484,,2716,80,11,7,1142.24,,94251.52
21485,2025-07-09,744,13,2,5,791.85,62.68,
21486,2025-05-13,945,78,1,1,,,15693.78
21487,2025-03-25,1885,3,13,7,,14.67,
21492,2025-01-09,444,4,6,2,1904.2,,
21494,2025-02-02,2077,45,12,3,1568.94,333.77,
21498,2025-09-18,1643,4,10,3,224.01,12.2,
21499,2025-02-14,717,17,1,8,,8.34,13653.92
21508,2025-11-19,648,31,9,7,1588.52,,33248.38
21511,2025-11-10,171,12,3,3,,416.23,71007.88
21513,2025-05-21,938,38,6,6,1279.14,,39061.02
21514,2025-08-14,2187,59,14,12,920.72,59.19,
21516,2025-10-03,514,52,2,9,,261.52,89011.44
21518,2025-12-09,518,73,15,8,1699.46,,127934.15
21520,,463,51,14,5,458.81,29.1,67678.15
21521,2025-06-23,2181,49,6,3,,173.13,158528.65
21522,,221,12,12,9,,153.2,370400.67
21523,2025-05-20,342,6,11,3,,39.1,24612.87
21527,2025-08-31,701,77,6,8,879.39,,23357.05
21528,2025-06-02,2296,58,8,6,,80.18,
21529,2025-01-07,2632,45,12,3,,,
21531,2025-05-22,2817,45,7,11,554.41,,
21534,,626,29,4,9,1476.43,262.76,214264.24
21536,,2727,36,3,10,447.57,47.56,87198.05
21537,2025-06-01,1022,8,10,12,1342.07,235.76,
21538,2025-04-08,2461,26,10,8,898.98,175.83,
21539,2025-12-30,644,16,9,2,,195.29,
21541,2025-10-17,2128,78,1,4,1251.76,,48113.27
21543,2025-09-09,744,23,10,5,,,286514.42
21545,2025-09-13,1602,26,12,8,1479.05,,41832.83
21547,2025-01-14,1139,24,5,8,,291.81,196656.66
21548,2025-11-25,830,19,7,10,,,41053.41
21549,2025-11-01,2956,29,4,4,1754.93,,92870.58
21552,,1341,64,12,11,1824.44,216.48,189057.25
21554,2025-01-23,86,71,7,1,1028.35,233.4,
21555,2025-06-18,1617,104,9,7,,108.88,169321.24
21559,,1643,15,3,2,1992.93,182.01,220437.7
21562,2025-10-19,1691,58,8,9,374.27,75.25,
21563,2026-01-13,533,76,3,9,475.83,,92657.14
21564,2026-02-16,2487,26,6,7,0.0,,94384.55
21567,2025-12-23,5,16,12,7,719.25,,
21568,2025-07-30,1505,65,1,3,,59.13,47042.75
21569,2026-01-04,1819,34,13,11,,8.5,8181.82
21570,2025-06-21,1373,19,12,2,,71.17,134226.8
21571,2025-04-14,978,75,7,1,,307.08,198281.73
21572,2025-02-05,1708,22,2,1,1169.58,,221796.72
21574,,612,47,11,5,1144.41,202.38,
21577,2025-12-19,716,42,5,4,68.33,12.06,
21578,,659,75,14,11,,,266902.59
21583,,3550,10,1,10,1888.83,,266951.14
21584,,2664,78,14,9,652.22,101.27,16437.43
21587,2026-01-27,1531,54,8,3,206.96,337.31,
21592,2025-09-25,2349,7,2,5,-557.15,,27165.39
21593,2025-07-10,2159,63,7,4,,77.16,56194.77
21594,,1939,63,1,12,216.97,,
21595,2025-04-02,1942,68,5,6,1440.21,,268250.37
21596,2025-04-17,2832,80,1,1,1122.52,,154357.03
21597,2025-05-23,1358,8,14,12,515.74,74.8,
21599,2025-05-03,47,40,11,8,611.5,,75970.71
21600,2025-09-05,1175,71,8,1,802.72,,
21602,2025-03-09,2099,55,4,2,1607.56,,168073.63
21603,2025-09-17,533,73,5,3,,312.42,
21604,2025-03-24,2407,58,10,1,,72.41,19542.3
21608,2025-04-16,1872,69,2,2,,,29080.26
21612,2025-01-06,1923,2,2,4,1028.09,,52224.23
21615,2026-07-02,718,19,13,3,376.49,,35631.53
21616,2025-06-26,1123,78,12,11,273.6,,36570.0
21617,2025-07-25,2203,40,1,7,516.44,79.41,
21618,2025-08-19,1842,11,14,11,741.77,156.28,
21619,2025-05-03,1551,44,10,11,,267.92,87257.81
21621,2026-02-19,2231,32,4,12,394.93,,58329.2
21622,2025-12-18,1447,57,5,6,,190.78,34554.6
21623,2025-05-15,850,69,7,8,,,212588.65
21624,,1181,59,12,7,202.94,41.0,18149.99
21625,2025-03-31,2092,51,11,12,150.77,,4418.33
21626,2025-05-08,2718,77,4,3,,194.86,
21627,2025-09-03,1403,60,14,9,,79.6,
21632,2025-11-29,128,35,5,9,1136.73,,68350.48
21633,2025-01-01,2798,10,4,11,,238.3,200182.3
21634,2025-08-06,258,48,11,12,,36.95,65190.12
21635,2025-06-10,1671,66,1,11,,51.67,27138.83
21636,2025-10-19,1037,35,6,2,,98.24,130943.49
21637,2025-12-11,1263,70,9,6,1873.68,175.05,
21644,2025-05-04,2445,42,4,9,1655.86,195.53,
21645,2025-05-13,135,99,15,8,1632.62,134.68,
21646,2025-06-15,1637,38,13,10,245.43,,12565.39
21647,,815,51,2,1,932.65,85.82,
21648,2025-06-10,1969,25,15,1,1740.58,429.7,
21649,2025-11-24,1640,5,11,3,,97.85,107091.84
21651,2026-02-14,816,73,13,4,1083.02,90.38,
21652,2026-04-01,1342,37,1,4,906.43,,122252.25
21653,,1684,66,10,5,926.66,52.5,
21655,2025-10-02,1166,22,5,7,,64.78,38251.26
21657,2026-02-01,23,43,14,6,887.1,,136599.38
21663,2025-03-29,815,66,8,7,1831.15,,
21665,2025-12-17,2987,74,7,8,,257.15,347313.13
21666,2026-01-08,491,60,9,4,1635.04,,188368.1
21667,,2281,57,4,7,1173.27,238.35,109667.64
21668,2025-01-24,346,22,5,8,628.62,,98259.18
21669,2025-07-08,2206,39,7,11,,13.76,24534.43
21670,2026-01-24,2068,60,7,8,,,272973.65
21671,2025-03-19,2417,24,7,4,1651.2,,174925.54
21673,2025-12-07,3774,61,14,9,,163.15,204044.09
21674,2025-01-05,1162,35,3,3,1918.9,,53315.45
21677,,1491,80,7,10,714.32,111.56,69842.03
21678,2025-03-12,2396,19,5,10,634.19,114.36,
21679,2025-08-22,2276,61,4,7,1542.37,,99431.08
21680,,2928,50,1,2,1098.93,149.9,34032.44
21682,2026-02-11,2975,16,2,11,197.24,23.64,
21685,2026-08-01,2404,7,1,11,650.25,65.53,
21690,,1581,11,1,2,1154.82,182.39,
21694,2025-08-05,514,40,13,6,,11.88,14325.44
21699,2025-08-02,755,7,4,4,,87.86,
21701,2025-05-14,2826,33,6,11,706.4,174.23,
21702,,1554,75,14,4,1275.51,265.81,238844.22
21706,2025-10-27,1234,15,15,9,596.74,92.43,
21708,2025-10-11,2035,43,7,7,,284.17,213802.74
21709,2025-02-14,821,40,15,9,,52.58,30948.42
21710,2025-02-01,2138,64,12,10,467.91,,52706.77
21714,,1031,32,4,11,1224.31,294.61,
21717,2025-02-17,2404,79,7,4,1143.69,,145135.66
21718,2026-01-14,1342,65,10,6,,67.0,42757.44
21719,2025-10-04,224,74,15,3,1608.05,,
21721,2026-01-07,2465,72,14,12,,107.46,178180.17
21723,2025-12-16,630,33,4,11,1733.96,178.93,
21724,2025-06-07,1021,65,8,4,1887.08,,60644.09
21728,2025-03-31,1340,57,6,12,,50.97,38244.7
21730,,740,65,6,11,1748.19,128.34,300281.4
21732,,2584,62,2,3,1671.75,169.43,194650.22
21734,2025-01-19,833,74,2,5,1936.16,398.5,
21736,2025-08-15,62,57,3,9,,30.89,32531.61
21740,,1890,27,5,2,,26.43,28749.23
21741,2025-06-02,601,22,8,4,1535.51,,
21742,2025-12-17,2803,48,14,9,,63.8,
21747,2025-06-14,2124,76,12,1,1363.28,73.5,
21750,,880,54,15,12,1841.42,371.75,110416.57
21751,2025-07-23,1844,53,5,1,,48.76,91326.98
21752,2025-04-09,42,71,1,6,,11.05,
21753,2025-04-08,2111,47,11,12,823.88,141.37,
21755,2026-02-04,571,75,7,5,1821.99,284.96,
21756,,1303,49,10,1,1152.07,158.85,154510.07
21757,2025-06-05,2413,28,2,7,1556.9,,198391.78
21758,,31,69,11,12,200.74,17.15,19712.25
21759,,1007,75,4,6,1651.57,200.45,
21760,,1785,56,7,11,,254.0,182212.67
21761,2026-02-07,3526,22,5,3,,165.45,90120.31
21763,,2742,20,11,6,530.14,55.46,68577.22
21764,2026-01-19,2250,43,14,9,,74.5,77325.12
21765,2025-02-08,2062,64,7,3,617.17,,
21766,,595,73,15,6,284.15,56.45,50732.88
21768,2025-12-05,2888,19,14,8,1441.72,245.62,
21769,2025-01-04,231,19,13,11,131.07,,7752.88
21770,2025-09-09,1026,1,8,4,,91.81,90427.12
21771,2025-02-08,2150,48,6,9,1080.25,,180601.47
21774,2025-09-27,2391,26,7,1,1619.62,174.66,
21775,2026-01-17,2934,48,15,2,823.08,,119850.64
21776,2025-05-31,580,36,4,10,500.8,82.78,
21777,2025-01-04,1736,72,7,1,1077.07,,179809.32
21778,,1321,45,12,11,137.71,,7912.45
21780,2025-11-09,2876,65,10,11,,26.55,36520.88
21782,,636,61,9,9,1535.52,172.15,
21783,2025-04-28,184,6,15,11,,,44181.06
21784,2025-02-23,992,48,15,7,515.46,,60662.64
21785,,437,23,11,6,526.52,90.43,102723.26
21786,2025-06-05,2263,60,14,12,1968.05,438.18,
21787,2025-03-22,2980,35,8,6,,244.06,58667.49
21788,2025-07-14,129,19,12,11,,32.14,18497.27
21790,2025-03-03,1085,52,6,12,,56.67,42783.42
21791,2025-04-20,2637,78,2,3,1866.75,371.11,
21792,2025-08-05,2990,18,5,10,266.58,,
21793,,50,9,10,4,925.41,184.21,128501.17
21794,2025-10-27,1810,79,1,5,1359.14,183.03,
21796,2025-02-06,2425,52,11,9,,147.38,154682.72
21797,2025-03-13,1611,31,15,7,286.83,,19083.96
21798,2025-04-11,1716,98,11,11,,328.37,193651.62
21799,2025-04-07,884,39,2,1,,271.24,
21800,,2778,43,14,12,1506.96,193.3,53961.29
21801,2025-03-22,2627,37,9,9,1065.1,,209033.49
21802,2025-10-11,2748,29,12,7,,13.55,16423.94
21803,2026-02-10,1402,14,5,3,776.3,,24632.17
21805,2025-01-29,596,60,8,1,1936.55,238.02,
21808,2025-07-26,506,73,10,3,1039.99,93.29,
21809,,466,50,6,4,134.86,23.16,
21812,2025-10-01,2687,77,15,1,,,83201.96
21814,2025-08-29,839,31,15,1,,188.04,307665.47
21820,2025-03-18,1914,24,12,5,,104.56,45736.94
21822,,2671,53,2,6,1974.24,491.67,88485.9
21823,2025-10-07,1765,30,1,3,319.47,,14883.0
21824,2026-01-15,1193,60,6,1,257.94,63.11,
21828,,1584,44,4,8,1496.16,197.8,251313.92
21829,2025-05-10,1145,58,13,1,,327.03,
21830,2025-03-07,2630,31,9,12,1461.34,,222986.33
21832,2025-06-08,2983,11,11,7,1731.15,157.68,
21834,2025-06-19,51,27,9,9,,,
21836,2025-09-16,2579,47,2,6,1784.35,,243844.18
21837,2025-11-28,1701,19,8,7,1629.03,,264628.9
21838,,1809,6,15,4,477.72,96.01,81084.53
21839,,3527,69,12,9,1350.12,211.24,88252.89
21840,2025-09-30,3658,66,11,1,1114.66,,209476.08
21842,2025-07-16,1453,47,12,10,1335.42,301.93,
21843,2025-11-27,2829,44,1,10,,43.57,31601.99
21844,2025-04-27,1364,52,10,7,1544.53,104.27,
21847,,811,52,15,8,257.9,25.49,
21848,2025-11-09,2447,61,11,8,1147.05,147.19,
21849,,1322,48,3,5,1269.44,1932.93,28610.87
21851,2025-01-26,1545,13,6,6,,258.38,187323.69
21853,2025-08-21,1716,49,12,2,,46.7,43229.28
21855,2025-10-12,1728,71,4,8,1414.95,330.87,
21856,,1887,27,13,10,1102.25,242.1,77087.02
21857,2025-05-31,2626,62,7,7,,78.5,32884.45
21858,2026-01-30,2186,41,2,2,,482.4,354497.62
21860,2025-01-21,812,77,11,3,1049.23,61.93,
21871,2025-03-10,2485,49,4,3,1993.29,347.36,
21872,2026-02-09,470,47,7,10,,62.88,79402.54
21873,2025-05-09,1258,31,10,8,465.41,72.24,
21876,,91,42,4,6,,,178144.06
21877,,1272,59,3,2,162.98,15.75,14900.01
21878,2025-04-02,1302,53,11,12,1914.0,,237069.3
21882,,1272,80,10,9,,277.83,100543.57
21884,2025-06-12,2834,69,14,3,1388.28,,167523.96
21889,2026-02-14,1228,74,8,8,,,105216.4
21892,2025-01-25,551,39,8,6,267.77,18.17,
21894,,1386,37,1,4,1837.82,133.4,296782.33
21900,2025-03-03,1083,54,5,7,1566.38,,48878.56
21901,2025-07-28,219,80,11,10,724.51,,41157.49
21903,2025-01-17,1653,30,2,5,,,240441.95
21906,2025-03-30,1468,22,10,10,1942.48,273.7,
21908,2025-11-13,2346,28,3,8,,97.06,
21913,2025-06-04,518,11,14,2,,,69775.76
21917,,933,30,9,3,1238.06,,215032.17
21918,2025-05-10,1425,42,7,5,350.76,47.85,
21919,2025-10-01,1695,60,15,7,,321.69,260712.83
21922,2025-05-28,1403,24,13,6,1371.91,,248877.15
21926,2025-07-07,2265,8,4,7,,,180573.79
21928,2025-02-05,1061,9,3,12,,,
21929,2025-05-22,393,63,2,11,,180.19,186007.67
21930,2025-09-09,231,54,7,7,,,86248.41
21932,2025-05-10,1658,27,3,9,98.56,,6629.07
21933,2026-01-26,2948,6,11,10,1766.82,,82007.8
21935,2025-08-31,197,67,8,7,,1353.41,
21936,2025-07-21,2762,19,6,11,1107.84,186.8,
21937,2025-11-24,1412,50,4,4,,,12584.5
21938,2026-01-29,1703,103,7,11,1491.27,287.45,
21941,2025-09-14,497,48,2,10,,2648.9,157122.5
21942,2025-01-09,2780,60,12,6,1838.29,132.37,
21944,2025-05-09,1083,24,12,6,,,21227.78
21945,2026-01-16,215,5,14,8,769.9,,22310.91
21946,2025-05-24,1628,80,12,10,1902.3,278.13,
21951,2025-03-15,2931,73,1,7,276.63,,45918.85
21953,2026-01-02,2904,50,3,5,,250.37,159311.9
21954,2025-09-14,555,54,11,7,,106.32,
21958,2025-06-28,1477,46,15,12,,154.7,148745.69
21960,,737,53,4,4,,66.35,37341.31
21961,2025-01-23,10,38,8,9,,102.95,63690.06
21962,2026-01-22,1365,4,13,1,772.67,124.01,
21963,2025-10-10,2179,21,2,8,1470.8,283.25,
21964,2025-06-27,2650,8,6,6,695.95,,
21965,2025-01-09,2653,18,11,2,729.86,106.31,
21966,2026-02-20,153,29,14,3,497.49,28.01,
21968,2025-11-10,1097,33,11,9,807.41,57.28,
21972,2025-02-05,189,76,15,11,1868.13,363.37,
21973,2025-12-30,1907,76,3,4,,106.59,
21974,2025-04-24,1049,25,1,12,658.91,101.08,
21975,2025-05-24,357,53,12,4,224.8,,29880.61
21979,2026-01-28,385,59,11,1,952.08,139.5,
21980,2025-05-22,871,60,12,9,1483.97,229.23,
21985,2025-11-23,1456,74,11,7,946.34,,135266.06
21987,2025-03-08,578,62,10,6,,201.67,121785.33
21989,2025-01-19,207,36,10,1,1696.41,,227012.63
21990,,1182,64,3,3,1035.9,176.44,153426.92
21992,,2014,17,10,4,724.81,100.78,
21994,2025-03-25,1854,16,9,10,1556.05,,229876.18
21995,2025-10-25,1295,36,1,2,,10.95,6381.14
21996,2025-12-11,1441,47,11,9,1065.81,103.5,
21998,,1793,38,4,8,216.96,24.29,39647.32
21999,2025-05-10,2183,46,3,6,,,92874.99
22000,2025-09-10,590,16,12,9,228.1,,38132.57
22004,2025-06-23,1639,5,11,3,,178.83,59931.39
22005,2026-01-26,1536,4,2,11,327.38,50.93,
22006,2025-12-16,344,60,11,1,,144.96,26944.55
22007,2025-05-15,2260,38,5,6,,50.34,15467.89
22008,2025-07-17,2792,5,15,1,,,156585.88
22009,2025-05-31,1021,35,7,12,,46.98,
22011,,2456,8,7,10,1551.76,154.43,
22015,,1219,60,1,11,212.4,,32374.56
22016,2025-12-24,1518,53,9,6,,142.38,97641.77
22018,2025-08-31,1463,21,10,11,,104.52,100903.71
22021,,1234,73,15,9,592.35,,27729.38
22022,2025-03-03,1663,40,9,8,426.65,,56394.3
22024,2025-01-23,481,45,9,8,,,68696.18
22025,2025-05-15,3581,53,15,7,1090.61,145.57,
22027,2025-10-30,2963,9,11,7,,293.04,
22031,2025-03-03,1913,26,5,5,,140.14,194777.57
22032,2025-12-15,2245,29,9,10,,123.17,215007.1
22033,2025-08-31,2362,54,8,11,,236.83,81528.88
22037,2025-03-05,1934,65,9,4,1750.2,209.18,
22043,2025-06-04,810,21,10,7,,70.15,117332.31
22044,,2191,28,10,12,1826.71,407.83,139602.88
22046,2025-02-21,1068,8,5,5,104.4,9.08,
22047,2026-01-28,848,42,6,11,-349.82,,22913.78
22048,2025-02-12,2805,61,12,8,106.99,9.12,
22054,2025-11-29,2952,33,10,7,968.22,,89890.08
22055,,2974,63,15,7,559.08,103.16,84119.81
22056,2026-02-05,243,36,1,8,,91.83,153885.5
22057,2025-03-02,1524,13,6,5,297.14,,
22058,2025-01-12,2717,34,15,6,172.15,22.73,
22060,2025-06-27,1120,8,13,11,,439.89,205538.75
22061,,1051,48,8,5,1683.33,419.54,52815.78
22064,2025-02-12,374,69,11,11,,235.79,115571.02
22065,2025-11-21,1451,52,6,11,1001.06,147.15,
22066,,1807,17,8,12,1555.16,90.42,
22067,2026-04-01,1165,9,7,11,1020.7,,71190.47
22069,2025-06-29,625,19,12,4,1891.99,,68604.89
22071,2025-10-24,423,23,3,10,349.38,79.98,
22073,2025-07-01,795,42,9,11,297.87,69.38,
22075,2025-03-25,116,4,5,1,,231.56,
22078,,1224,52,2,4,545.55,67.74,102748.23
22079,2025-10-11,2242,75,9,9,645.85,,
22084,2025-01-03,2402,25,7,5,,141.96,73577.94
22086,2025-07-20,2329,73,3,2,1761.18,,251243.98
22087,2025-10-07,1770,22,2,7,,342.61,
22088,2025-12-01,127,24,9,2,,82.98,71306.81
22089,,11,18,10,12,211.55,,
22091,2025-11-16,2969,65,5,6,1520.32,88.35,
22092,2025-11-25,1493,17,9,1,1071.75,,140727.3
22095,2025-10-07,798,77,5,2,1483.14,,254056.92
22097,2025-04-30,1797,44,13,2,520.16,31.94,
22099,2026-01-13,2787,77,2,10,,92.03,31188.37
22103,2025-10-29,2842,37,4,2,,,197015.3
22104,,31,41,3,6,1591.42,121.68,273359.22
22105,2025-03-19,3792,7,4,12,,27.0,36090.85
22106,2025-12-09,844,61,4,6,,57.95,52688.58
22108,2025-07-26,2806,62,7,8,,80.29,
22110,2025-08-18,1179,67,13,5,,,21399.31
22111,2025-05-25,583,48,6,11,1338.12,,68300.05
22112,,1778,18,9,11,,15.18,40371.81
22114,,1290,20,4,10,,304.66,250793.48
22116,2025-01-27,50,26,5,7,1302.38,,
22117,2025-08-10,438,6,15,9,,38.58,15364.58
22119,2025-05-21,1058,63,3,5,1275.67,136.88,
22124,2025-01-11,1153,80,14,2,1814.74,,329791.2
22125,,469,41,2,6,1158.95,77.97,179067.33
22127,2026-01-18,440,77,14,4,,146.09,58740.3
22128,2025-04-22,1032,53,4,11,,159.12,130734.2
22130,,2824,33,9,1,62.31,6.81,
22131,2025-03-14,450,52,3,10,,1002.35,130421.63
22134,,1419,3,10,3,163.15,20.22,
22135,,42,8,8,9,708.55,132.23,100105.29
22139,2025-02-25,1801,40,9,9,,262.6,201753.29
22140,2026-02-07,1326,12,3,12,,255.01,184653.28
22141,,2662,43,1,10,777.0,69.26,140571.18
22142,2025-08-30,2764,68,5,12,1730.45,,
22143,2025-07-09,1064,25,6,7,,166.74,215175.35
22145,2025-06-04,1704,42,2,2,789.39,188.13,
22146,2025-01-05,2837,27,9,3,739.06,,
22147,,2593,4,7,4,1907.13,255.1,195757.7
22148,2025-11-13,243,6,4,6,,60.32,62125.12
22150,2025-11-14,275,35,1,11,,138.24,78844.81
22151,,2639,44,13,1,804.54,70.27,26451.07
22152,,48,1,9,10,803.19,164.59,56597.65
22153,2025-06-22,397,91,4,4,,,20852.02
22154,2026-02-12,566,44,14,9,1879.4,,355967.46
22155,2025-07-18,567,3,9,11,984.47,233.77,
22157,2025-05-11,2543,30,10,6,,155.08,31937.22
22158,2025-05-03,637,57,1,2,1417.34,217.5,
22159,2025-05-02,2267,26,14,1,,73.8,49456.63
22161,,2937,12,11,1,,85.08,165814.49
22162,2025-09-25,1303,93,5,4,1090.28,,62260.14
22163,2025-06-18,2131,23,15,11,,219.98,348741.44
22165,2025-11-03,402,80,14,12,1191.71,275.88,
22166,2025-03-15,1186,62,3,2,,206.38,92591.58
22170,2025-06-18,1686,32,6,9,982.02,,72319.27
22173,2025-02-22,964,30,10,4,,306.29,267021.24
22178,2025-11-04,1592,40,8,5,1673.2,,302213.34
22180,2025-02-20,1973,46,4,1,507.48,,77361.79
22181,2025-05-14,1433,39,8,7,384.31,,26481.14
22182,,643,78,14,9,1383.56,,
22184,2025-11-26,1718,36,10,6,,84.11,
22186,2025-06-07,1451,8,10,8,,46.28,67180.93
22188,2025-07-03,313,56,1,8,1441.87,146.65,
22190,2025-04-10,2116,39,12,12,1058.18,,
22191,2025-11-12,478,26,11,12,346.25,,
22192,2025-09-25,2940,30,15,4,1208.81,1630.78,
22194,,2677,16,9,2,,,40017.58
22196,2025-09-02,921,66,3,1,,212.99,304504.2
22200,2025-05-03,1873,39,15,11,,93.62,107060.37
22202,2025-08-03,2560,75,7,2,,61.95,
22203,,2298,6,4,3,1889.89,2958.26,
22208,2025-01-15,535,55,3,7,819.86,,140763.93
22209,2026-11-01,1772,76,2,8,1862.2,171.85,
22210,,909,37,3,1,1288.62,213.62,
22211,2025-05-06,2385,68,12,2,,,53981.71
22212,,267,19,7,2,,306.52,
22213,2025-04-16,2283,42,1,6,,2599.44,63549.54
22214,2025-05-22,1281,49,14,5,593.45,,27832.12
22215,2025-03-11,335,4,1,5,1352.83,171.72,
22217,,3667,14,11,5,1876.45,454.33,138777.6
22218,2025-04-14,2558,78,6,2,1556.68,284.8,
22219,2025-06-02,774,31,2,10,,175.62,
22220,,470,10,4,3,255.89,46.77,40977.66
22222,2025-07-24,1001,61,5,6,1064.1,,
22224,,2279,15,8,10,247.32,16.17,41359.08
22226,2025-02-24,2258,74,4,8,1567.03,,
22229,2025-01-11,14,52,14,9,,59.61,128654.99
22233,,140,7,11,3,,361.68,337140.77
22234,2025-04-23,126,76,15,4,415.01,101.25,
22237,2025-06-12,242,22,13,2,1412.43,,172436.96
22238,2025-04-05,697,6,2,12,,43.39,111167.71
22239,2025-06-06,165,25,14,8,800.26,134.17,
22240,2025-08-31,1977,57,8,8,473.72,,
22241,2025-03-05,819,72,7,7,,150.69,
22244,2025-02-06,2270,65,10,9,150.29,26.09,
22245,2025-09-17,2634,39,4,7,1697.53,404.83,
22248,2025-05-26,434,72,7,10,,66.7,
22249,2025-09-04,172,27,4,11,,199.47,60241.76
22251,,99,76,2,6,,349.84,259450.87
22252,2025-03-28,1470,14,14,8,1161.85,,
22254,2025-04-21,1290,62,5,11,,121.6,56969.92
22260,2025-12-18,2696,56,1,6,,32.35,18677.54
22263,2025-12-23,558,4,5,12,971.87,,93844.57
22265,2025-01-26,145,73,1,9,1284.96,234.49,
22266,2025-12-10,43,39,4,3,1342.89,113.43,
22267,2025-10-11,2870,61,8,2,947.04,102.54,
22269,2025-11-17,1325,26,9,12,239.15,31.98,
22270,2025-05-30,1138,67,14,1,433.62,107.02,
22273,2025-07-13,1413,57,15,10,,190.73,151221.97
22276,2025-04-25,2252,45,9,10,681.02,,
22277,2025-01-12,1786,54,9,8,,79.27,80729.01
22278,,841,5,4,3,1635.39,369.67,
22280,,1887,2,2,12,510.22,48.26,67845.64
22282,2025-02-24,1438,58,2,2,,317.96,
22283,2025-12-31,379,55,4,3,1282.79,138.81,
22284,2025-08-30,1156,4,1,5,137.32,,6303.16
22285,2025-05-08,2503,61,9,1,1101.74,,
22289,2025-06-15,2982,65,6,10,1086.01,209.41,
22290,,2413,45,8,6,1343.68,80.45,65489.06
22292,,1318,30,14,12,140.92,11.16,6102.02
22293,2025-12-06,1142,79,12,9,1256.49,,117845.81
22295,2025-10-10,799,51,1,5,622.88,,
22298,2025-05-14,1640,75,6,1,,311.51,232040.5
22299,,2672,46,13,3,774.7,,74478.53
22300,,2106,14,4,8,1092.42,178.76,106962.89
22302,2025-07-13,936,22,9,10,,107.44,51694.7
22304,2025-09-24,2324,14,10,4,,323.15,39554.78
22305,2025-08-08,225,41,13,10,,68.87,
22312,2025-08-25,937,27,11,5,1565.45,,280135.32
22313,,2760,72,11,9,,18.27,18383.11
22317,,1079,27,2,8,259.97,44.01,47526.12
22318,2025-05-23,378,26,15,12,,,166134.68
22320,2025-09-13,2950,21,14,9,,202.4,135467.34
22321,,1554,2,6,9,592.41,89.56,43000.76
22322,2025-07-23,1609,52,6,12,1398.38,,49586.04
22323,2025-01-15,643,71,12,8,1813.48,,
22326,2025-02-28,1958,57,4,5,304.08,,
22328,2025-04-17,1719,54,13,2,,188.97,68375.41
22329,2025-12-17,2486,52,12,6,733.28,,14902.52
22333,2026-01-15,286,25,12,2,256.39,,26449.08
22339,2025-04-09,3561,68,2,6,1289.51,272.71,
22341,2025-03-21,2636,59,13,1,,281.69,251695.9
22343,2025-12-09,459,79,13,11,1500.6,,238112.07
22345,,1044,72,2,8,,,13335.99
22351,2026-05-01,138,54,12,10,,,126513.89
22353,2025-02-14,715,13,12,8,1292.87,89.79,
22358,2025-12-29,942,76,9,11,,146.32,65448.77
22360,2025-01-05,1323,45,1,4,885.21,,
22362,2025-04-05,248,24,2,6,,263.55,95625.97
22364,,2589,9,11,3,506.24,85.16,83180.66
22366,2025-11-19,2147,34,5,12,,,24522.04
22367,2025-03-04,2407,39,5,10,1403.85,,240228.62
22369,2025-09-07,1152,65,14,8,1502.76,,219650.85
22370,2025-05-11,2084,36,7,2,,16.88,44521.19
22372,2026-01-20,1898,28,2,10,,113.67,
22374,2025-04-19,2217,19,2,9,946.77,235.75,
22375,,1706,79,12,10,376.78,,
22378,,2586,2,14,6,885.36,71.79,73833.41
22382,2026-01-15,2107,12,8,2,413.52,55.59,
22384,2025-08-27,1410,7,1,9,1768.88,233.87,
22385,2025-06-12,878,79,5,8,1306.71,,222039.47
22387,,1904,67,3,2,409.58,82.7,26597.15
22388,2025-11-25,2274,20,5,9,,112.71,24980.31
22390,2026-02-02,962,29,6,4,,61.79,
22391,2025-03-21,710,64,15,1,,67.41,
22392,2025-12-23,1930,53,13,9,1809.54,,
22395,2025-05-03,425,29,12,5,329.59,27.6,
22396,2025-11-21,2482,77,7,10,868.33,176.68,
22400,,2207,72,3,9,747.88,148.19,
22403,2025-12-22,732,80,13,2,1128.0,,36454.96
22405,2025-12-24,2022,34,6,8,410.29,,
22409,2026-02-12,1871,63,3,2,,152.28,
22411,2025-03-05,642,38,13,2,,67.38,73295.96
22416,2025-11-24,949,13,15,1,,,178951.26
22417,2025-12-05,2015,36,12,3,,73.24,127663.7
22418,2026-02-01,2537,16,12,10,1107.62,,38387.31
22420,2025-08-11,1227,75,4,8,1212.42,,
22422,2025-05-18,430,42,10,7,609.84,,19492.69
22423,,2462,68,3,7,,90.68,14382.08
22424,2025-12-23,1017,75,15,12,725.13,179.63,
22425,,2106,55,14,7,1430.12,328.61,189509.69
22428,2025-03-13,2221,29,13,3,,226.04,169766.06
22430,2025-07-21,620,17,9,8,,97.49,111143.05
22432,2025-10-07,451,77,9,7,,171.66,96345.61
22433,2026-01-26,1774,71,11,12,,,55811.03
22435,2025-12-24,1470,24,4,4,1684.68,,162230.82
22436,2025-05-22,2773,76,10,4,,,9881.97
22437,2025-03-17,1156,61,8,12,1960.22,261.75,
22438,,2395,47,6,4,1945.86,383.29,377984.46
22440,2025-09-05,2136,6,3,8,1756.24,134.9,
22441,,2312,59,6,6,1867.48,,
22443,2026-01-30,2405,4,14,2,,324.15,387485.28
22444,2025-05-23,1203,39,8,8,50.12,4.18,
22447,2025-08-13,663,70,1,11,,,
22448,2025-12-28,1237,4,5,7,,,
22450,2025-11-11,1428,46,8,4,1878.85,,318295.56
22454,2025-05-29,675,77,11,10,,,20457.58
22455,2025-10-17,348,1,6,2,,171.38,111091.22
22457,2025-10-09,101,45,2,6,226.74,45.18,
22458,2026-02-14,2513,52,7,11,985.45,,116515.8
22464,2026-07-01,797,38,13,10,1329.69,,162800.83
22465,,172,32,1,4,308.47,39.69,
22466,2025-08-11,993,3,12,8,,,91936.44
22467,2025-10-05,2515,43,6,1,,,248628.79
22470,2025-05-10,848,67,11,10,772.15,69.5,
22471,2025-02-21,1331,17,9,5,,260.65,149624.66
22472,2025-02-17,1887,35,10,12,1108.92,,34599.18
22473,,1513,35,13,5,332.76,44.27,26666.28
22476,2025-09-15,939,21,13,6,1716.12,380.21,
22479,,2269,21,12,3,306.03,29.78,51313.42
22480,2025-02-09,1442,12,11,10,,343.45,75328.33
22481,2025-01-19,356,59,15,3,,123.06,229108.99
22482,2025-03-20,2454,76,9,9,,43.1,102479.9
22483,2025-07-23,2940,52,15,1,1032.33,,27207.78
22486,2025-05-23,2742,23,13,6,,35.11,16801.78
22489,2025-03-06,1554,35,2,12,1030.97,,127862.43
22490,2025-05-01,1620,69,6,5,1236.39,152.38,
22493,2025-04-09,1401,19,13,2,541.19,,
22494,2025-03-06,2716,24,9,4,117.45,,16742.86
22495,2025-06-26,1025,21,8,3,424.06,,
22496,,1386,78,4,7,168.13,17.47,6207.71
22497,,2383,46,8,12,1222.3,266.63,93532.64
22498,2025-06-17,1173,56,5,3,248.29,44.29,
22500,2025-08-30,72,65,2,12,,,224933.78
22502,,2101,35,5,7,,63.6,11570.22
22507,,1911,10,14,5,1624.46,373.63,264178.3
22508,2025-08-08,2907,64,4,4,1147.72,,174123.99
22511,2026-01-13,822,6,11,11,470.06,52.62,
22514,2025-11-15,3851,56,9,1,,268.99,151446.35
22519,2025-04-10,2954,48,13,4,,86.9,84125.2
22520,2025-02-27,2282,17,9,2,306.91,,48248.7
22525,2025-02-21,1490,70,8,5,111.58,,5298.91
22526,2026-01-04,2485,12,14,6,,141.46,244909.2
22530,2025-05-22,117,42,7,3,496.4,,
22535,2025-09-27,294,17,12,1,,,48809.43
22536,2025-01-08,2705,27,4,11,,180.69,28982.75
22537,2025-09-23,993,39,3,3,1325.66,221.67,
22538,2026-01-09,1207,33,14,1,,62.74,16725.02
22539,2026-01-02,735,29,13,4,,76.7,113755.2
22541,2025-12-09,2052,15,9,2,350.64,,13193.86
22543,2025-01-22,2903,38,8,3,,122.4,68212.09
22544,2025-04-14,464,92,10,9,1806.06,,
22546,2025-06-07,2463,34,4,3,,237.97,276052.51
22547,2025-04-29,2219,74,13,2,,94.0,61369.57
22550,2025-09-24,1372,11,7,12,68.31,14.31,
22553,2026-02-12,105,5,10,5,69.61,,1592.91
22555,2025-10-25,375,1,6,6,1412.1,,44853.5
22558,,1,45,7,7,,58.65,22460.19
22561,2025-08-20,1821,39,9,1,1970.36,490.61,
22562,2025-12-26,332,51,6,11,1517.22,308.74,
22563,2025-10-27,845,19,9,3,,361.62,277479.67
22564,2025-09-27,741,80,14,8,,11.45,16152.08
22565,2025-02-20,1825,36,14,5,,87.06,94095.89
22568,,1483,71,10,6,339.47,69.19,51926.23
22569,2025-08-08,642,14,5,12,573.14,56.53,
22570,2025-05-02,1582,29,13,3,737.17,53.32,
22571,2025-08-30,1833,64,2,11,,119.03,293386.78
22572,2025-09-24,1954,51,15,7,671.84,130.72,
22573,,162,12,12,7,,56.67,
22575,2025-08-23,1602,20,6,3,,10.84,10221.21
22578,2026-01-30,2185,45,8,2,,85.38,83798.97
22582,2025-03-15,1738,77,13,4,,,4279.39
22583,2025-03-26,62,17,5,8,1584.97,,311340.97
22586,2025-07-16,1269,65,8,5,1293.74,,101992.96
22591,2025-11-20,378,32,4,6,1186.71,85.73,
22592,,2775,10,4,3,1206.08,204.14,
22594,2025-07-13,189,33,8,8,419.6,,32079.2
22595,2026-01-30,1985,29,8,5,771.45,,39160.12
22596,,884,23,13,2,292.06,52.8,12654.47
22597,2025-07-08,413,52,4,11,1927.56,,305318.48
22599,2025-02-26,2118,51,5,9,,181.4,
22601,2025-10-04,2750,4,4,1,,163.44,74110.46
22602,2025-08-18,2970,7,7,4,,113.69,97024.74
22604,2025-04-07,486,59,7,9,,144.74,165919.37
22607,,2857,76,5,3,,94.41,
22611,2025-03-17,2432,38,3,2,851.7,,127380.15
22614,2025-10-25,2332,23,13,8,0.0,154.19,
22616,2025-10-19,528,66,11,9,731.98,163.34,
22617,,2937,17,6,7,1465.28,323.54,195896.51
22619,2026-01-26,125,32,10,12,1949.42,,162456.22
22622,2026-02-14,2214,74,2,10,788.09,,112180.34
22626,,1502,8,12,11,1008.56,,46634.08
22630,2025-05-07,2301,2,3,11,,63.59,14194.83
22636,,1989,12,12,1,,,54365.1
22639,,2284,64,15,6,138.88,15.99,27479.16
22641,,1869,25,1,8,,25.81,19795.24
22642,2025-07-06,332,12,15,7,1749.98,2138.16,
22646,2026-01-10,1096,40,5,6,1703.32,393.19,
22648,2025-07-28,173,79,12,11,1211.17,196.17,
22650,,618,36,5,6,161.12,37.66,
22651,2025-05-05,1500,10,5,6,,42.85,16925.42
22652,,1765,52,7,5,,1761.98,51931.43
22653,2025-03-26,1472,12,8,4,1025.21,,113253.44
22655,2025-04-06,647,47,3,12,504.65,,37269.7
22658,2025-03-18,2581,72,13,4,,,162726.53
22663,2025-02-12,1146,26,15,9,265.16,55.54,
22664,2025-07-28,1268,62,2,8,,225.28,80728.71
22665,2025-08-30,2047,33,9,3,1956.09,99.35,
22666,2025-12-06,1545,19,3,12,1320.49,280.41,
22667,2025-09-05,2293,54,9,5,,,79142.82
22668,2025-03-02,2342,51,13,4,1052.09,,143488.13
22669,2025-07-14,573,76,10,9,54.48,,1328.26
22670,2026-05-02,474,37,9,10,1853.55,379.14,
22671,2025-10-22,1651,34,14,11,394.08,58.09,
22673,2025-10-31,2097,75,15,1,1039.78,55.24,
22674,2026-01-26,2267,12,6,11,,55.16,
22675,,2982,17,15,2,235.13,35.02,18871.21
22676,2025-12-11,2371,72,3,11,,38.15,108721.63
22677,2025-07-02,807,17,6,12,262.08,,37001.27
22678,2025-12-12,1377,78,6,2,1421.82,193.58,
22680,,1261,77,14,2,,261.17,255557.01
22681,2025-11-28,1890,17,3,7,235.04,,16549.92
22682,2025-10-29,3551,33,3,5,692.09,,
22683,2025-12-17,1138,4,1,11,,7.13,1630.54
22684,2025-12-05,925,49,9,11,1226.24,,38374.67
22688,2025-04-12,377,67,3,7,1474.75,,253380.98
22689,,2654,55,11,4,1368.03,,172265.39
22690,2026-02-02,715,16,15,11,569.14,,103643.37
22692,2025-06-05,1269,78,4,5,1063.36,,
22693,,692,75,14,6,819.75,165.83,113963.33
22694,2025-08-28,2,72,12,1,754.43,132.88,
22695,2026-02-15,1526,40,7,7,,55.17,112887.16
22696,2025-01-31,1058,60,11,5,,,182630.12
22698,2025-02-19,816,35,5,5,524.08,39.64,
22699,2025-05-19,1107,47,13,11,,120.28,20116.28
22700,2025-06-07,1148,24,5,11,,,93047.96
22702,2026-01-19,302,1,13,9,,87.38,
22703,2025-08-29,331,54,5,2,,371.76,291082.85
22705,2025-12-15,1647,31,2,8,,,
22706,2025-06-05,1397,33,10,7,,25.78,80674.1
22707,2025-05-31,2794,6,4,4,1681.4,,37634.23
22708,2025-10-04,79,78,10,2,1796.78,,248069.45
22710,2025-03-03,512,80,10,12,1577.68,311.99,
22711,2025-11-14,1629,13,13,7,804.39,111.58,
22713,2025-04-05,759,10,2,10,,,94997.54
22714,2025-05-14,1638,63,4,7,,138.8,
22715,2025-03-28,2913,59,1,2,933.92,,113012.35
22719,2025-09-19,1519,7,11,2,369.03,83.86,
22721,2025-03-18,3740,54,1,11,,269.04,
22725,2025-02-14,2322,77,13,8,,458.66,
22729,2025-03-21,1303,27,3,3,260.42,,41032.06
22731,2025-05-30,2044,36,15,11,,65.92,61348.88
22733,2025-05-08,2675,12,7,1,,182.51,46009.72
22734,,1321,77,6,2,314.83,22.85,52607.15
22736,,2724,74,13,5,1495.09,328.82,42736.04
22740,2025-05-07,2702,47,2,5,,115.24,
22741,2025-03-14,1631,69,1,10,1238.48,,247667.63
22742,2025-07-05,477,33,15,5,728.19,,70722.6
22743,2025-01-16,1746,39,6,9,,67.17,24766.19
22748,,2713,75,9,1,,,45932.73
22749,2025-12-16,1105,57,13,4,,,151173.84
22750,,1622,35,12,2,105.61,25.4,17344.62
22751,,1334,36,15,1,764.93,163.84,45836.91
22752,2025-04-03,841,72,5,11,,,32791.85
22753,2025-12-22,929,15,11,9,,100.57,
22755,,2805,10,4,9,711.65,125.63,
22756,2026-01-26,387,80,3,8,1324.04,161.76,
22757,2025-09-26,408,71,3,9,,249.16,186474.4
22758,2025-01-11,495,20,2,10,426.99,,55501.68
22761,2025-08-01,2554,65,1,10,320.52,42.44,
22762,2026-01-04,1889,15,6,8,142.12,,9915.99
22763,,1801,7,8,5,805.01,78.02,26181.3
22765,2025-04-28,677,72,1,5,,46.19,42536.12
22766,2026-01-25,1236,63,15,3,573.82,53.73,
22768,2025-11-09,2372,42,11,12,260.26,,39957.24
22769,2025-11-02,2298,11,1,7,1032.27,,68315.46
22772,2025-06-02,19,47,8,7,,228.31,
22773,2025-09-03,538,6,4,8,1002.32,,81132.25
22774,,1933,35,9,10,828.38,174.99,65163.28
22777,,896,27,6,10,239.31,52.43,28869.54
22778,2025-03-03,742,30,8,1,762.87,113.75,
22780,,2485,29,12,8,569.16,,
22784,2025-05-04,582,24,7,7,331.99,52.39,
22785,2025-07-06,96,7,5,2,,295.81,52463.96
22789,2025-08-18,1436,59,5,1,,70.36,49211.92
22790,2025-08-04,1785,42,7,11,,70.42,64370.13
22791,2025-12-09,2338,19,3,10,906.69,,178230.65
22794,2025-12-06,788,19,4,1,213.45,,7068.5
22795,2026-02-17,911,12,7,11,,,29836.8
22798,2025-03-17,458,65,6,3,,75.48,86929.18
22800,2025-08-21,727,8,6,6,563.3,,106952.04
22801,,443,78,8,10,811.62,,134915.72
22802,,2380,11,12,2,1932.58,461.73,223762.69
22803,2025-08-22,89,63,6,5,1248.24,96.8,
22808,2025-08-02,12,54,1,8,,65.13,68945.83
22809,2025-07-08,433,13,1,8,212.41,,29329.56
22811,,1178,34,8,6,1449.27,178.45,
22812,2025-06-07,516,50,13,10,,461.55,
22815,2026-01-27,1802,55,11,2,172.0,,
22816,2025-11-12,2178,51,4,10,1633.79,150.64,
22821,2025-11-04,1478,6,15,10,1363.05,,259414.41
22823,2025-04-14,1058,72,10,8,1632.67,,130477.2
22824,2025-03-19,3792,39,14,12,1413.91,,148402.48
22826,2025-04-27,1810,18,7,12,1175.12,,200289.87
22827,2026-12-02,150,43,12,3,639.85,,22186.0
22828,2025-07-06,1298,44,7,2,1877.39,,127642.33
22829,2025-10-28,590,43,10,6,1026.39,158.75,
22831,2025-08-29,1488,57,5,10,,83.97,52452.94
22832,,1673,72,9,7,1535.94,237.16,275190.73
22834,2025-10-26,868,57,13,3,,379.84,
22835,,1731,38,9,12,822.68,185.93,26841.34
22838,2025-07-27,1384,71,13,1,,172.12,159099.1
22843,2025-05-06,1258,14,3,7,1746.2,,
22844,2025-07-29,1071,79,15,9,1493.15,,
22845,2025-02-10,1817,74,5,7,185.99,,
22846,,801,77,13,6,269.96,38.04,12277.9
22848,2025-11-01,2359,38,12,3,912.6,194.77,
22849,2025-02-16,1335,48,2,12,,196.02,
22851,,2907,3,13,8,1339.95,276.73,53570.98
22852,2025-02-28,788,26,7,10,1510.7,350.46,
22854,,1254,76,6,9,1263.05,310.09,62523.42
22855,2025-11-21,2991,35,10,11,1090.97,,
22856,2025-12-13,687,29,6,8,980.65,197.67,
22857,2025-08-31,434,77,14,10,733.39,146.45,
22860,2025-04-26,343,71,11,3,,,143671.22
22861,2025-08-04,3731,74,11,10,539.61,121.5,
22863,2026-01-21,771,67,10,6,,112.29,208267.23
22864,2025-04-30,2025,29,13,9,442.86,,45676.68
22868,2025-07-31,1836,76,7,8,,65.13,162447.67
22869,,1004,76,7,5,1104.03,198.86,
22870,2025-01-07,1313,1,11,12,,87.81,61525.43
22871,2025-09-28,2602,38,3,5,538.08,63.58,
22873,2025-08-26,1536,32,6,2,1927.21,125.29,
22874,2025-05-21,2405,70,1,11,,19.56,
22875,,2385,60,11,6,463.3,81.04,13263.6
22877,,1256,8,9,8,532.18,127.22,42622.07
22881,2026-01-26,2104,32,9,7,1553.23,,33854.74
22882,2025-03-27,2904,52,2,4,,179.92,91310.14
22883,2025-01-27,1990,71,9,11,,235.46,
22886,,20,55,12,9,1105.03,56.16,120799.69
22887,2025-08-06,326,74,3,7,799.43,,58589.19
22889,2025-09-21,2673,65,5,12,,295.23,110903.39
22890,2025-10-05,1339,1,7,12,1860.89,,319499.33
22892,2025-10-12,851,31,12,2,821.87,,
22893,2026-02-04,2972,59,9,6,1912.45,,64591.45
22894,2025-01-26,3714,25,8,1,1179.51,245.31,
22895,2025-01-27,2372,48,11,11,,92.74,78088.35
22896,2025-08-17,1960,46,13,2,,,17305.37
22897,2025-04-17,479,19,3,6,1093.36,218.26,
22898,2025-01-17,2961,74,3,1,787.92,,143563.39
22900,2025-03-10,2361,32,2,12,,356.65,297747.87
22902,2025-12-10,298,58,14,2,,231.19,235983.88
22903,2025-10-14,2772,80,3,6,1827.87,,264348.46
22904,2025-02-14,1623,23,15,11,,72.18,116548.42
22905,,2428,27,1,4,142.96,35.23,9308.37
22906,2025-04-25,924,25,13,5,381.58,,8674.77
22907,2025-09-19,2946,34,9,10,1956.78,,
22910,,957,73,1,3,1527.69,367.06,
22913,2025-12-07,2431,6,13,7,1084.6,,49438.15
22914,,1856,5,8,4,801.17,115.81,53537.38
22917,2025-12-22,2262,10,3,9,,187.83,226359.39
22919,2025-11-13,2694,49,3,7,1800.63,336.61,
22920,2025-06-28,2323,25,1,2,1998.39,,
22921,2025-01-31,1168,75,13,3,1903.65,354.25,
22922,2026-01-13,1894,43,6,11,1999.17,164.63,
22923,2025-01-10,2051,11,15,5,377.48,,
22925,2026-01-14,1177,55,14,2,846.81,99.06,
22926,2025-08-01,195,53,5,6,1241.05,,
22928,2025-01-30,1471,68,12,3,,28.48,
22929,2025-08-21,2670,74,13,5,,297.65,197182.87
22930,2025-08-18,259,26,13,9,551.81,,64007.01
22931,2025-11-24,279,49,11,9,,282.2,
22936,2025-01-11,35,76,13,4,1164.17,,199496.36
22939,2025-03-16,1199,48,14,2,1738.2,,326369.34
22940,,721,45,4,7,473.39,105.0,81652.6
22942,2025-09-17,195,68,11,3,,81.74,58798.22
22944,2026-01-03,1491,37,1,1,503.37,115.08,
22945,2026-01-28,759,13,15,5,,280.43,193297.37
22946,,2122,48,5,12,369.36,59.74,29273.36
22948,2025-06-01,1777,12,8,12,,31.28,16325.91
22949,2025-04-19,2812,39,10,11,,19.93,45433.35
22950,,1529,38,11,3,,352.63,39771.88
22951,2025-09-10,740,31,14,1,108.86,,20349.96
22952,2025-06-19,1834,74,11,5,1440.26,,239282.26
22953,2025-10-10,22,60,5,11,80.37,,1725.29
22954,,2565,30,12,2,461.43,42.59,9494.75
22955,2025-12-03,563,95,8,1,620.79,114.99,
22957,2025-02-27,1597,49,2,1,0.0,,
22958,2025-10-05,341,46,3,9,1560.05,,
22959,2025-02-04,1842,21,3,6,,101.79,58420.29
22962,2025-01-18,772,9,8,5,,46.58,
22963,2025-03-07,504,28,5,6,0.0,25.45,
22964,2025-02-05,2488,42,10,3,857.93,,36011.69
22965,2025-05-22,1242,18,2,6,590.0,,37886.52
22966,2025-07-13,2498,68,13,7,,315.24,
22967,2025-06-24,3587,16,2,11,,,118652.07
22968,,2200,25,6,10,1435.7,319.54,234287.79
22970,,1567,72,14,5,164.79,30.6,15458.61
22971,2025-12-07,2815,59,3,12,,348.74,
22972,,1123,4,7,8,1274.11,300.58,45467.35
22974,2025-01-26,2901,31,13,5,,71.21,195122.15
22976,2026-01-26,1200,67,14,6,,25.31,25932.36
22980,2025-12-05,2442,45,13,2,329.11,23.98,
22981,2025-06-06,1872,53,9,3,460.6,48.62,
22982,2025-06-30,275,4,6,9,,195.97,138976.02
22986,,401,2,10,6,1773.46,,
22987,2026-02-15,896,51,8,6,249.94,45.14,
22988,,473,2,8,2,542.84,98.89,23283.02
22989,2025-07-23,2318,52,9,11,,58.05,53656.15
22990,2025-06-18,1847,28,1,10,1138.15,77.31,
22991,2025-03-04,206,53,12,12,,179.71,186362.28
22992,2025-07-19,1455,66,8,8,,53.7,
22993,2025-12-25,1536,75,12,10,1049.12,,101917.03
22997,2025-07-28,2528,46,13,3,333.28,51.02,
23000,,1070,7,5,5,1453.78,99.6,128667.48
23002,2025-03-04,1104,6,1,7,147.59,,29380.56
23003,,190,78,6,2,557.81,,56923.59
23004,2025-06-09,95,6,7,9,1505.51,216.04,
23005,2025-11-30,2799,53,14,1,1696.69,,147038.51
23006,,692,44,8,3,,,145549.93
23007,2025-09-28,2630,76,14,10,1799.72,243.96,
23008,2025-05-17,1389,65,13,3,536.92,121.06,
23011,2025-09-17,1252,15,4,6,,,110524.37
23012,2025-03-29,143,78,14,9,,,
23013,2025-06-14,690,33,4,3,,,147567.97
23014,2025-04-28,307,76,10,12,1681.96,,89690.41
23016,,1116,73,3,8,211.19,18.94,
23018,2026-02-03,863,6,15,4,916.28,,40319.23
23019,2025-02-06,2724,66,4,6,,128.51,148109.11
23020,2026-01-25,2308,78,11,9,1329.78,,146576.24
23024,2025-11-25,913,35,6,9,,119.07,143470.09
23025,2025-09-21,2796,13,10,2,1544.55,,205069.46
23026,2025-09-17,2282,66,7,10,1869.56,,190998.05
23028,,400,12,8,8,1775.81,388.2,42445.51
23030,2025-12-18,1400,75,13,12,1303.63,318.38,
23031,2026-02-07,1374,52,5,7,,,330808.28
23032,,3890,53,4,6,148.73,18.48,
23034,2025-06-09,3685,63,10,1,,127.48,116198.9
23036,2025-06-26,2942,5,12,6,1878.36,166.21,
23038,2025-10-07,733,14,2,7,850.7,,
23039,2025-03-21,365,9,11,9,,,45285.97
23040,2025-09-08,2003,22,9,1,0.0,143.89,
23041,2025-04-03,1538,32,9,7,1560.49,378.32,
23043,,1650,49,1,8,240.68,23.95,20155.68
23047,,2732,46,1,10,234.14,52.53,38401.52
23051,,558,4,15,9,526.17,46.0,48326.37
23053,2025-08-14,515,32,12,8,,173.99,15166.76
23055,,2967,79,11,9,,97.1,157495.05
23058,,1547,71,1,11,594.68,124.58,46708.18
23065,2026-01-11,2135,33,1,12,466.86,,35912.8
23067,2025-11-13,2906,70,3,1,1413.89,,218555.1
23070,2025-05-03,2949,1,12,11,,,81873.64
23071,2025-02-28,1943,40,10,4,480.01,,58113.52
23072,2025-11-04,1925,76,7,4,1738.53,,74947.42
23073,,2811,27,10,4,1032.12,171.69,142990.87
23074,,907,26,4,10,727.94,,34138.36
23081,2025-10-07,909,57,11,3,,50.77,100753.31
23082,2025-09-26,844,62,15,2,1044.96,161.83,
23083,2025-10-24,186,77,9,4,325.8,,10444.52
23084,,1716,22,3,12,955.15,75.53,62827.78
23086,,1257,56,13,12,1565.94,109.73,
23094,2025-09-09,2451,21,8,7,1524.47,,169595.91
23096,2025-12-04,349,6,11,2,,93.65,210927.81
23098,,2013,28,13,6,721.21,95.21,136249.14
23099,2025-04-12,1919,29,12,4,1289.36,,
23101,,752,61,10,8,997.53,,130330.66
23105,2025-03-17,3793,79,6,2,,38.59,24688.26
23107,2025-06-29,2518,58,8,2,,204.22,109717.09
23109,2025-12-13,2142,23,9,8,504.65,,87616.85
23111,2025-04-26,1380,71,9,10,154.35,,25709.19
23115,2025-07-16,790,13,15,4,,189.99,34301.55
23116,,2381,29,1,4,122.94,20.29,
23118,2025-02-01,1802,34,4,2,,380.84,97813.76
23119,,2739,14,13,6,,39.76,42520.6
23121,2026-05-02,504,55,6,11,,115.82,
23123,2025-03-08,2907,43,6,4,443.64,,42352.92
23126,2025-09-18,1618,60,7,3,,84.55,197996.84
23127,2025-11-25,1140,38,13,5,957.72,,141422.2
23129,2025-05-21,262,65,8,2,,81.98,63374.09
23131,2025-05-13,2484,55,13,8,,,61731.4
23132,2025-12-16,1270,33,10,1,510.88,,59484.42
23133,2025-02-12,848,51,10,2,1712.18,,47197.53
23134,2025-07-23,1351,60,4,7,,45.5,10032.39
23135,2026-01-22,2376,57,13,1,796.19,,63094.53
23136,2025-05-09,1333,10,2,4,,,17776.27
23137,2025-03-13,2171,30,14,10,211.66,25.45,
23138,,1477,25,7,9,1330.18,220.71,216814.3
23140,2025-11-13,1937,16,13,1,990.91,230.0,
23141,2026-01-20,1958,35,12,10,,226.02,147070.7
23143,2025-07-28,2497,49,10,10,,,
23144,,3564,30,8,10,1987.39,121.97,329021.67
23145,2025-03-05,1176,57,5,12,,91.36,
23146,,2783,74,13,3,0.0,21.08,3058.98
23147,2025-01-23,771,74,15,9,,277.93,213903.39
23148,2025-10-27,1297,31,4,11,875.3,,34076.17
23149,,2518,33,5,5,745.96,130.28,46065.42
23150,2025-11-05,2401,65,14,2,1759.08,,139469.3
23152,2025-07-18,2523,51,6,8,,93.97,58561.95
23153,2025-10-03,564,29,7,2,1924.99,,167565.21
23155,2026-01-23,1198,40,7,9,935.29,,
23159,2025-01-25,1579,73,12,3,979.77,,71927.92
23165,2025-12-03,543,63,10,2,1206.87,200.54,
23166,2026-02-05,799,56,13,9,1105.96,,111333.83
23167,2025-12-22,2793,39,8,3,285.24,,39453.07
23168,,681,36,7,12,991.95,,180851.87
23169,2025-05-06,943,54,1,8,92.51,,3409.79
23170,2025-12-12,572,41,5,8,,,84605.47
23171,2025-07-12,2337,3,13,3,,42.64,10260.79
23173,2025-09-02,2558,31,4,6,,226.34,132499.35
23179,2025-02-02,2862,77,13,9,,295.24,270033.69
23180,,1169,26,1,11,1982.14,350.82,57638.2
23181,2025-10-02,2230,64,13,3,486.26,63.8,
23184,2025-05-17,415,18,11,4,626.27,,
23185,2025-05-31,1423,79,5,2,403.16,88.17,
23186,2025-09-06,2707,15,5,5,,36.61,
23190,2026-01-22,1512,34,12,2,,38.71,100780.79
23191,2025-02-07,437,66,1,12,939.4,,122582.74
23192,2025-10-27,1840,2,2,2,,7.55,
23195,2026-01-18,2819,67,1,4,749.69,,145063.06
23198,2025-05-17,121,12,8,10,,137.11,126921.76
23202,2026-01-29,1165,37,14,7,,,11080.9
23203,2025-02-11,1191,10,13,11,,,75845.96
23204,,859,30,4,1,,,180251.95
23205,2026-01-12,1586,38,3,3,617.88,79.97,
23207,2025-06-11,2014,20,5,7,,134.74,98982.42
23210,2025-09-29,2677,42,3,11,0.0,14.41,
23213,,2940,4,13,12,422.59,72.02,76298.88
23214,2025-02-08,281,9,11,9,161.94,30.99,
23215,2025-10-21,1467,79,2,1,,41.19,17906.64
23216,2025-06-11,1875,16,4,1,200.62,,29167.49
23220,2026-02-13,485,1,9,10,,68.39,20552.14
23222,2026-01-24,885,32,14,1,1402.98,,267638.03
23223,,1122,10,3,2,1299.25,,205845.63
23224,,604,28,15,10,1535.02,261.31,38749.75
23225,,1139,6,7,6,,72.79,55671.07
23227,,1871,47,3,12,,245.96,75686.64
23233,2026-01-15,1742,62,13,12,,286.83,148342.16
23235,2025-12-09,2557,3,4,6,,30.55,44550.54
23236,2025-06-07,582,40,4,2,1278.57,,
23237,,3834,20,13,10,149.49,,23351.94
23238,,571,14,2,2,1576.11,295.95,
23239,2025-04-28,53,72,4,12,1376.11,198.42,
23242,2025-06-26,1065,30,11,5,694.6,170.47,
23243,2025-12-31,838,67,7,9,470.21,,45175.93
23247,,2806,80,2,8,798.77,,88765.88
23249,,1036,66,1,10,0.0,71.4,74483.83
23254,,2953,35,15,8,1563.15,,49068.88
23257,2025-06-25,1876,38,14,11,837.96,,108063.59
23259,2025-05-22,587,4,4,3,815.06,157.93,
23261,2025-08-15,3,55,10,1,702.78,103.45,
23262,2025-02-13,1353,22,3,6,,262.91,97251.43
23267,2025-02-01,2771,51,11,6,585.11,,49111.88
23269,2025-05-26,799,42,14,6,,85.4,110090.81
23270,2025-04-08,1323,32,6,5,0.0,,232242.62
23271,2025-10-11,1159,6,11,8,959.22,,171210.93
23274,,1519,51,12,12,911.42,61.85,162635.69
23275,2025-09-26,1993,29,1,2,1434.23,,
23276,2025-12-21,47,73,15,1,687.95,,
23278,2026-02-15,1201,41,6,3,1651.5,270.69,
23279,2025-10-23,2007,4,10,9,,,100251.88
23280,2025-05-29,134,76,13,9,,132.26,176279.34
23281,2025-07-27,628,56,12,11,109.43,9.51,
23282,,2935,6,9,1,1915.88,,
23283,2025-12-21,1172,13,7,4,1395.72,,245628.92
23284,2025-10-03,898,2,5,7,,,84855.23
23288,2025-07-13,2185,44,15,8,1298.67,244.93,
23289,,1269,75,10,6,,79.77,86241.66
23290,2025-11-22,2871,49,7,10,,20.71,
23292,2025-04-03,979,14,1,7,1275.64,,209962.22
23293,,1565,21,7,7,1476.46,340.34,225830.21
23295,2025-11-23,268,18,13,10,992.91,230.4,
23297,2026-11-01,886,20,4,4,1382.53,,
23299,,2003,59,7,4,1038.84,84.67,116279.03
23303,2025-02-09,1138,12,5,9,1303.78,,61144.6
23304,2025-07-13,2597,48,15,3,,84.51,
23305,,1430,23,8,1,515.89,,67787.16
23306,,3886,30,14,10,1167.11,123.16,
23307,,2958,35,7,3,992.59,239.79,
23308,2025-09-16,302,63,14,1,1676.92,98.54,
23310,2025-01-03,1143,61,1,11,,16.38,19356.9
23312,2025-05-18,1674,7,6,2,,13.66,11427.74
23316,2025-08-08,1587,59,15,6,1474.74,,
23317,2025-10-04,1684,35,10,10,1865.64,2792.92,
23318,2025-05-22,354,25,3,6,213.96,,23077.45
23320,2025-01-05,938,39,6,3,80.23,18.69,
23322,2025-01-03,2983,29,11,3,,224.28,
23323,,916,68,1,3,541.72,85.36,21665.56
23324,2026-01-01,1213,20,14,6,1390.79,235.47,
23326,,2157,11,15,12,410.72,,58727.83
23328,2025-06-12,2855,36,2,8,1109.92,220.05,
23330,2025-06-04,202,28,1,8,,100.96,
23333,2025-02-15,2790,52,14,3,1109.74,120.57,
23338,,1492,37,5,9,1263.38,,
23340,2025-03-31,1896,59,7,4,,,121370.14
23342,2025-11-04,1496,38,2,9,,93.98,143401.51
23344,2025-02-16,1201,50,3,8,1210.2,195.27,
23346,2025-09-11,467,53,5,7,,40.31,56381.97
23347,2025-04-15,2878,42,9,1,,,35792.14
23348,2025-05-16,2023,71,13,12,538.12,,35995.88
23349,2026-01-31,1759,49,11,5,1550.05,359.47,
23350,2025-06-23,1310,25,9,9,169.72,,
23353,2025-07-15,592,44,8,2,,53.0,67121.24
23355,2025-04-04,2708,32,6,5,,,108686.45
23356,2025-05-20,174,78,4,1,1528.32,267.76,
23357,2026-02-09,1253,77,12,6,,7.5,6791.8
23359,2025-12-01,2166,39,6,5,1153.12,,65448.66
23360,2025-05-08,1507,46,2,10,,101.82,
23361,2025-05-14,1768,13,5,6,,43.01,16467.89
23362,2025-11-03,1087,45,3,7,1613.09,397.55,
23364,2025-12-15,1055,76,5,9,445.76,98.26,
23369,2025-01-06,529,9,8,11,1039.93,,
23371,2025-11-17,357,45,8,10,1474.13,73.93,
23372,2025-11-24,99,15,15,9,1545.95,,294203.11
23374,2025-03-26,2005,53,5,3,978.41,,112255.66
23375,2025-09-08,2774,18,4,6,142.93,,16155.98
23376,2025-05-05,174,51,8,6,,268.05,29991.52
23378,,2070,45,5,3,283.57,34.17,17536.13
23381,2025-07-25,2839,18,1,11,636.5,119.28,
23382,2025-08-22,69,39,1,7,1284.55,73.56,
23384,2025-12-16,88,11,14,6,1415.92,,218440.98
23388,2025-11-08,1018,67,10,12,,91.4,
23389,,1894,20,6,7,1478.93,291.68,137985.42
23390,2026-01-24,752,72,3,7,,286.25,102000.51
23391,2025-06-12,740,55,11,1,1379.52,164.47,
23392,2025-05-03,363,52,8,10,1467.03,221.19,
23393,2025-09-23,219,44,4,11,,151.8,167774.45
23394,,2658,24,5,10,,45.15,13876.72
23396,,2865,12,13,8,1861.65,348.5,149739.62
23400,2025-07-07,1390,47,8,12,1290.75,,
23408,2025-05-07,536,80,8,7,,,29456.22
23411,2025-06-02,1965,65,2,9,1449.46,,218403.14
23422,2025-03-09,1463,28,10,5,1662.15,259.84,
23423,2025-09-16,2703,1,6,11,1622.5,199.58,
23424,2025-08-03,1647,36,11,3,,38.5,10740.07
23425,2025-03-13,1297,6,1,4,1228.86,216.84,
23428,2025-09-11,1934,50,14,8,1682.05,118.6,
23429,2026-01-15,1420,80,7,6,761.9,179.0,
23430,,876,72,8,11,,139.19,128835.18
23431,2025-05-07,1287,24,10,10,243.15,44.92,
23432,,1084,71,15,1,360.4,61.28,
23433,2025-12-16,581,54,7,3,717.14,,70425.38
23434,2025-07-18,1263,45,8,9,1397.85,292.96,
23435,2025-10-28,2165,25,6,11,,152.36,16102.09
23436,2025-09-29,3693,13,13,2,1780.99,,143419.26
23437,2025-04-05,507,42,8,7,1443.44,257.85,
23442,2025-07-28,1422,42,1,6,,174.44,115033.45
23443,2025-12-29,2344,37,8,6,1628.82,,38173.35
23444,2025-01-07,2315,30,6,9,,57.95,44227.72
23446,,2173,25,1,1,1043.85,,85219.61
23448,,2496,41,9,11,1162.04,121.13,168910.49
23451,,2166,44,11,11,1463.29,83.11,262269.54
23452,2025-05-21,2750,24,12,8,1913.45,421.94,
23455,,2650,30,14,7,467.07,39.56,80077.93
23456,2025-08-14,3689,76,10,12,336.38,76.37,
23458,2025-06-23,2878,68,12,5,,45.73,14576.98
23463,,940,60,2,4,1412.03,258.02,145984.42
23465,2025-05-23,2781,34,8,11,158.03,,21320.27
23466,2025-04-29,2644,55,11,7,1178.57,91.79,
23469,2025-02-01,631,27,15,3,1259.29,,130470.69
23470,2025-09-05,759,30,8,7,1444.46,,91903.99
23473,2025-02-05,291,56,10,10,1798.07,,51536.3
23475,2025-10-01,2083,45,5,2,1067.49,,210531.08
23478,2025-05-12,1457,14,14,7,1535.57,209.33,
23480,,2277,5,3,6,,,66651.68
23481,2025-07-03,1460,37,7,2,555.08,31.03,
23482,2025-11-26,2265,72,4,10,,,139629.58
23484,2025-03-07,1671,35,2,11,1157.81,173.04,
23486,,160,115,8,7,,448.01,298648.75
23488,,1408,10,9,8,654.12,33.47,70952.05
23490,2025-10-27,2368,57,10,11,443.0,,
23491,2026-02-03,2144,19,9,3,983.43,,141203.69
23493,2025-10-23,836,55,8,11,,138.6,80976.97
23494,2025-04-09,1914,11,15,1,,271.81,
23496,2025-06-26,1874,35,7,4,1938.13,,
23498,2025-12-29,1563,77,10,12,,58.83,88433.28
23499,2025-09-16,252,19,14,10,,171.87,234928.48
23500,2025-06-25,83,68,5,8,,2100.25,112535.1
23501,2025-06-18,1855,12,1,10,1339.04,,177146.5
23504,2025-05-30,1886,52,1,12,395.93,59.11,
23505,,911,16,8,9,1877.83,297.64,127198.18
23506,,1564,13,6,1,174.78,32.44,31545.96
23507,2025-09-15,1107,23,6,12,931.65,92.63,
23510,2025-09-05,702,13,13,10,1718.79,,66495.35
23511,2025-08-04,2211,105,7,8,,71.4,121958.07
23512,,980,14,13,4,1134.83,229.74,87106.93
23513,2025-06-03,947,23,10,9,637.81,81.27,
23514,2025-06-02,131,43,11,9,,,120183.62
23517,2025-03-28,2951,51,2,7,1389.92,193.54,
23519,2025-04-08,2984,48,7,5,976.18,,152216.21
23520,,1488,16,7,4,1614.19,331.18,119373.4
23522,2025-01-08,1466,37,10,8,,21.31,39860.91
23523,2025-09-13,20,55,2,2,,107.83,152916.22
23524,2025-11-17,2197,68,10,8,,92.4,44552.22
23525,2026-01-14,1922,8,3,1,67.62,,9218.22
23529,2025-10-26,255,31,4,9,,354.72,
23532,,1971,49,1,10,,203.14,379298.99
23533,2025-08-22,469,75,10,6,,196.04,168318.42
23534,2025-03-07,686,44,9,2,,221.95,
23537,,1687,45,8,3,,115.42,289685.56
23539,2025-03-14,2335,39,13,12,,,150051.39
23541,2025-10-05,2880,78,12,11,693.94,,85283.07
23543,2026-01-28,2677,74,6,12,,92.5,197140.29
23545,,292,49,3,4,1608.62,,288968.01
23547,2025-01-08,1365,6,9,11,,104.67,95585.68
23548,2025-10-04,129,14,2,5,1867.3,126.76,
23551,2025-11-25,444,78,13,11,1558.0,147.79,
23555,2025-07-09,258,62,14,1,1622.89,299.76,
23559,2025-12-19,2108,61,4,11,669.49,,58153.81
23562,2026-08-02,798,50,3,10,,60.2,84011.39
23563,2025-08-13,546,37,10,11,1048.78,,138028.79
23565,2025-07-09,2737,4,7,12,1343.11,,58297.85
23570,2025-03-13,142,55,8,9,,187.06,258421.28
23572,2025-09-05,1891,14,2,9,1519.27,,238686.8
23574,2025-05-19,1582,49,2,5,496.72,93.2,
23576,2025-04-28,1602,48,6,2,1483.74,,75059.99
23577,2025-12-28,2459,68,14,6,615.8,,85859.18
23579,2025-07-25,2480,60,1,6,,270.52,47056.63
23581,2025-01-14,2215,78,3,3,960.57,,123771.57
23582,2025-12-29,1125,16,9,9,,275.71,258494.87
23583,,1059,18,2,7,85.71,7.44,
23585,,2644,39,8,3,965.39,205.36,129616.23
23586,2025-06-10,1408,9,14,11,985.01,243.7,
23587,2025-04-08,1868,23,12,4,714.76,88.09,
23590,2025-01-18,2672,63,7,3,1969.47,387.22,
23592,,1908,70,12,4,1233.86,184.38,169351.96
23593,2025-04-19,2882,63,8,9,661.32,67.7,
23594,2025-08-09,1706,49,5,4,,106.64,274428.87
23595,2025-10-01,1537,11,3,9,,,58727.07
23596,,1130,43,3,1,1292.41,274.38,69518.29
23597,,1890,46,10,10,1123.49,251.51,130966.95
23598,2025-04-10,1797,46,10,7,,473.63,285669.38
23599,,1771,9,7,4,,36.52,
23600,,2263,60,8,2,529.72,60.13,
23604,2025-07-03,159,53,6,9,,112.81,86555.33
23606,2025-11-22,2149,60,2,2,,275.93,123275.27
23610,2026-01-13,2178,41,5,10,947.97,101.89,
23613,2025-07-14,2312,69,14,9,1538.77,,
23615,2026-02-02,44,29,3,2,1390.11,263.59,
23616,,1134,19,6,7,1393.89,156.42,211479.99
23618,2025-03-19,2141,75,14,2,907.55,,125662.22
23619,2025-11-13,520,78,11,2,1850.05,,101918.38
23621,2025-07-05,2510,1,1,2,,42.63,46905.41
23625,2025-03-13,2306,70,9,2,,463.84,154001.75
23626,2025-03-02,2864,31,10,5,,306.52,251351.14
23630,2025-01-13,1285,16,4,8,743.37,113.66,
23631,2026-02-15,1607,27,14,1,836.7,,96745.0
23634,2025-03-11,2160,48,12,2,1773.1,,290372.13
23636,2026-02-15,2964,6,11,4,,44.45,85005.95
23637,2025-05-05,2775,39,3,9,684.92,78.62,
23638,2025-04-29,1156,31,15,7,500.73,,71078.68
23639,2025-09-01,2148,44,5,4,,454.26,130516.23
23641,2025-12-01,2057,17,12,8,,105.36,
23642,2025-01-16,2999,37,13,11,,,2766.05
23644,2025-11-08,1585,44,5,11,949.23,,103345.5
23646,2026-02-02,2644,23,14,11,,31.76,66849.77
23647,2025-12-20,1563,44,3,1,698.37,90.24,
23649,,1281,76,2,3,679.56,35.66,19322.67
23650,,2434,56,4,8,1726.34,268.91,242859.73
23653,,254,25,6,1,1040.72,160.05,150916.72
23656,2025-01-11,1052,35,6,6,553.98,50.41,
23657,2025-01-17,1389,46,7,2,274.9,,53141.38
23660,2025-09-03,2800,58,2,8,-208.88,23.31,
23661,2025-12-02,2544,77,14,8,,,171525.9
23662,2025-11-11,437,45,9,6,,396.88,195043.52
23664,2025-09-05,1996,47,13,9,68.61,88.54,
23665,,1314,37,8,11,534.05,28.17,92600.87
23670,2025-04-01,1590,36,1,4,,,197413.57
23671,2025-04-02,109,50,10,2,554.15,,67731.73
23672,2025-01-13,2401,58,3,12,,10.94,6628.35
23673,2025-08-29,2037,38,9,11,1208.8,,145446.73
23677,,1787,14,3,4,,417.17,
23679,2025-11-15,1974,68,15,1,176.34,,24443.24
23681,2025-02-08,1361,28,8,8,1161.75,,
23682,2025-05-03,324,51,7,12,,,34779.85
23685,2025-10-19,1965,11,13,11,508.45,,51473.15
23686,2025-06-28,247,79,5,3,696.66,,107858.63
23688,2025-03-30,137,43,2,9,1575.02,,67221.51
23691,2025-05-05,844,36,4,12,791.28,,
23692,2026-02-01,33,23,3,7,1915.4,,210897.8
23693,2026-02-13,1330,15,1,5,,,212491.55
23700,2025-06-05,9,56,3,1,1860.78,,52107.53
23701,2025-11-01,1512,74,5,4,1062.96,262.36,
23703,2025-02-09,408,6,15,6,,76.08,64864.35
23704,2025-01-22,1844,26,14,5,1022.84,179.34,
23709,2025-05-10,1103,24,8,6,809.91,,25277.52
23710,2025-02-07,2171,57,2,11,1501.03,,294803.5
23712,,2181,72,8,5,263.87,43.71,29947.99
23713,2025-06-06,306,38,7,8,1877.22,,168467.23
23715,2025-06-27,1736,71,5,2,,,203600.8
23716,2025-09-10,199,34,2,4,832.49,203.75,
23723,2025-03-11,840,34,9,6,,232.32,280217.03
23724,2025-01-24,592,30,3,5,,350.87,43631.78
23725,,371,52,6,2,374.48,35.82,11100.25
23726,2025-08-31,256,24,6,5,1436.46,,268614.13
23729,2026-01-15,2845,53,3,6,1302.4,,129838.52
23732,,697,11,9,5,,,5149.01
23734,,1973,14,6,7,62.67,14.03,11291.33
23736,2026-02-10,569,18,8,3,1906.92,,334586.96
23737,2025-08-24,105,28,4,7,,,
23742,2025-01-05,35,63,10,7,704.79,,101079.98
23745,,2114,76,8,5,1136.87,139.69,45785.52
23747,,964,79,11,4,209.52,48.61,
23749,2025-01-12,1615,16,14,12,461.66,,
23750,2025-11-30,35,52,11,9,1835.5,230.85,
23751,2025-04-01,188,15,3,10,835.43,,153179.6
23752,2025-11-01,257,31,7,6,1381.55,152.96,
23757,2025-03-26,215,63,11,10,115.23,,20670.87
23758,,982,70,6,7,1731.92,,
23761,2025-04-28,1347,6,8,4,,64.46,
23763,2025-08-14,1155,70,2,11,,32.81,64073.37
23766,2025-09-29,1880,57,8,8,,34.57,22152.59
23767,,346,36,4,11,1091.96,199.03,138060.38
23771,2025-05-29,2299,18,4,3,1683.47,,100475.75
23772,2026-02-01,1675,51,8,5,1162.35,,39509.14
23774,2025-01-08,1829,21,13,3,,95.4,52476.66
23775,2025-05-08,231,45,13,7,,,253846.36
23776,2026-02-20,1016,17,2,7,1988.99,272.17,
23777,2025-04-23,2660,1,14,12,,23.77,18905.76
23781,,1882,79,4,6,,433.68,
23782,2025-10-26,870,49,4,11,320.31,16.39,
23783,,661,10,6,8,919.36,60.55,150081.54
23785,2025-12-19,194,6,14,2,717.71,164.48,
23786,2025-05-03,224,71,5,3,1715.27,,
23787,,1021,65,8,4,1168.03,231.58,27729.6
23789,2025-09-12,1873,51,2,4,1835.24,376.58,
23790,2025-03-23,1912,2,7,8,1999.67,,
23791,2026-01-19,494,59,8,12,,,3757.51
23792,2025-11-06,2882,10,10,5,,46.2,
23795,2025-05-06,612,14,1,9,259.56,,45229.83
23797,2025-01-23,2217,50,9,5,1810.67,252.27,
23801,2025-09-05,2462,14,4,1,,,38989.88
23802,,842,9,2,10,,285.96,128735.24
23804,2025-06-19,2523,9,7,4,,149.99,299719.32
23805,2025-06-27,1746,32,10,7,424.14,,24606.02
23808,2025-05-11,2527,40,6,4,947.56,,140650.63
23809,2025-10-09,28,80,2,6,,184.39,131828.22
23811,2025-04-26,2716,46,13,8,,17.26,15002.68
23812,2025-10-18,165,22,6,10,,112.37,106641.88
23815,,1095,58,7,3,409.5,79.11,
23817,2025-07-27,1042,51,4,8,1943.58,,275905.08
23820,2025-12-26,2753,41,1,2,,,28596.6
23821,2025-12-01,2270,60,9,5,499.66,,37035.6
23822,2025-04-13,2815,16,12,6,52.73,3.53,
23823,2025-06-10,654,22,1,11,,66.55,79225.9
23824,2025-03-17,2727,77,9,11,,46.5,71778.44
23827,2025-03-20,2112,6,4,12,,82.85,35845.77
23831,2025-02-10,2051,24,2,12,,145.55,
23832,2025-05-01,2668,63,4,3,,104.33,11424.43
23836,2025-02-22,3573,3,13,4,568.33,61.38,
23837,2025-11-03,520,65,10,1,117.87,21.14,
23838,2025-03-26,1834,4,13,1,1691.65,,254425.03
23839,2025-04-04,179,1,13,5,,64.17,85644.33
23840,2025-03-05,182,60,2,5,687.75,,107837.54
23843,2026-01-13,2731,22,11,12,1286.58,185.11,
23846,2025-12-21,380,44,8,11,,24.24,4291.48
23847,2025-02-05,2534,43,5,8,,28.73,34625.28
23848,2025-03-05,205,23,1,12,,,169174.94
23850,2025-09-17,630,53,12,10,,24.96,39429.38
23851,,1697,6,7,4,66.34,,11357.91
23855,2025-11-02,952,43,5,5,1250.62,,222919.02
23856,2025-02-08,2587,49,8,5,200.33,36.5,
23857,2025-06-09,2484,35,6,9,1937.85,307.3,
23858,,1249,54,15,5,85.27,10.49,2611.36
23860,2025-08-04,655,27,2,11,1402.3,,
23865,2025-04-28,2058,58,5,10,1689.22,,101092.39
23866,2025-10-23,1818,60,2,12,,,
23867,2025-10-05,1576,60,3,10,308.11,55.94,
23870,2025-03-14,1365,44,6,8,996.39,139.33,
23871,2025-08-18,735,50,13,8,329.97,,
23872,2025-11-08,136,2,6,7,877.37,,47725.25
23873,,2604,5,1,6,777.12,107.22,84353.04
23874,2025-12-11,224,21,7,11,683.23,130.22,
23875,2025-10-06,1048,39,8,12,1065.27,154.54,
23876,2025-08-05,1858,18,4,6,,296.09,292553.21
23880,2025-10-23,1952,42,6,11,,110.27,
23881,2025-04-09,1838,79,2,4,,,
23883,2026-01-25,1019,23,10,6,191.63,34.16,
23884,2025-02-08,2352,9,10,11,1370.53,,32371.11
23886,2025-04-03,837,73,12,12,1479.07,88.8,
23890,2025-02-22,134,65,11,11,884.99,120.05,
23891,2025-04-24,2043,52,2,9,1480.04,,223173.3
23894,2025-07-05,246,61,13,2,,38.7,
23895,2025-12-19,1575,4,13,8,562.37,,86948.44
23899,2025-04-18,2307,28,7,6,,159.37,187025.48
23903,2025-01-04,1657,28,10,3,,216.23,27700.36
23904,2025-02-04,437,9,2,2,501.03,,51147.91
23905,2025-09-22,539,20,2,11,505.58,,25276.27
23906,2025-06-25,2075,41,11,11,351.56,48.38,
23907,2025-08-16,820,20,7,9,,150.59,
23908,2025-08-17,2390,77,13,11,,25.45,12333.18
23909,2025-10-07,1437,47,13,4,1716.21,,163574.35
23910,2025-02-27,2860,42,14,3,523.36,61.51,
23912,2025-11-05,2548,34,13,7,,190.44,
23913,,922,69,9,11,1941.41,212.78,
23914,2025-06-12,2996,76,3,10,642.88,40.12,
23916,2025-12-25,2999,38,4,6,,190.05,95152.74
23917,,3517,51,6,5,1962.97,133.85,302851.7
23918,2025-04-08,2045,65,9,8,,17.9,24234.92
23920,2025-01-30,457,45,9,1,,173.31,149016.91
23921,2025-07-17,2479,9,13,11,,787.66,42535.73
23922,2025-11-22,2945,53,10,8,331.45,,49494.42
23926,2025-07-21,2842,24,6,7,514.21,,
23927,2026-01-07,2116,26,15,3,324.35,19.1,
23929,2025-10-08,2789,47,8,12,-202.7,44.26,
23931,2026-01-09,2880,80,2,11,1211.86,289.04,
23932,2025-11-24,3680,10,1,9,1307.35,160.62,
23933,2025-08-17,2426,28,12,4,1841.51,106.9,
23937,2026-01-04,2319,46,12,2,75.13,,3359.53
23939,2025-08-17,212,47,1,8,,2283.08,177801.9
23940,2025-05-01,992,96,2,8,1537.92,,
23941,2025-03-16,1895,63,2,4,,136.57,
23942,2025-08-24,1853,33,11,8,1996.63,368.37,
23943,2025-11-26,1940,29,4,3,,183.89,130123.8
23944,2025-09-23,1324,66,15,9,1070.04,152.02,
23945,2025-06-29,2027,69,2,3,,94.59,129731.29
23947,,2988,57,5,5,,,173569.39
23949,2025-11-29,1860,60,5,11,552.12,106.06,
23950,2025-03-11,1683,25,10,8,,256.25,
23955,2025-02-16,819,54,15,1,166.28,,
23956,2025-05-22,164,80,3,1,1386.04,,170316.79
23960,2025-12-31,2023,67,11,10,464.55,99.57,
23963,2025-02-26,1244,32,7,2,,54.22,44678.99
23964,2025-12-08,2525,39,12,11,1039.29,74.03,
23966,2025-07-27,749,68,5,2,1611.38,,112035.94
23967,2025-02-23,2573,80,6,6,,104.1,63701.38
23968,2025-04-18,1345,26,15,6,,,272045.26
23969,2026-01-28,1776,59,8,9,1957.45,,212859.11
23970,,1932,22,1,12,276.11,58.94,31899.26
23973,2025-10-13,832,23,11,4,1354.14,,
23975,2025-09-09,1496,77,13,10,944.69,,70932.34
23976,2025-11-04,2238,28,15,9,1598.73,270.33,
23977,2026-02-14,722,67,9,6,291.76,333.38,
23979,2025-10-05,1982,19,12,3,921.88,,180755.71
23980,2025-01-13,1234,63,9,6,1631.22,,87551.31
23984,2025-08-14,1600,75,14,12,68.02,,7232.68
23985,,203,11,1,4,1360.34,,71953.96
23986,2025-03-02,2281,11,15,9,,291.86,261724.69
23988,2025-05-26,1558,29,11,1,,212.72,
23989,2025-10-11,2548,35,1,12,,52.4,64404.31
23990,2025-03-06,838,62,7,11,,183.48,22900.86
23991,2025-01-28,1214,79,12,2,192.06,11.44,
23992,2025-09-22,2224,39,5,9,1049.91,,191564.27
23995,2025-01-15,1489,32,7,12,1614.84,258.43,
23996,2025-04-19,996,13,4,8,1532.83,165.73,
23999,2025-02-14,1979,3,6,10,574.65,,16065.26
24003,2025-10-22,475,73,13,7,,23.75,9557.67
24006,2026-02-16,2850,14,12,9,861.6,,130547.58
24009,,2078,32,1,11,1753.39,349.51,
24013,2025-06-28,2887,32,2,4,1611.41,106.28,
24016,,2913,17,6,11,1201.8,134.29,71589.34
24017,2025-08-29,1400,44,5,6,842.38,,19674.6
24019,2025-05-11,2953,47,13,12,1124.05,115.94,
24020,2025-10-24,965,22,7,3,1312.26,147.94,
24023,2025-04-28,2027,72,13,1,,,6100.98
24025,2025-08-16,835,21,5,4,,19.37,
24027,2025-02-07,1361,9,6,11,1375.98,,274634.84
24031,2025-08-26,2865,15,4,6,1221.14,,159347.75
24033,2025-08-04,1363,79,15,2,,139.16,120041.46
24034,2025-12-02,1919,23,13,11,1939.63,,
24039,2025-06-10,1530,21,1,3,,137.69,222743.03
24042,2025-10-21,35,78,5,7,714.09,165.84,
24043,2025-02-21,1468,75,8,5,,222.27,
24045,,208,68,2,2,685.45,41.71,63335.15
24048,2025-07-15,2713,31,4,5,495.68,43.27,
24052,2025-02-14,651,40,11,1,,14.58,24055.55
24053,,994,48,11,6,1132.24,77.65,191494.71
24054,2025-09-05,1923,40,8,3,,249.81,191876.6
24055,,539,9,6,7,1614.65,234.47,186781.34
24056,2026-01-13,2204,35,5,11,,370.78,153307.84
24058,2025-03-13,1393,22,12,4,1828.76,,182747.35
24059,2025-12-14,427,54,2,2,1626.25,,
24062,2025-09-13,2228,11,7,7,1146.62,158.51,
24063,,2703,52,5,1,,93.43,91233.02
24064,,1321,50,5,10,1702.25,169.22,
24066,2025-07-13,462,47,4,8,,63.8,122241.33
24067,2025-12-26,3827,78,1,5,,453.53,247853.04
24068,2025-03-26,175,57,6,9,1678.39,,80121.21
24070,2025-05-01,511,1,7,8,1032.27,,152321.9
24073,,675,37,4,5,,58.13,56087.36
24076,2025-02-14,1575,53,6,12,807.67,,105925.54
24079,2025-03-09,2602,61,3,7,,43.14,27118.96
24082,,2846,60,2,12,643.68,110.41,82508.12
24083,,2290,69,9,9,376.62,26.47,21970.21
24086,2025-09-16,3610,94,15,12,,157.46,152986.77
24089,,2188,79,3,7,107.32,13.78,20931.78
24090,,2380,1,6,6,1278.41,265.53,
24091,,2506,52,4,12,828.97,55.15,28468.3
24093,,1123,29,1,6,,88.41,
24094,2025-04-12,2859,34,3,8,,109.42,185338.69
24099,2025-07-14,1387,46,3,2,,170.13,39130.44
24100,2025-07-15,1634,45,8,6,1743.79,,
24101,,2498,48,13,2,-384.9,43.49,33331.57
24102,2025-08-19,2209,74,7,7,161.04,,16923.69
24103,2025-11-18,2041,13,10,12,1477.8,,242816.92
24104,2025-01-24,1205,58,3,6,107.28,6.35,
24105,2025-08-18,2378,70,1,1,1797.65,,
24107,2025-08-02,610,14,4,11,0.0,69.72,
24108,2026-01-20,194,73,7,3,0.0,103.73,
24110,2025-07-11,2335,63,6,6,1487.59,,
24112,2025-05-16,2139,57,2,7,,132.25,
24113,2025-06-29,2215,54,3,9,0.0,,117444.82
24117,2025-09-04,890,73,5,6,215.14,29.85,
24118,2026-01-30,2372,3,4,1,1931.64,461.62,
24119,2025-05-04,506,51,15,4,,221.0,206134.8
24122,2025-08-10,1011,77,1,12,1273.92,,192495.98
24123,2025-01-27,2799,16,9,3,315.5,,
24126,2025-06-07,1951,58,10,4,,87.04,
24127,,325,37,14,8,1485.42,146.97,148832.91
24130,2025-12-29,211,24,12,11,57.09,12.93,
24131,2026-02-05,1279,13,4,3,,452.96,277294.87
24132,,2858,63,15,6,56.09,12.18,9729.35
24135,,2596,48,9,10,,103.1,10418.66
24137,2025-07-09,857,1,13,8,1938.65,,255401.16
24139,,1545,76,14,8,1128.03,75.63,
24141,2025-09-28,956,3,12,11,443.01,,
24144,2025-06-28,691,27,7,12,1678.47,138.25,
24147,2025-03-20,2717,58,10,2,656.33,40.01,
24148,2025-07-05,1632,11,8,9,,318.91,
24151,,1293,67,3,1,1432.13,,138631.47
24152,2025-10-05,1481,55,9,7,263.83,,27838.39
24153,2025-10-08,1187,23,7,3,,52.01,27167.65
24154,2025-01-05,1703,2,14,12,1134.37,248.05,
24156,2025-03-25,1864,44,3,7,,,
24157,2025-10-15,222,32,3,3,,103.25,267455.21
24160,2025-05-28,314,12,7,6,728.65,,
24161,2025-03-27,743,30,15,1,1784.2,,110657.96
24163,2025-01-15,518,8,1,3,,,96649.31
24167,2025-12-13,2258,52,7,7,498.53,,42402.94
24168,2025-06-14,2924,21,8,3,1970.71,408.51,
24169,2025-12-02,1994,66,7,9,356.76,41.88,
24172,2026-02-11,78,52,4,5,,154.75,
24173,2025-01-26,1475,40,12,7,,43.67,95343.37
24175,2025-11-04,1262,54,3,3,484.81,,34836.78
24176,,1882,25,1,4,470.58,69.1,42530.41
24178,2025-02-16,2186,80,8,5,720.11,125.15,
24179,2025-07-04,1318,43,4,4,,192.91,358137.01
24181,2025-09-05,2688,12,9,9,,182.67,113618.24
24182,2025-12-09,353,33,12,6,1496.86,,269252.62
24183,,650,1,6,11,183.43,44.39,25129.12
24188,,428,38,11,6,1754.92,422.69,189560.51
24194,2025-02-13,2442,23,7,4,,,324113.47
24195,2025-09-05,2384,29,13,7,,312.89,338538.06
24197,2026-01-23,2321,50,6,7,,,
24199,2025-03-23,815,73,10,11,1519.35,,60001.11
24200,2025-03-12,1912,2,7,10,1950.5,,248308.28
24202,2025-08-15,2220,21,11,11,,202.36,
24206,2026-02-17,2742,69,6,1,1969.27,241.35,
24207,,2828,65,12,4,702.26,118.39,134393.77
24209,2025-02-28,2070,35,10,7,1535.28,,151008.56
24211,2025-01-13,2167,69,3,5,1469.8,171.94,
24212,2025-10-11,544,65,8,11,,127.42,25367.32
24213,2025-08-11,3682,69,13,11,954.98,,25444.98
24215,2026-01-26,1728,20,15,6,210.84,,5074.17
24219,2025-05-31,2612,42,9,12,,241.88,
24221,2025-03-21,1919,39,12,9,277.33,42.05,
24223,2025-10-03,62,31,14,10,,34.52,32403.32
24224,2025-01-26,738,9,15,10,,16.51,36431.04
24228,2025-05-02,1570,46,5,5,,,137500.93
24231,2025-11-16,1081,67,6,3,,295.99,98602.31
24232,2025-09-18,2525,76,4,4,1446.21,275.61,
24236,2026-01-08,357,14,8,12,940.75,,148468.14
24237,2025-02-16,2199,75,14,10,1058.02,,42751.75
24238,2025-03-18,2259,20,12,3,1248.12,115.76,
24239,,1120,20,9,9,1769.14,,42046.76
24240,,1015,39,2,9,1965.02,188.05,
24241,2025-10-20,1741,68,15,5,,9.38,13364.01
24242,2025-06-08,1365,19,10,6,,281.86,
24243,2025-10-23,1444,56,14,10,,183.15,
24244,2025-02-23,1869,11,10,2,1136.52,161.36,
24246,2026-02-08,1594,67,8,1,403.95,,40411.39
24247,2025-11-24,752,53,9,2,1336.9,,65349.38
24250,2025-07-22,112,60,10,1,1848.82,,335356.4
24251,2025-12-10,8,38,11,3,1102.9,,94046.95
24252,2026-01-23,733,34,12,9,984.68,,172619.18
24253,2025-10-18,1386,33,6,4,1855.92,263.48,
24255,,1029,5,8,7,233.12,24.72,34424.78
24256,2025-10-20,1937,4,12,7,327.04,,63259.06
24259,2025-05-18,1682,69,14,9,323.5,,
24262,,2198,7,12,10,796.83,88.78,61280.82
24263,2025-11-28,5,66,12,8,1320.72,101.09,
24267,2025-02-23,923,72,15,4,1761.15,381.34,
24268,,1166,60,8,11,746.32,93.87,46194.5
24269,2025-05-13,766,37,15,6,,304.15,39941.17
24270,2025-08-03,528,43,10,1,1627.84,351.18,
24272,2025-12-20,2544,49,9,10,,91.58,101658.38
24274,2026-02-14,2590,60,4,2,,404.13,93717.71
24276,,1080,13,13,11,1300.83,135.32,79486.33
24277,2025-04-22,3610,70,7,7,806.04,,44624.9
24283,,2344,70,3,8,722.37,98.87,99391.45
24284,2025-07-07,2047,48,12,9,,275.41,196556.84
24286,,1750,47,2,11,262.7,46.46,24331.84
24289,2025-07-13,317,75,3,12,,,121060.43
24292,2025-05-08,1157,37,2,6,1319.48,,33285.75
24294,2025-12-15,2584,18,3,12,852.86,168.97,
24296,2025-01-21,252,77,3,10,,105.53,70495.08
24298,2025-01-07,2014,80,9,6,,,55110.83
24299,,46,41,11,1,,23.83,
24300,2025-05-14,492,70,3,6,1057.37,103.54,
24301,,705,67,10,5,715.39,137.28,74346.85
24304,,1993,72,12,10,,70.89,50052.65
24307,2025-10-13,423,42,12,9,765.34,85.17,
24309,2025-06-12,1339,78,14,9,1964.7,,275424.34
24311,2025-11-08,2891,32,1,6,1302.12,93.86,
24313,2025-09-02,2617,8,14,2,,118.65,102821.55
24315,2026-01-25,1232,12,8,9,1742.39,,312382.85
24317,2025-07-28,3502,59,9,5,1669.46,,215624.12
24318,2025-05-17,1761,67,12,5,1224.62,,89310.15
24324,,2872,78,3,5,807.82,72.92,39194.73
24325,2026-02-13,1605,26,6,1,520.7,,93783.42
24329,2025-12-01,951,63,10,12,1147.96,,211707.7
24330,2025-01-26,2550,46,11,1,,388.24,262734.24
24332,2025-01-20,2118,38,10,3,1251.4,,66205.79
24333,2026-02-13,1380,64,2,12,305.72,,
24334,2025-04-23,309,53,7,4,,278.03,330139.06
24335,2025-11-06,2070,66,13,7,790.67,83.94,
24336,2025-07-08,2764,69,15,9,,50.18,22502.88
24337,2025-02-04,270,60,3,9,605.81,43.91,
24344,2025-05-24,551,3,2,3,713.25,,
24346,2026-02-02,641,45,15,8,278.09,,31753.48
24347,,551,12,12,4,722.43,,
24349,2025-03-21,2653,59,9,6,1602.02,,34039.3
24350,,483,4,14,9,1077.6,263.4,179505.67
24351,2025-02-23,768,71,9,12,,,215477.82
24352,2025-07-06,829,39,15,1,1344.71,289.7,
24353,2025-07-28,2022,68,13,3,1147.06,76.94,
24354,2025-03-01,1960,60,7,4,1895.9,,262813.99
24356,2025-10-17,2419,54,10,8,,178.32,88995.61
24357,2025-10-21,1671,34,6,3,369.48,79.99,
24358,,2176,39,3,5,1368.55,84.85,
24359,2025-12-20,2827,65,3,5,,110.54,14210.64
24362,2025-06-08,2094,52,4,3,,443.76,
24363,2025-03-20,2878,24,2,4,,,13010.69
24366,2025-12-29,1034,72,8,8,,308.94,74229.62
24368,,156,9,12,2,,,214581.47
24369,2025-03-12,1868,57,1,9,1322.11,254.82,
24370,2026-01-26,1055,60,2,6,0.0,,88172.36
24372,2025-04-12,2231,38,6,10,918.04,159.1,
24373,2025-12-31,5,20,3,6,,340.29,324420.48
24375,2025-07-04,40,64,8,10,1639.81,,59028.39
24379,2025-04-23,2529,5,13,3,239.9,25.61,
24381,2025-03-19,499,45,1,5,,109.02,149059.98
24382,,1625,5,4,1,,63.7,35238.87
24383,2025-08-30,886,49,6,4,923.52,,
24386,,1779,41,2,6,1852.34,200.35,
24387,,2863,7,11,3,1176.68,,32305.94
24388,,3705,28,5,8,1917.81,190.15,210581.07
24389,2026-02-08,2408,45,8,11,,108.94,
24391,,2145,80,3,1,235.87,39.02,29801.63
24399,2025-01-13,965,10,13,10,,249.47,196586.19
24401,,1829,63,2,4,1765.55,,63714.09
24402,2025-01-26,2745,64,14,7,,,4552.06
24403,2025-04-05,1537,37,7,4,328.04,,
24405,,1889,37,2,1,1947.85,,309079.72
24406,2025-08-11,11,65,11,9,,32.03,54387.25
24408,2026-01-01,1106,77,6,6,,84.85,67761.37
24409,2025-03-21,2438,33,11,8,-1447.25,,261597.45
24410,2025-05-29,2711,65,10,8,,55.11,23660.14
24412,2025-07-23,188,24,13,3,1619.05,120.25,
24413,2025-02-18,1222,78,6,12,,46.78,43740.4
24414,2026-01-18,2883,1,13,9,,94.38,
24416,2025-07-18,894,55,7,5,1664.93,288.49,
24418,,908,64,15,1,1373.15,189.71,175653.83
24420,,2143,105,7,12,1526.69,144.27,69034.55
24422,2025-08-12,1932,60,3,12,,17.83,
24423,2025-06-08,2038,55,3,11,1160.39,98.65,
24424,2025-03-15,2770,59,10,12,,,286844.48
24425,2025-09-24,2462,26,1,9,726.4,,25082.38
24429,2025-08-03,2890,64,11,6,,,78609.6
24430,2025-10-14,1814,31,13,3,,55.25,66198.93
24431,2025-08-05,23,74,8,5,,39.79,54482.41
24432,2025-08-12,1679,71,9,10,412.18,,79764.54
24434,2025-04-05,1405,26,3,9,,89.87,48276.18
24436,2025-12-14,1974,65,7,1,407.35,,
24439,2025-12-13,6,42,1,7,,388.23,105982.97
24440,2025-06-02,2411,74,1,6,467.38,,86960.58
24442,2025-03-09,2840,25,3,2,988.61,246.63,
24443,2025-11-12,1416,58,3,4,,222.96,143609.55
24444,2025-08-29,914,13,8,6,,251.55,
24445,2025-08-17,1434,15,1,4,1178.3,286.91,
24447,2025-12-21,541,13,14,2,726.64,61.11,
24448,2025-03-28,2615,41,15,4,909.6,,
24449,2025-09-23,562,21,3,7,,80.98,168173.73
24450,2025-05-06,1598,1,11,9,1601.3,,
24452,2025-03-15,2404,6,2,1,,,
24453,2026-02-03,422,43,15,5,,,31819.29
24454,2026-02-07,1585,57,8,12,,115.11,
24458,,1610,77,11,6,,,
24461,2026-01-01,354,33,5,5,,122.58,89026.04
24462,2025-12-24,444,27,10,1,,42.74,34270.28
24467,2026-02-06,1126,26,5,11,,65.63,113334.83
24468,2025-08-01,2228,31,2,11,,153.93,
24469,2025-01-01,1117,48,2,7,,15.33,
24470,2025-12-22,910,77,6,2,669.45,126.69,
24471,,1921,57,5,8,61.89,7.95,1479.1
24472,2025-09-24,1876,55,14,9,722.14,114.9,
24474,,145,79,14,6,,207.98,110514.87
24477,,2179,63,4,11,1833.37,,302848.2
24482,2026-01-11,717,30,1,9,,261.27,199480.39
24488,2025-05-04,493,41,2,7,810.84,,108974.74
24489,2026-02-17,2794,69,15,2,1944.5,,295198.11
24490,2025-05-09,717,76,14,11,144.01,8.92,
24491,2025-04-13,1064,30,14,7,,19.28,
24494,2025-03-14,417,29,2,8,986.94,,75453.32
24495,,652,66,4,1,,97.25,
24497,,1429,51,9,5,,21.59,27644.17
24499,,1610,49,5,3,1853.43,,
24501,2025-11-11,1748,2,3,1,1055.1,54.18,
24504,2025-01-20,222,67,15,10,,327.17,197083.58
24505,2025-03-15,845,30,5,7,779.14,,44698.3
24508,,283,72,14,7,1759.65,390.48,166389.51
24509,2026-08-02,1148,50,14,7,391.66,74.18,
24511,2025-01-13,2517,10,1,7,1546.42,282.32,
24512,2025-06-08,2492,15,5,6,,,137344.09
24513,,2033,9,13,8,1609.85,354.72,61334.39
24514,2025-11-25,127,8,3,7,369.25,,44278.3
24515,2025-06-02,271,40,1,7,,108.67,84956.5
24516,2025-02-14,372,46,10,11,565.33,,63579.41
24517,2025-03-07,3695,43,6,8,81.01,,11248.91
24519,,325,35,8,10,607.05,86.19,41870.6
24521,,2006,61,1,3,1240.17,301.15,99184.37
24526,2025-02-01,1242,9,5,8,,20.95,25651.61
24527,2026-01-16,1903,18,11,6,,140.5,231595.98
24529,2026-09-02,1714,79,6,12,1075.54,264.82,
24532,2025-08-07,1605,57,10,11,1147.21,109.47,
24533,2025-11-06,1281,46,4,10,1561.41,116.27,
24537,,29,70,4,3,207.54,,11893.64
24544,2025-03-18,1318,23,3,6,865.43,104.28,
24545,,1948,49,12,11,,329.79,
24547,2025-10-28,695,48,4,10,454.76,59.9,
24549,2025-07-10,742,34,3,6,,,179555.11
24550,2025-03-20,2658,49,14,3,,2608.83,143243.45
24552,2026-01-27,904,54,10,1,,22.96,26208.94
24555,,1630,15,4,4,1722.02,216.99,179463.16
24557,2025-02-10,1430,62,14,3,1479.04,,214486.31
24558,2025-03-02,3889,32,6,10,1583.52,,
24559,2026-02-20,2287,66,11,5,,,24119.65
24560,2026-02-14,2111,71,3,5,1080.4,242.88,
24561,2025-05-22,1232,9,6,4,,77.06,165182.8
24562,2025-02-04,2055,10,3,10,198.35,35.7,
24563,,1712,58,5,12,,20.65,7709.5
24565,2025-10-14,2917,62,10,10,,,321696.66
24567,2025-05-16,3829,5,9,5,,218.3,95817.43
24570,2025-01-29,2025,3,11,3,-439.85,,78492.74
24571,2025-11-01,1760,17,11,8,1053.2,,135341.18
24572,2025-05-27,1960,41,1,6,1899.08,,
24574,2025-09-23,3819,38,15,11,723.71,180.15,
24577,2025-05-03,347,49,3,12,481.67,,18916.03
24578,2025-01-03,2181,37,2,1,,383.96,148373.38
24579,2025-11-16,2278,8,13,9,,236.57,304151.02
24580,2025-01-13,930,46,15,11,,197.26,123089.81
24581,2025-03-12,751,4,14,1,,,62170.96
24582,2025-03-15,1067,59,1,12,,57.89,18573.78
24585,2025-08-24,2702,62,8,4,189.0,,33487.11
24587,,1570,42,9,2,0.0,16.34,8687.41
24589,2025-07-20,1389,60,13,2,,,
24590,,2209,47,10,3,1699.63,,206749.84
24591,2025-07-25,49,70,3,6,1776.76,130.94,
24592,2025-06-22,2652,49,9,7,1477.95,,233431.65
24593,2026-01-17,204,37,15,12,1626.29,,
24595,2025-07-13,57,75,2,8,84.05,,
24596,2025-11-17,3729,50,6,2,168.98,,4067.22
24601,2025-03-21,1366,57,9,4,,,185999.95
24604,2025-06-09,534,10,14,11,,274.16,88422.63
24605,2026-10-02,1380,34,8,10,,69.2,
24606,2025-12-10,1832,69,8,10,,16.04,24808.85
24607,,512,22,6,5,,370.03,75460.14
24608,2026-01-31,2173,23,13,5,294.71,,13572.51
24609,2025-09-05,2910,65,5,2,113.63,,10341.19
24611,2025-08-20,1670,37,14,6,863.56,,66174.13
24612,2025-06-07,3698,13,5,2,1643.46,286.58,
24613,2025-05-11,2546,21,13,9,0.0,,
24620,2025-05-06,2580,58,3,7,104.78,24.92,
24621,2025-10-15,1784,77,10,3,,,34324.06
24622,2025-04-29,680,73,12,4,,231.77,193686.65
24624,2025-09-06,1569,15,8,9,1227.13,,151815.86
24626,2025-06-14,1477,6,1,9,,,
24627,2025-05-10,1562,58,7,5,,78.07,36391.29
24633,2025-06-28,547,56,11,4,,20.37,27709.0
24635,2025-05-28,2178,47,10,11,,128.61,204897.9
24637,2025-04-07,497,73,5,3,1728.55,281.33,
24638,2025-03-29,2101,11,14,3,,,127394.6
24640,2025-11-18,725,18,9,6,864.72,94.7,
24641,2025-11-14,1858,35,10,2,1415.36,,168438.06
24642,2025-03-02,1496,60,12,4,838.8,,45480.23
24644,,2564,40,4,8,,91.53,108788.28
24645,2025-12-08,2432,17,3,11,1731.58,,235446.85
24647,2025-04-11,1201,108,4,8,1368.21,236.64,
24651,2025-03-08,880,66,3,2,1537.94,193.26,
24653,,2661,60,13,7,1808.32,,226001.62
24656,,1013,15,10,11,1180.82,235.03,39949.08
24657,2025-09-26,1329,58,6,11,1122.63,126.22,
24658,2025-11-19,1253,65,11,3,,,206367.46
24662,2025-08-17,1907,73,9,2,1232.06,240.25,
24663,2025-09-02,572,55,13,6,1808.78,,245198.39
24665,2025-08-25,1657,33,3,2,,27.75,66433.44
24666,2025-09-25,2190,44,15,9,1886.84,,
24667,2026-07-01,1704,10,7,5,1429.82,219.24,
24668,2025-08-10,2235,49,3,10,566.54,,64250.3
24669,2025-08-13,2398,13,13,5,718.18,127.28,
24670,2025-10-02,504,67,6,7,840.86,205.99,
24671,,2909,12,3,10,372.52,41.59,68865.37
24672,2025-10-02,2084,52,3,2,174.68,,14392.7
24673,2025-05-31,1922,15,5,9,0.0,201.44,
24674,2025-03-09,740,11,13,5,,,284736.94
24675,2025-08-18,182,72,12,1,0.0,231.42,
24676,2025-12-25,2780,66,13,4,1627.66,332.3,
24677,2025-08-01,1974,32,3,5,542.36,,49713.92
24679,,237,57,2,1,1412.48,71.24,
24681,,507,60,1,8,982.96,49.32,63623.14
24682,,2764,6,6,8,,109.49,209380.21
24685,2025-11-14,1858,39,7,10,181.82,,6286.19
24687,2025-11-05,441,52,10,5,447.2,86.69,
24688,2025-09-29,15,54,1,11,,320.38,
24691,2025-11-21,2121,56,8,10,855.6,,61252.69
24692,,2783,59,6,8,1053.16,160.43,111977.04
24694,2025-03-18,186,30,3,2,1036.89,,
24695,2025-12-26,693,45,6,11,,327.34,
24697,2026-01-27,463,55,13,2,,97.41,164248.99
24699,2025-10-14,2415,70,12,1,,,178051.56
24702,,2295,2,15,4,745.0,,112256.5
24703,2026-05-02,659,62,14,9,,365.62,156592.42
24704,2025-03-27,2108,59,2,10,1248.94,,245720.61
24705,2025-11-24,187,43,5,1,,49.05,13937.71
24706,,2572,5,3,7,1711.28,419.83,92937.73
24707,2025-12-23,45,67,11,10,1938.69,221.93,
24708,2025-08-29,100,5,8,11,,114.59,140902.5
24710,,2228,24,15,9,234.22,,29582.2
24713,,96,78,11,12,1797.19,,235160.66
24716,2025-05-22,1438,62,1,1,931.79,,101022.59
24721,2025-05-31,2467,68,13,1,729.84,,17619.97
24722,,655,29,6,10,704.01,,20389.66
24723,2025-10-09,697,2,15,11,1006.23,,144656.47
24724,2025-12-26,334,3,12,10,,130.46,
24727,2025-08-31,549,7,6,3,788.83,167.81,
24728,,2535,77,5,4,1102.64,178.95,92042.02
24729,2025-11-16,214,78,1,8,460.01,,37792.48
24732,2025-12-25,2650,68,9,9,,64.71,80968.31
24734,2026-02-07,2591,40,9,3,,89.55,86856.83
24739,2025-02-18,2899,65,5,8,,23.91,
24742,2025-01-19,2274,48,15,12,1807.74,197.84,
24744,2025-04-02,2763,12,6,2,1007.6,147.38,
24749,2025-06-28,255,28,8,8,,72.8,49472.37
24750,2025-04-13,1311,74,2,3,563.91,,75390.1
24751,2025-01-31,2171,58,8,12,,,77062.7
24752,2025-12-10,1716,75,11,8,1180.61,,129288.29
24754,2025-12-09,2820,2,14,9,1772.05,392.31,
24755,2025-07-10,613,78,9,2,1323.97,,84917.22
24758,,2754,12,10,5,1522.81,368.97,63231.77
24759,2025-12-09,789,80,9,11,,15.71,7803.08
24760,2026-01-05,2877,21,10,5,,348.86,164425.38
24766,2025-05-11,1380,63,10,3,0.0,,225230.6
24767,2025-07-14,422,43,11,4,,190.6,141592.2
24769,,133,54,11,11,1068.46,78.2,151459.48
24772,2025-09-24,2130,27,5,6,403.09,26.89,
24774,2025-12-13,1301,46,4,7,150.48,226.37,
24778,2025-09-27,1877,69,3,5,132.67,,18603.73
24784,2025-04-02,2532,74,1,11,,374.36,72065.12
24785,2025-03-26,314,8,7,6,1513.6,293.87,
24787,2025-11-26,1203,18,4,10,,184.1,276657.93
24791,,2537,66,2,10,330.48,56.88,
24793,2025-10-29,1647,14,15,8,1754.32,229.8,
24794,2025-02-03,2303,31,12,8,1486.93,363.38,
24795,2025-05-06,2961,22,3,8,566.86,109.71,
24797,2025-08-17,813,53,1,2,,110.52,138455.31
24799,,1718,55,7,12,900.78,74.33,46573.03
24802,,1242,13,3,1,693.66,78.03,97165.13
24803,2025-06-27,1099,69,14,9,,70.35,
24804,2025-09-13,2996,36,12,7,340.38,37.63,
24805,2025-06-27,950,26,5,12,,53.64,26431.65
24806,,41,17,12,1,1364.1,115.93,
24809,2025-07-31,2041,13,6,7,,273.52,28139.0
24810,2025-12-08,1165,41,13,4,1456.36,1717.9,
24814,,2879,26,9,8,1027.89,256.74,114522.33
24815,2025-11-30,2964,23,3,6,730.97,92.01,
24816,,565,54,5,1,1524.51,180.48,174884.17
24820,2026-01-30,1964,16,6,2,,147.79,150740.89
24821,2025-08-20,2378,30,9,6,656.13,89.94,
24822,,2064,58,2,10,1863.67,300.84,
24826,2025-06-08,1815,64,4,4,485.89,,41476.79
24827,,985,23,2,5,,243.23,29199.33
24828,2025-02-25,1377,8,7,8,1715.59,231.07,
24829,2025-04-30,2008,66,4,1,997.24,,68654.55
24830,2025-01-14,778,10,12,10,,10.62,26931.19
24835,2025-03-08,676,56,12,10,,,38564.74
24836,,1754,36,5,1,857.02,,39347.71
24838,2025-08-11,1430,65,8,9,1319.71,140.61,
24840,2025-04-01,2958,2,4,3,1097.86,,
24842,2025-02-11,2310,19,1,12,1199.63,,150273.25
24843,2025-07-19,763,18,15,7,77.43,17.89,
24847,2025-08-29,300,9,15,4,1558.04,,39662.04
24848,2025-01-03,572,38,7,9,1539.22,,127866.38
24851,2025-05-28,1294,56,2,2,,254.86,28887.57
24854,,1705,42,13,1,1764.5,2054.19,
24855,2025-05-31,1397,54,10,12,1586.32,,106060.68
24856,,2860,66,12,2,1156.65,246.41,49587.76
24859,2025-11-18,2369,63,4,12,1952.22,,273651.86
24861,2025-08-07,1555,53,1,3,800.68,74.11,
24865,2025-08-15,2295,36,4,6,618.46,108.35,
24866,2026-01-29,295,18,7,5,,206.72,210826.54
24870,2025-07-01,1289,80,14,5,1905.32,442.89,
24873,2025-02-24,1002,70,7,1,1039.7,71.78,
24875,2025-07-09,1754,74,6,1,,187.05,135057.02
24876,2025-03-11,1186,74,14,7,,85.61,34098.39
24877,2025-01-26,1930,46,12,8,1164.31,,56598.54
24879,2025-03-16,1643,17,8,3,1213.1,283.92,
24880,2025-02-02,951,24,5,11,,241.73,101994.29
24881,2025-03-06,2455,9,8,4,,124.66,150442.66
24882,2025-01-01,18,32,8,9,743.25,,140551.19
24883,2025-08-27,256,5,3,2,,281.34,154611.07
24886,2025-11-04,1034,48,12,1,,441.45,74481.05
24888,,241,12,4,6,1023.99,85.61,35227.81
24889,,1818,45,3,2,1696.02,359.67,
24891,2025-10-17,1035,51,13,11,,308.73,
24892,,2110,15,14,7,1961.0,366.26,59360.83
24893,,2996,13,12,9,1822.23,193.24,
24894,2025-04-30,2567,69,2,5,1305.18,,
24895,2025-09-18,846,22,9,1,,132.17,267039.73
24897,2025-08-07,2550,8,15,1,734.33,88.77,
24900,2025-04-05,2020,1,4,6,1760.62,,
24901,2025-07-25,2097,73,15,3,1411.01,86.64,
24904,2025-07-02,976,37,13,4,172.8,36.92,
24906,2025-09-26,170,47,8,3,286.18,,48295.37
24907,2025-10-27,1472,70,1,8,1006.57,137.07,
24911,2025-03-15,53,47,14,10,,22.99,42126.95
24912,2025-03-07,3644,40,1,4,1661.53,,147667.2
24914,2026-01-17,1984,72,13,1,860.03,,
24917,2025-04-18,468,77,10,5,508.35,104.65,
24922,,2460,28,8,3,,140.26,21256.71
24923,2025-01-05,1844,69,13,5,1681.36,,316696.73
24924,,1895,13,4,8,1344.21,274.7,212082.27
24925,,2918,57,6,9,,17.18,55610.04
24926,,745,45,8,1,545.66,100.74,16380.7
24927,,809,67,13,5,851.27,158.15,24147.54
24929,2025-09-03,815,28,4,10,,,224252.14
24930,2025-11-24,1628,72,11,11,,237.06,205971.89
24931,2025-06-18,2929,71,10,11,,48.78,32058.93
24934,2025-11-04,557,54,7,6,,,65487.85
24935,2025-05-13,1554,78,7,4,,,79937.42
24936,2025-01-22,2753,79,5,12,748.96,82.06,
24941,2025-12-20,2058,68,8,9,598.63,,33142.52
24942,2025-07-29,697,39,1,6,,113.81,52702.94
24944,2025-07-28,667,34,15,12,,143.68,
24946,2025-08-07,1015,63,2,11,,26.36,40483.59
24947,2025-03-03,917,38,12,7,1174.89,,160179.87
24948,2025-02-15,2147,59,6,3,,,45645.13
24949,2025-10-08,282,48,13,2,51.09,9.53,
24950,2025-03-15,1838,3,6,11,1158.91,132.95,
24951,2026-02-13,2286,29,6,1,,22.87,17515.54
24953,2026-06-02,2487,50,15,4,421.24,,73272.1
24954,2025-02-17,1947,2,8,9,,134.93,192945.69
24955,2025-03-07,2461,60,1,8,,77.27,72787.53
24956,2025-02-04,2355,8,6,7,916.12,,85840.31
24957,2025-05-21,2328,39,5,9,383.59,40.25,
24958,2025-06-05,1109,37,10,11,,104.01,19046.53
24963,2025-10-24,1039,25,4,12,,145.94,149780.41
24969,2025-02-27,1623,66,12,2,1019.9,173.03,
24970,,2232,54,9,4,1981.83,311.0,
24973,2025-03-18,2108,69,14,11,738.67,135.35,
24975,2025-04-07,801,57,2,3,1428.39,,164860.59
24980,,2417,34,8,9,1405.38,156.47,197738.33
24981,2026-02-09,745,59,14,1,241.31,12.11,
24984,2025-06-08,2237,8,3,1,,59.93,57769.03
24985,2025-04-29,3838,18,10,12,,35.61,
24987,2025-06-18,3762,4,1,7,,123.17,164418.06
24988,2026-01-21,1645,53,7,3,,1120.77,152148.16
24989,,2288,44,8,8,748.07,,
24991,,1651,42,6,10,1231.97,135.19,
24993,2025-06-03,1017,18,14,8,1469.46,362.53,
24998,2025-06-15,1514,13,8,7,1095.12,,138979.84
24999,2025-11-26,1205,2,8,10,,65.51,
25001,2025-04-07,1062,38,15,3,,79.4,109425.04
25002,2025-05-31,1455,45,3,9,,,
25003,2025-03-12,1479,76,14,12,,253.05,149111.5
25008,2026-01-09,1385,19,12,1,1271.02,235.76,
25009,2025-08-23,462,62,5,12,677.67,66.86,
25011,2025-09-16,1663,68,15,5,,71.44,27472.19
25014,,2871,21,14,4,183.13,32.01,5723.99
25015,2025-04-16,1245,54,5,2,1246.75,,67022.94
25016,2025-04-11,1714,56,1,10,226.8,,
25021,2025-03-14,1091,37,6,8,,132.91,130741.1
25022,2025-01-31,2477,52,13,8,1109.57,,135847.06
25023,2025-02-19,2831,28,8,11,253.24,,35801.44
25024,,239,39,4,8,366.39,53.78,44094.88
25025,2025-09-04,1113,46,9,5,1247.35,,140866.48
25026,2025-03-16,1447,80,8,9,786.82,170.4,
25027,2026-02-17,2061,36,12,4,1305.96,94.66,
25029,2026-02-18,1558,15,7,2,,146.81,
25030,2026-01-06,2960,40,9,4,,209.6,62535.84
25033,,672,30,5,11,412.33,30.58,36985.02
25034,2025-02-08,317,9,3,3,1837.32,,
25035,2025-03-08,2907,43,6,4,443.64,,42352.92
25040,2025-04-19,1773,55,3,12,1484.3,134.36,
25043,2025-08-30,955,12,2,1,,259.43,36879.19
25045,2025-09-12,1776,16,2,8,1930.78,,300595.9
25046,2025-09-18,2525,76,4,4,1446.21,275.61,
25047,2026-02-01,496,61,5,6,926.72,,27040.51
25048,2025-04-14,308,38,3,12,,,
25049,2025-01-09,2048,74,9,4,,360.03,215475.75
25050,2025-12-17,2333,37,10,10,,,5159.7
25054,2025-11-01,1512,74,5,4,1062.96,262.36,
25055,,144,29,8,6,1563.05,367.26,239091.19
25056,2025-01-10,1560,51,6,5,1943.53,,
25058,2025-07-25,978,64,15,9,119.16,,
25064,2025-04-24,2500,76,11,7,1194.3,158.07,
25066,2025-06-10,1902,52,3,9,661.93,154.98,
25067,2025-08-25,2572,66,1,4,1406.8,,
25068,2025-05-27,1978,71,14,12,319.65,47.99,
25069,2025-10-12,2326,55,7,1,653.76,116.32,
25070,2025-10-03,317,42,6,2,1598.8,,
25071,2025-09-15,1901,42,7,11,,13.12,23453.9
25072,2025-08-29,1026,5,7,7,1454.33,,122229.58
25075,2025-08-27,11,39,14,7,,291.95,193599.02
25077,2025-12-08,65,76,15,10,,34.6,
25081,2025-11-04,1925,76,7,4,1738.53,,74947.42
25083,2025-01-26,1754,74,1,9,,,
25084,2025-09-15,43,68,3,4,,,33396.97
25085,2025-12-04,1016,38,2,2,1475.62,175.47,
25088,2025-09-28,1955,18,14,7,310.99,,
25091,2025-05-07,1843,33,9,4,,,296237.72
25092,2026-01-12,1601,34,1,9,1047.64,,
25096,2026-02-16,2122,44,3,6,-438.87,32.09,
25099,2025-02-14,968,37,5,12,1307.11,266.3,
25101,2025-04-05,821,57,4,4,,,152776.42
25103,2025-12-06,1680,34,3,1,,144.55,94178.67
25104,2025-07-08,1947,80,5,5,1394.73,213.99,
25107,2025-06-04,2142,6,9,10,1424.46,,275087.96
25108,2025-11-23,696,20,4,9,,85.98,184099.3
25111,2026-03-01,2840,17,7,8,660.98,112.61,
25115,2026-01-27,904,54,10,1,,22.96,26208.94
25116,2025-09-19,1838,43,7,12,,115.44,59557.41
25117,2025-11-14,2911,66,7,10,1407.68,197.58,
25123,2025-07-24,3608,67,4,5,140.05,,15596.34
25124,,1820,60,5,8,1820.14,333.53,171637.45
25128,2025-05-22,2455,59,15,11,1446.54,,230401.49
25129,2026-01-19,2250,43,14,9,,74.5,77325.12
25130,2025-04-21,2327,39,13,7,,113.68,156124.02
25132,2026-02-18,2562,62,8,9,1268.88,,72876.35
25133,,2390,103,12,9,382.73,,19116.52
25136,2025-01-07,2756,18,11,11,,,286990.78
25137,2025-07-29,1888,39,14,12,1500.53,,70976.12
25138,2025-02-01,283,66,11,10,1358.24,250.78,
25143,2025-06-17,1118,10,15,12,1494.12,343.93,
25147,2025-07-02,2295,16,1,9,1997.65,242.32,
25149,2025-03-13,2221,29,13,3,,226.04,169766.06
