id_siniestro,id_poliza,fecha_siniestro,monto_siniestro,estado
1,17400,2025-10-16,2092.59,ABIERTO
2,2465,2025-08-01,7076.25,ABIERTO
3,15785,2025-09-19,702.27,CERRADO
4,14299,2025-09-27,274.63,ABIERTO
5,12908,2025-12-01,9377.69,RECHAZADO
7,3379,2025-08-16,10513.3,ABIERTO
8,23824,2025-01-17,2736.2,ABIERTO
10,19947,2025-09-12,8801.03,CERRADO
11,6448,2025-05-31,1619.38,ABIERTO
13,3716,2025-07-13,-4274.39,RECHAZADO
15,19142,2025-01-29,14533.77,ABIERTO
17,2112,2025-08-01,11995.56,CERRADO
19,5547,2025-10-10,5714.06,CERRADO
21,8637,2025-06-06,4335.01,ABIERTO
22,6924,2025-11-16,10436.86,CERRADO
23,5261,2025-10-15,6636.22,ABIERTO
24,17180,2025-06-13,6183.83,CERRADO
26,7930,2025-12-10,1326.94,ABIERTO
29,18397,2025-12-19,1485.06,ABIERTO
33,2231,2025-09-21,2443.9,RECHAZADO
35,15273,2025-01-03,13959.68,CERRADO
36,16929,2025-01-06,3649.94,CERRADO
37,504,2025-09-15,1143.51,RECHAZADO
38,1202,2025-10-21,2154.09,CERRADO
40,8220,2025-04-30,1081.73,CERRADO
43,11680,2025-05-13,10535.93,CERRADO
44,17906,2025-06-22,8580.31,ABIERTO
45,15100,2025-01-27,8761.24,ABIERTO
47,6904,2025-04-08,7795.35,ABIERTO
48,503,2025-08-29,3740.29,RECHAZADO
52,22187,2025-08-19,4886.0,CERRADO
53,11106,2025-06-23,2182.44,CERRADO
54,14544,2025-07-27,2132.56,CERRADO
57,11757,2025-04-09,3215.08,CERRADO
59,4806,2025-01-16,2856.71,CERRADO
60,15711,2025-08-31,2916.65,CERRADO
62,14407,2025-04-05,8013.21,CERRADO
64,10093,2025-11-30,11004.28,CERRADO
65,19562,2025-05-29,14057.33,CERRADO
66,14064,2025-03-25,9842.05,ABIERTO
67,5049,2025-05-26,13723.01,RECHAZADO
70,18587,2025-12-18,5912.93,CERRADO
73,14099,2025-05-09,11459.27,ABIERTO
74,3314,2025-10-23,14502.38,CERRADO
75,9867,2025-08-16,1888.27,ABIERTO
77,8700,2025-09-05,9948.91,ABIERTO
78,4535,2026-02-12,8534.49,CERRADO
79,7460,2025-08-21,11711.43,CERRADO
84,2227,2025-09-26,10158.82,ABIERTO
87,23591,2025-03-09,1777.81,ABIERTO
88,14027,2025-03-18,10253.14,ABIERTO
89,12761,2025-04-22,14870.71,ABIERTO
90,21277,2025-05-21,6602.43,RECHAZADO
91,80,2025-12-09,12229.82,ABIERTO
93,1928,2025-01-31,12706.47,ABIERTO
96,17713,2026-02-21,7797.66,ABIERTO
99,18399,2025-06-27,2077.75,CERRADO
101,24142,2025-06-21,1602.59,ABIERTO
102,8858,2025-01-16,5155.2,CERRADO
105,19541,2025-09-28,4267.91,CERRADO
106,2501,2025-11-29,511.1,ABIERTO
109,9413,2025-07-21,4356.6,CERRADO
110,16745,2025-03-27,8484.21,ABIERTO
111,2641,2025-04-12,11886.43,CERRADO
112,6548,2025-10-27,13134.7,CERRADO
113,8649,2026-01-22,10126.28,ABIERTO
114,5370,2025-03-10,7762.7,CERRADO
115,24834,2025-10-08,12189.58,ABIERTO
120,21805,2025-12-07,12403.48,ABIERTO
121,3645,2025-04-10,13084.42,RECHAZADO
123,8567,2025-09-22,5749.7,RECHAZADO
125,17509,2025-11-09,1154.08,CERRADO
126,13007,2025-10-17,13629.62,RECHAZADO
127,424,2025-07-29,1595.62,CERRADO
129,8836,2025-03-02,1652.79,ABIERTO
135,24992,2025-08-02,302.32,ABIERTO
136,9670,2025-05-31,6040.15,CERRADO
137,23959,2025-05-26,13295.74,CERRADO
138,22384,2025-11-10,9051.84,ABIERTO
139,21305,2025-12-12,12134.64,RECHAZADO
140,21427,2025-10-11,12522.96,ABIERTO
141,25512,2025-12-26,8366.08,ABIERTO
144,7956,2025-01-01,8822.7,ABIERTO
145,5744,2025-07-24,3902.65,ABIERTO
146,5630,2025-02-16,6370.38,CERRADO
147,3192,2026-02-21,9549.21,CERRADO
149,9146,2025-11-14,2981.78,ABIERTO
150,14981,2025-01-31,13415.37,RECHAZADO
151,2464,2025-02-14,3627.56,CERRADO
152,22723,2025-09-09,9937.98,ABIERTO
156,16853,2025-03-09,1390.48,ABIERTO
157,22187,2025-04-03,4984.64,CERRADO
158,8637,2025-02-08,12772.25,RECHAZADO
159,2123,2025-11-12,6450.16,CERRADO
160,13528,2025-03-16,3582.61,ABIERTO
162,17558,2025-12-16,2904.94,ABIERTO
164,3953,2025-06-27,14622.5,CERRADO
165,3478,2025-03-20,5989.33,CERRADO
167,19661,2025-10-29,5398.38,CERRADO
168,6501,2025-10-20,3552.32,CERRADO
169,23178,2025-12-04,4944.75,CERRADO
171,6401,2025-11-02,13258.53,RECHAZADO
172,10449,2025-03-29,3349.56,ABIERTO
173,11295,2025-04-24,12085.03,RECHAZADO
174,25761,2025-10-12,9433.77,RECHAZADO
176,14992,2025-10-03,7840.46,ABIERTO
178,22497,2025-09-24,12188.69,CERRADO
181,3779,2025-05-19,2915.04,ABIERTO
182,6051,2025-07-15,4083.6,ABIERTO
184,13385,2025-07-08,5142.95,RECHAZADO
185,23960,2025-03-25,2485.0,CERRADO
187,17116,2026-01-25,8263.06,RECHAZADO
191,23374,2025-06-13,14690.5,CERRADO
192,24819,2025-12-07,764.29,ABIERTO
194,13685,2026-02-08,8942.15,ABIERTO
195,3021,2026-02-22,1043.99,RECHAZADO
196,4434,2025-03-11,1158.74,CERRADO
198,3833,2025-08-18,9016.27,RECHAZADO
200,8648,2025-03-24,6486.31,CERRADO
203,21133,2025-07-10,4564.31,RECHAZADO
205,15065,2026-02-09,14726.41,CERRADO
206,5583,2025-03-04,11554.34,CERRADO
207,10666,2025-03-09,10303.63,ABIERTO
208,5006,2025-05-24,4504.93,CERRADO
210,14034,2025-08-20,12036.08,CERRADO
211,18427,2025-12-18,6967.73,CERRADO
213,1279,2025-02-07,13118.01,RECHAZADO
214,16890,2026-01-25,2780.04,ABIERTO
215,13337,2025-08-02,14527.75,ABIERTO
217,14431,2025-09-27,2510.93,ABIERTO
218,5896,2025-10-27,10531.67,CERRADO
220,2535,2025-12-19,5001.06,ABIERTO
221,2986,2025-02-12,9139.78,CERRADO
222,13632,2025-06-05,14814.18,CERRADO
224,19260,2026-02-14,5466.39,ABIERTO
226,12950,2025-05-08,2683.64,CERRADO
227,2933,2025-10-17,5919.45,CERRADO
229,16087,2025-06-11,5957.36,CERRADO
230,19159,2025-01-09,1517.87,CERRADO
231,16670,2025-09-17,12582.5,RECHAZADO
232,3014,2025-07-03,9726.96,CERRADO
233,11033,2025-03-04,9170.56,ABIERTO
235,23798,2025-07-10,10657.43,ABIERTO
241,20874,2025-01-29,5212.81,CERRADO
242,10437,2025-06-03,14596.52,RECHAZADO
245,5447,2025-08-20,14464.74,ABIERTO
246,11329,2025-01-10,11681.88,ABIERTO
248,11871,2026-01-25,804.82,CERRADO
252,2267,2025-11-01,12762.64,ABIERTO
253,1765,2026-01-31,10785.64,ABIERTO
254,22116,2025-03-14,5059.14,CERRADO
257,15563,2025-04-27,7905.89,CERRADO
258,7251,2025-09-04,359.56,ABIERTO
259,19809,2025-09-21,10058.57,CERRADO
261,9851,2025-12-31,1092.58,RECHAZADO
263,6744,2025-05-06,8228.53,ABIERTO
265,217,2025-11-12,3763.55,ABIERTO
266,18359,2025-07-22,11326.78,RECHAZADO
268,18702,2025-03-11,5803.93,ABIERTO
270,21104,2025-08-28,8284.25,ABIERTO
272,11306,2025-10-12,6748.93,ABIERTO
273,14467,2025-03-20,2855.89,ABIERTO
275,19524,2025-09-13,10334.68,ABIERTO
276,24025,2025-07-21,12873.15,CERRADO
279,8178,2025-05-30,10418.51,RECHAZADO
281,22881,2025-11-14,197.86,CERRADO
282,11387,2025-02-07,5370.01,CERRADO
284,4685,2025-01-05,11406.08,ABIERTO
285,17418,2025-04-10,5091.35,ABIERTO
286,14149,2025-05-29,7311.29,ABIERTO
287,17519,2025-11-22,2869.86,RECHAZADO
288,19817,2025-01-22,2321.09,ABIERTO
289,2525,2025-01-20,6583.18,CERRADO
290,23857,2025-07-23,3302.24,CERRADO
292,15112,2025-10-01,2486.04,CERRADO
294,21932,2026-02-01,9926.07,ABIERTO
295,11353,2025-11-06,566.0,ABIERTO
297,7821,2025-12-09,3566.43,CERRADO
299,11447,2026-02-08,14867.64,CERRADO
300,13999,2025-02-23,331.95,ABIERTO
301,19710,2025-08-08,1424.02,CERRADO
304,2036,2025-02-21,8381.86,CERRADO
309,22223,2025-04-03,11939.28,CERRADO
311,16425,2025-05-02,10081.65,CERRADO
312,15669,2026-02-05,2986.38,ABIERTO
315,6480,2025-10-28,13359.79,RECHAZADO
318,18504,2025-12-17,14001.5,CERRADO
320,17508,2025-10-31,8640.45,ABIERTO
321,15003,2025-10-22,4359.69,ABIERTO
322,19178,2025-12-08,10770.63,ABIERTO
324,4083,2025-03-18,10678.85,CERRADO
327,8526,2025-05-17,13905.74,RECHAZADO
328,19746,2025-03-11,6693.43,ABIERTO
329,23344,2025-01-08,10541.76,ABIERTO
332,20787,2025-05-17,11131.22,ABIERTO
333,21160,2025-11-26,6116.37,ABIERTO
334,12046,2025-04-03,2537.12,ABIERTO
335,12406,2025-04-05,319.52,CERRADO
339,8768,2025-01-25,2863.49,ABIERTO
340,4853,2025-11-16,8016.06,ABIERTO
343,25543,2025-07-21,4564.3,CERRADO
344,9611,2025-02-22,2147.03,CERRADO
345,5702,2025-08-30,10398.23,ABIERTO
346,16953,2026-03-02,14629.39,CERRADO
349,18539,2025-11-27,-4684.76,CERRADO
350,7943,2025-05-11,10787.07,CERRADO
352,5401,2025-11-09,14262.99,RECHAZADO
354,23874,2025-04-20,12544.63,RECHAZADO
356,21703,2025-08-01,3463.49,ABIERTO
359,12112,2025-10-26,2073.55,ABIERTO
360,24056,2025-09-20,7083.76,RECHAZADO
361,16268,2025-07-17,13927.17,ABIERTO
363,21311,2026-02-04,9959.61,ABIERTO
365,18228,2025-11-17,13973.16,CERRADO
366,5844,2025-02-02,11212.65,CERRADO
367,942,2025-07-05,1374.6,ABIERTO
368,14823,2025-10-11,1629.44,ABIERTO
369,15818,2025-02-14,434.28,ABIERTO
370,20114,2026-02-14,5559.03,ABIERTO
371,20612,2025-02-12,5087.67,CERRADO
372,941,2025-01-31,10846.29,ABIERTO
373,16241,2026-02-16,2754.6,CERRADO
375,3784,2025-02-21,6278.59,CERRADO
377,19938,2026-01-27,-3081.44,ABIERTO
378,4586,2025-01-09,2051.08,ABIERTO
379,19394,2025-04-11,4337.43,CERRADO
384,16998,2025-09-17,8268.6,CERRADO
389,21668,2026-01-31,11042.25,ABIERTO
390,840,2026-02-23,10747.46,ABIERTO
392,20920,2025-08-04,1035.65,CERRADO
395,990,2025-06-11,924.16,ABIERTO
396,986,2025-10-23,8896.66,ABIERTO
397,22624,2025-06-14,6819.88,CERRADO
398,10478,2025-08-24,7566.63,ABIERTO
399,1386,2025-04-06,1160.69,ABIERTO
403,9469,2026-01-30,3664.72,CERRADO
405,17081,2025-08-02,13445.95,ABIERTO
406,13593,2025-05-31,1225.41,CERRADO
409,4598,2025-08-10,14385.55,ABIERTO
412,1661,2025-05-01,12937.82,ABIERTO
413,15474,2025-01-14,11665.1,CERRADO
416,1066,2025-11-06,2268.69,RECHAZADO
417,24940,2025-06-20,11978.74,ABIERTO
419,11189,2025-07-19,6286.41,CERRADO
420,15208,2025-06-17,14567.87,RECHAZADO
422,9973,2025-12-28,5901.69,ABIERTO
424,11599,2025-06-21,2656.34,CERRADO
425,6477,2025-10-23,11168.31,ABIERTO
426,24821,2025-06-18,9786.35,CERRADO
430,9420,2025-03-07,14797.54,RECHAZADO
432,3991,2026-02-07,12934.03,CERRADO
433,13660,2025-07-14,4257.18,RECHAZADO
434,9923,2025-03-19,10300.58,CERRADO
437,23431,2025-08-14,9923.03,RECHAZADO
440,16397,2025-10-16,8359.38,RECHAZADO
441,22684,2025-12-03,10554.36,RECHAZADO
442,25876,2025-10-03,147.22,RECHAZADO
448,13756,2025-11-18,8492.99,CERRADO
449,10005,2025-02-05,9876.19,ABIERTO
450,18661,2025-11-05,2919.02,RECHAZADO
451,3111,2025-03-30,12498.73,CERRADO
462,1370,2025-02-25,2238.16,RECHAZADO
463,1315,2025-05-23,9403.53,CERRADO
464,7665,2025-08-23,6095.66,ABIERTO
465,4729,2025-10-15,13763.87,CERRADO
466,19556,2025-05-22,929.56,CERRADO
467,12477,2025-04-29,12448.85,CERRADO
468,7145,2025-06-29,9748.24,RECHAZADO
470,7885,2025-12-18,9856.68,CERRADO
471,2155,2025-01-12,5220.04,ABIERTO
472,4686,2025-11-19,7740.48,ABIERTO
473,6110,2025-02-02,14439.69,RECHAZADO
477,23464,2026-02-01,4561.33,RECHAZADO
478,15010,2026-01-27,11687.78,ABIERTO
482,18388,2025-11-03,2624.1,CERRADO
484,10177,2025-09-21,9795.3,RECHAZADO
486,16519,2025-10-01,4527.06,CERRADO
487,21900,2025-11-02,14449.32,ABIERTO
489,6169,2025-07-06,10359.49,CERRADO
491,10798,2025-04-13,11866.01,CERRADO
492,5514,2025-07-05,13335.48,CERRADO
494,4271,2025-09-12,11207.5,CERRADO
496,9321,2025-08-23,597.85,ABIERTO
499,4303,2026-02-03,6686.39,ABIERTO
500,24173,2025-07-03,6633.52,RECHAZADO
501,1935,2025-03-01,9456.55,ABIERTO
502,8758,2026-01-02,7272.53,ABIERTO
503,13990,2025-07-15,4634.32,CERRADO
504,12911,2026-07-02,12735.57,ABIERTO
505,9535,2025-04-03,13921.33,RECHAZADO
512,25808,2025-04-28,1956.2,ABIERTO
515,7931,2025-04-19,7142.51,ABIERTO
519,2775,2025-09-20,11906.59,ABIERTO
520,17065,2026-01-19,8464.37,ABIERTO
521,2027,2025-08-21,2008.92,ABIERTO
522,8459,2025-09-24,5956.22,ABIERTO
523,2414,2025-08-10,13565.6,ABIERTO
525,9683,2025-06-01,4540.67,CERRADO
526,6685,2026-01-27,965.71,CERRADO
527,17205,2025-06-03,12224.81,CERRADO
529,1551,2026-02-24,12584.02,CERRADO
530,19258,2025-10-10,14448.22,ABIERTO
532,13554,2025-02-17,10457.23,RECHAZADO
533,1400,2026-02-17,778.9,ABIERTO
534,13893,2025-07-01,2203.47,ABIERTO
535,17558,2025-05-11,775.73,CERRADO
536,1687,2025-11-28,8216.35,ABIERTO
537,10763,2025-01-29,6960.69,CERRADO
538,16568,2026-02-21,800.55,CERRADO
539,15629,2025-02-04,629.03,ABIERTO
540,24874,2025-10-25,6239.3,RECHAZADO
544,13123,2025-03-06,8419.73,ABIERTO
545,14630,2025-01-07,965.14,CERRADO
546,2269,2025-03-13,6320.76,CERRADO
547,18971,2025-12-06,13821.43,ABIERTO
549,10771,2026-01-19,-9024.61,ABIERTO
550,25667,2025-11-08,3598.0,ABIERTO
551,21438,2025-07-05,5836.89,ABIERTO
552,2165,2025-11-02,11024.33,CERRADO
553,21888,2026-01-05,3112.17,CERRADO
555,17858,2025-01-16,13960.18,CERRADO
557,6868,2025-06-30,5325.91,CERRADO
558,21780,2025-10-05,10753.61,CERRADO
560,3151,2025-02-28,-1744.2,ABIERTO
561,8177,2025-05-11,3376.64,CERRADO
562,15715,2026-01-28,4479.51,CERRADO
563,18040,2025-08-03,7778.11,RECHAZADO
564,21307,2025-12-06,11816.47,RECHAZADO
566,7229,2025-09-10,8102.59,RECHAZADO
570,25508,2025-05-21,9919.76,CERRADO
571,354,2025-02-12,11624.3,RECHAZADO
572,8028,2026-02-06,1046.73,CERRADO
573,5994,2026-01-25,8064.22,CERRADO
575,17032,2025-09-23,6006.23,CERRADO
576,20005,2025-05-29,3660.61,ABIERTO
577,9416,2025-07-16,7281.78,ABIERTO
578,5441,2025-05-05,6542.3,CERRADO
579,6238,2025-06-25,-676.22,RECHAZADO
580,21031,2025-08-22,14726.12,ABIERTO
582,11973,2025-11-27,681.75,ABIERTO
583,15892,2025-01-31,9323.33,RECHAZADO
585,2185,2025-08-02,14347.09,CERRADO
586,5064,2025-01-01,3427.67,CERRADO
588,9780,2025-01-20,12340.44,ABIERTO
589,23761,2025-02-04,1722.65,CERRADO
590,1390,2025-11-22,5100.16,CERRADO
591,24753,2025-12-29,9243.95,ABIERTO
594,24598,2025-09-18,2947.86,RECHAZADO
596,20730,2025-01-21,-13047.91,ABIERTO
598,15220,2025-04-17,263.87,RECHAZADO
599,20491,2025-01-16,567.78,CERRADO
603,17985,2025-07-24,14180.71,ABIERTO
608,24323,2025-09-04,5670.57,ABIERTO
609,13678,2025-03-23,5395.55,ABIERTO
610,22850,2025-10-06,11563.14,ABIERTO
613,22432,2025-08-03,11453.7,ABIERTO
614,9264,2025-09-09,1692.12,ABIERTO
615,11298,2025-11-14,9282.91,RECHAZADO
616,6056,2025-08-12,5153.3,ABIERTO
619,3397,2025-03-12,10501.36,ABIERTO
620,17258,2025-10-14,2924.44,CERRADO
624,11022,2025-06-30,13436.62,CERRADO
626,22538,2025-08-05,4677.56,ABIERTO
627,471,2025-01-09,6150.14,RECHAZADO
631,3214,2025-07-24,14084.12,RECHAZADO
633,5243,2025-06-10,1215.3,RECHAZADO
635,13335,2026-02-20,2689.49,CERRADO
637,22494,2025-05-01,8852.96,ABIERTO
638,19539,2025-12-12,10177.49,ABIERTO
640,13475,2025-07-25,12933.19,ABIERTO
641,21496,2025-03-15,8941.22,ABIERTO
642,6639,2026-01-27,6072.88,ABIERTO
643,4604,2026-02-12,13596.15,CERRADO
645,11915,2025-04-27,8814.08,CERRADO
646,4770,2025-02-15,5803.73,ABIERTO
648,4252,2025-07-13,7226.64,ABIERTO
649,12061,2026-03-02,8161.32,ABIERTO
650,24671,2025-09-05,6124.17,RECHAZADO
655,14468,2025-06-25,4379.27,ABIERTO
657,23993,2026-01-18,12774.15,CERRADO
658,9973,2026-02-20,7195.36,RECHAZADO
659,8391,2025-01-24,8128.14,CERRADO
660,24254,2025-06-08,4004.38,CERRADO
665,21165,2025-11-12,9060.55,CERRADO
667,22850,2025-09-06,14333.09,RECHAZADO
669,17465,2025-10-24,1905.81,ABIERTO
670,25645,2025-07-26,5730.79,ABIERTO
673,12793,2025-04-27,7026.08,CERRADO
674,9099,2025-10-27,5490.56,ABIERTO
677,19888,2026-01-30,8543.66,ABIERTO
678,24681,2025-05-01,1097.13,RECHAZADO
680,7570,2025-12-28,12621.97,CERRADO
682,23566,2025-07-26,13620.41,RECHAZADO
683,23539,2025-10-22,10505.35,CERRADO
684,13740,2025-07-24,13370.29,CERRADO
685,8447,2025-07-16,5431.73,CERRADO
689,10280,2025-01-23,10161.02,CERRADO
690,679,2025-06-23,14161.93,ABIERTO
692,7865,2025-05-17,7245.23,ABIERTO
693,239,2026-11-02,2587.5,CERRADO
694,16051,2025-02-23,2151.57,RECHAZADO
697,8619,2025-10-10,11461.41,ABIERTO
699,24920,2025-01-22,2235.03,RECHAZADO
702,2873,2025-06-14,5179.61,CERRADO
705,13150,2025-11-12,11601.83,RECHAZADO
706,2757,2025-08-25,13278.87,CERRADO
707,24991,2025-11-27,7549.29,ABIERTO
712,24680,2026-07-01,13399.7,CERRADO
713,20970,2025-07-21,2303.55,CERRADO
714,5994,2025-04-26,10205.69,CERRADO
715,23754,2025-12-18,10141.18,ABIERTO
718,7795,2026-02-22,12169.4,ABIERTO
719,15868,2025-12-25,1394.24,CERRADO
720,24674,2026-06-02,1668.36,ABIERTO
721,21605,2025-10-25,10947.61,CERRADO
722,17682,2025-02-16,10999.55,ABIERTO
723,24857,2025-01-15,508.97,CERRADO
724,23742,2025-02-24,8822.98,CERRADO
727,25607,2026-01-14,9084.17,ABIERTO
729,4497,2025-11-14,336.98,ABIERTO
731,22473,2025-11-12,3126.48,CERRADO
732,20771,2025-06-18,3214.48,ABIERTO
733,16099,2025-08-10,12090.96,ABIERTO
736,1668,2025-08-27,1066.12,CERRADO
737,8626,2025-11-23,8378.93,CERRADO
739,25838,2025-10-09,6691.62,CERRADO
744,8360,2026-02-03,2020.77,ABIERTO
745,22996,2025-11-20,1381.36,CERRADO
747,2468,2025-07-01,10010.05,RECHAZADO
748,20797,2025-01-14,5210.91,ABIERTO
749,14183,2026-01-06,8218.95,CERRADO
750,7697,2025-10-08,5380.56,ABIERTO
753,1456,2025-10-10,3016.99,CERRADO
755,11416,2025-10-01,4159.67,ABIERTO
757,19194,2025-03-24,2954.35,CERRADO
761,97,2025-03-08,12403.25,RECHAZADO
764,9791,2025-10-15,5691.21,CERRADO
767,6334,2026-02-04,12486.42,ABIERTO
768,17775,2025-03-18,6684.29,CERRADO
769,14602,2025-11-17,3895.18,ABIERTO
770,13566,2025-09-24,9355.26,ABIERTO
772,12625,2025-10-22,11637.18,CERRADO
774,12939,2025-09-27,11202.95,CERRADO
775,13123,2025-04-07,3021.45,RECHAZADO
776,21701,2025-03-01,14772.14,RECHAZADO
780,11745,2026-02-04,9907.16,ABIERTO
781,3134,2025-11-21,11122.43,CERRADO
782,6674,2025-03-09,4364.59,ABIERTO
787,15672,2025-05-24,3901.09,CERRADO
789,24449,2025-04-02,12583.0,CERRADO
794,6939,2025-11-16,3297.63,RECHAZADO
795,18424,2025-03-15,7565.56,CERRADO
796,16905,2025-01-06,13179.02,ABIERTO
797,17041,2025-01-30,11728.06,CERRADO
798,9464,2025-07-11,-9622.54,CERRADO
799,11920,2025-05-21,8440.96,ABIERTO
800,1975,2025-12-14,8292.32,ABIERTO
801,10815,2025-10-11,14958.46,ABIERTO
802,6531,2025-01-25,14323.7,CERRADO
803,13409,2025-12-24,13826.32,ABIERTO
804,5193,2025-08-23,767.61,ABIERTO
805,14256,2025-07-04,3088.12,CERRADO
807,22910,2025-07-30,13637.84,RECHAZADO
809,3561,2025-09-27,4364.29,ABIERTO
810,11163,2026-02-08,6044.37,ABIERTO
811,22989,2025-07-12,14492.11,CERRADO
812,7450,2025-09-08,7610.44,ABIERTO
813,1969,2025-05-23,5858.6,ABIERTO
815,9848,2025-01-18,1187.79,ABIERTO
818,14589,2025-02-18,11864.54,ABIERTO
819,5330,2025-04-28,9561.37,RECHAZADO
820,24370,2025-10-30,4963.22,CERRADO
822,3042,2025-10-18,11626.56,ABIERTO
823,5148,2025-04-12,14340.42,ABIERTO
824,18973,2025-04-08,9516.18,CERRADO
826,12367,2026-01-17,9969.24,CERRADO
827,24558,2025-08-12,3709.87,CERRADO
831,9957,2025-12-03,8993.77,RECHAZADO
832,3475,2025-12-22,9461.23,RECHAZADO
833,6103,2025-04-05,13411.06,ABIERTO
836,23099,2025-03-16,688.22,ABIERTO
837,1687,2025-07-06,1640.78,CERRADO
841,4360,2025-01-02,12737.06,ABIERTO
842,19198,2025-08-27,10786.07,ABIERTO
844,5928,2025-12-11,5490.32,CERRADO
845,13175,2025-09-10,4442.61,RECHAZADO
846,16436,2025-02-09,5636.39,RECHAZADO
849,12309,2025-11-04,6366.94,ABIERTO
850,9751,2025-04-23,9186.57,RECHAZADO
851,17927,2025-02-17,501.54,ABIERTO
852,12066,2025-09-11,2254.6,CERRADO
853,19756,2025-12-29,9050.18,CERRADO
855,2289,2025-05-10,1159.96,RECHAZADO
856,25525,2025-01-07,10915.67,ABIERTO
857,1484,2025-06-29,1471.64,CERRADO
858,2946,2026-01-13,12490.65,RECHAZADO
859,22653,2025-08-18,7300.88,CERRADO
860,15538,2025-01-07,14296.85,ABIERTO
863,6005,2025-01-06,13650.52,CERRADO
864,20430,2025-10-05,13342.56,CERRADO
866,18456,2025-03-25,13514.54,CERRADO
867,3500,2025-05-22,9701.84,ABIERTO
870,15653,2025-09-09,8242.35,RECHAZADO
872,16566,2025-11-20,4539.83,ABIERTO
873,15212,2025-07-21,8365.73,ABIERTO
874,18047,2025-11-22,10000.73,RECHAZADO
875,18074,2025-05-04,13160.02,CERRADO
878,10168,2025-10-22,8935.21,CERRADO
881,1160,2025-02-13,14837.14,CERRADO
882,15099,2025-04-11,6468.18,RECHAZADO
883,8904,2025-04-27,6133.42,CERRADO
887,15902,2025-06-28,4924.89,CERRADO
889,3295,2025-03-30,3508.23,ABIERTO
890,12963,2025-07-26,4734.11,RECHAZADO
895,19216,2026-01-14,7478.23,ABIERTO
897,15786,2025-02-24,7020.23,CERRADO
899,13030,2026-01-29,348.08,CERRADO
900,17242,2025-06-25,4820.85,RECHAZADO
901,9443,2025-04-08,9973.45,RECHAZADO
903,24211,2025-04-21,1906.88,CERRADO
904,20112,2026-01-05,-14404.26,ABIERTO
905,19964,2025-03-11,862.86,CERRADO
906,11499,2025-11-11,10802.07,RECHAZADO
909,23985,2025-04-15,10199.91,RECHAZADO
913,24281,2025-06-18,559.31,RECHAZADO
914,3674,2025-02-15,822.39,ABIERTO
916,21501,2025-11-06,13527.3,ABIERTO
918,7889,2025-01-25,9589.21,RECHAZADO
919,1612,2025-01-17,3709.68,ABIERTO
921,635,2025-05-18,8664.03,RECHAZADO
922,21030,2025-12-08,9249.04,ABIERTO
923,15771,2025-07-06,4528.7,CERRADO
925,13202,2025-06-03,9733.32,ABIERTO
928,19642,2025-10-14,3641.04,RECHAZADO
932,18329,2026-02-13,12118.68,CERRADO
935,9187,2025-05-21,9943.93,RECHAZADO
936,20440,2025-05-26,9412.71,RECHAZADO
937,17087,2025-04-27,11588.54,RECHAZADO
940,14722,2025-07-26,12050.35,ABIERTO
941,8357,2025-08-05,6459.51,ABIERTO
945,3389,2026-01-11,3574.17,ABIERTO
946,6105,2025-06-01,7893.41,ABIERTO
948,25579,2026-02-15,2845.66,ABIERTO
949,6109,2025-07-01,1755.99,ABIERTO
953,13907,2025-02-24,11543.65,CERRADO
954,5140,2025-05-20,8041.41,RECHAZADO
955,20635,2025-04-20,3080.23,RECHAZADO
957,24483,2025-10-21,11523.16,ABIERTO
965,1471,2026-09-01,11318.24,CERRADO
966,18796,2025-09-01,3648.68,CERRADO
967,1199,2025-03-20,13030.52,CERRADO
968,5183,2025-07-19,7366.53,ABIERTO
970,15665,2025-01-21,10080.9,ABIERTO
971,3878,2025-05-18,13000.22,CERRADO
972,8783,2025-05-20,11852.24,ABIERTO
977,24253,2026-02-20,2092.45,ABIERTO
978,22436,2025-03-26,8311.65,ABIERTO
981,7969,2025-04-01,6736.39,ABIERTO
982,2212,2025-04-03,9426.16,ABIERTO
983,6254,2025-07-10,1576.27,CERRADO
987,285,2026-01-29,2407.18,CERRADO
988,13768,2025-06-13,13570.71,ABIERTO
989,8745,2025-07-30,6809.15,RECHAZADO
990,5952,2025-05-04,-12460.96,CERRADO
993,2043,2025-09-30,8645.4,CERRADO
995,25741,2026-01-27,12613.58,CERRADO
996,21960,2025-11-21,860.32,ABIERTO
998,24397,2025-08-30,8487.11,CERRADO
1003,22903,2025-08-01,14621.41,ABIERTO
1004,25647,2025-12-27,10855.63,CERRADO
1007,5235,2025-04-23,3436.21,RECHAZADO
1009,595,2025-07-31,12266.0,CERRADO
1010,766,2025-01-29,1055.61,CERRADO
1011,21442,2025-03-26,13421.57,CERRADO
1012,4651,2025-08-05,8060.87,CERRADO
1016,16618,2025-09-16,2878.66,RECHAZADO
1018,21542,2025-04-06,8348.28,RECHAZADO
1022,22714,2025-10-15,2551.17,CERRADO
1023,24296,2025-11-22,2166.64,RECHAZADO
1024,16567,2025-08-25,5252.85,CERRADO
1025,4210,2025-07-23,9442.08,ABIERTO
1027,15572,2025-06-29,12459.2,CERRADO
1029,7880,2025-01-23,6128.39,ABIERTO
1032,3331,2025-06-06,13707.48,ABIERTO
1034,2399,2025-01-20,6493.63,RECHAZADO
1036,17772,2026-01-14,10598.48,RECHAZADO
1037,23259,2026-01-09,10301.15,RECHAZADO
1038,8757,2025-04-18,581.68,ABIERTO
1040,20928,2025-11-20,13560.16,RECHAZADO
1041,10322,2026-02-12,5303.75,CERRADO
1042,8757,2026-01-01,2918.19,ABIERTO
1043,4254,2025-01-31,11298.38,CERRADO
1047,15632,2025-11-24,4927.0,ABIERTO
1048,649,2025-01-26,7422.33,CERRADO
1049,6326,2025-09-27,12496.34,CERRADO
1050,18759,2025-10-02,14754.13,ABIERTO
1051,8317,2025-05-28,10460.32,RECHAZADO
1052,10082,2025-05-13,933.54,CERRADO
1053,8739,2025-07-01,13256.69,ABIERTO
1054,178,2025-02-22,8796.59,ABIERTO
1056,3455,2025-08-17,4182.88,RECHAZADO
1057,12563,2025-07-24,8110.11,ABIERTO
1058,19074,2025-02-20,10412.27,CERRADO
1061,25739,2025-03-09,10090.98,ABIERTO
1065,21567,2025-08-23,10277.84,ABIERTO
1067,3241,2025-01-04,2155.91,RECHAZADO
1068,22744,2025-07-16,6905.13,ABIERTO
1069,3723,2025-02-01,1091.83,RECHAZADO
1071,6778,2025-08-27,5828.56,ABIERTO
1072,24530,2025-01-08,2521.52,CERRADO
1073,8355,2025-01-22,13989.65,CERRADO
1074,15640,2025-09-15,1922.21,CERRADO
1075,14674,2025-06-01,5148.29,CERRADO
1077,6270,2025-08-26,1997.62,ABIERTO
1079,11635,2025-09-07,14296.79,ABIERTO
1080,14736,2025-11-28,3743.04,RECHAZADO
1083,1337,2025-06-22,224.42,CERRADO
1084,2742,2025-03-24,4897.88,RECHAZADO
1085,10737,2025-12-05,5919.75,ABIERTO
1087,10117,2025-10-09,4498.53,CERRADO
1088,22336,2025-08-08,6990.68,CERRADO
1089,22409,2025-06-21,11798.06,CERRADO
1090,23591,2026-02-20,8369.37,CERRADO
1093,14884,2026-02-17,4005.29,RECHAZADO
1095,16132,2025-12-21,13687.41,CERRADO
1098,19355,2025-07-05,7889.33,ABIERTO
1099,8554,2025-07-24,13054.94,CERRADO
1100,21437,2025-03-09,4353.92,CERRADO
1101,14604,2025-01-01,9132.38,ABIERTO
1102,25677,2025-01-09,6992.09,ABIERTO
1103,15069,2025-06-29,12721.61,ABIERTO
1104,23259,2025-01-20,5724.16,CERRADO
1107,13130,2025-07-13,7120.85,CERRADO
1108,7405,2025-03-28,3579.1,RECHAZADO
1109,21960,2025-08-05,234.11,ABIERTO
1110,7307,2026-01-01,6284.09,ABIERTO
1112,16501,2025-03-26,5502.88,CERRADO
1115,2855,2025-04-02,4674.38,CERRADO
1116,15493,2025-12-08,9778.99,CERRADO
1119,24714,2025-11-13,11083.46,RECHAZADO
1121,20858,2025-11-12,795.7,CERRADO
1122,12929,2025-03-04,3493.27,ABIERTO
1123,6641,2025-12-08,1082.95,ABIERTO
1125,25600,2025-10-28,13156.95,CERRADO
1128,14020,2025-08-01,4521.74,RECHAZADO
1130,688,2025-09-01,1651.92,CERRADO
1131,19776,2025-12-05,749.79,ABIERTO
1135,15345,2025-05-17,2176.94,CERRADO
1137,1806,2025-09-09,9584.18,ABIERTO
1138,17240,2025-08-08,1170.01,CERRADO
1139,6215,2025-01-16,13514.51,ABIERTO
1140,23028,2025-11-01,6684.61,CERRADO
1141,7917,2025-11-16,4405.51,CERRADO
1142,14020,2025-04-11,3255.1,CERRADO
1143,3121,2025-03-12,4454.47,CERRADO
1144,17946,2025-11-04,12781.95,ABIERTO
1145,2981,2026-02-05,1217.23,ABIERTO
1147,20793,2025-04-04,3113.62,RECHAZADO
1148,1940,2025-06-10,13283.55,CERRADO
1149,19340,2025-10-13,14517.55,CERRADO
1151,3324,2026-01-23,6532.67,ABIERTO
1152,7979,2025-07-12,11733.04,RECHAZADO
1154,11248,2025-09-22,8440.6,CERRADO
1155,1189,2025-10-25,4509.87,ABIERTO
1158,4891,2025-02-01,2632.99,RECHAZADO
1159,6964,2025-05-26,14016.53,ABIERTO
1161,21907,2026-09-01,530.88,CERRADO
1164,23556,2025-11-22,3978.56,ABIERTO
1166,24114,2025-04-04,3471.47,RECHAZADO
1167,286,2025-08-05,8397.54,CERRADO
1169,11760,2025-02-23,3075.23,CERRADO
1170,12816,2025-01-10,8627.81,ABIERTO
1171,6309,2025-09-26,7539.72,CERRADO
1173,24937,2025-07-15,10267.29,CERRADO
1175,14609,2025-09-03,2394.64,ABIERTO
1177,20034,2025-03-09,1063.96,ABIERTO
1178,453,2026-01-16,4385.65,ABIERTO
1179,6385,2025-10-30,513.6,RECHAZADO
1180,19288,2025-05-10,1147.2,CERRADO
1181,801,2025-08-21,7863.08,RECHAZADO
1183,5467,2026-01-28,10477.86,ABIERTO
1186,11436,2025-11-21,9269.46,ABIERTO
1188,11278,2025-02-09,9954.49,CERRADO
1189,13758,2026-02-21,7538.65,CERRADO
1192,8295,2025-06-15,6741.92,RECHAZADO
1193,4216,2025-10-06,8502.18,RECHAZADO
1196,10349,2025-08-02,9104.31,CERRADO
1200,14387,2025-01-01,1174.91,CERRADO
1202,15557,2026-02-04,11977.15,ABIERTO
1203,20049,2025-04-15,10830.41,ABIERTO
1206,15823,2025-06-11,9814.88,CERRADO
1207,1951,2025-10-05,7073.11,ABIERTO
1209,20312,2025-05-29,1540.0,RECHAZADO
1210,24186,2025-07-08,12984.46,CERRADO
1215,10385,2025-02-01,2146.77,RECHAZADO
1216,19985,2025-07-06,11207.21,RECHAZADO
1217,1757,2025-10-22,13977.45,CERRADO
1218,13968,2026-02-20,5718.28,CERRADO
1223,8808,2026-01-27,5726.65,ABIERTO
1224,12468,2025-04-07,13427.65,RECHAZADO
1228,2407,2025-06-16,5542.27,CERRADO
1232,13777,2025-05-28,14407.87,CERRADO
1233,19055,2025-04-08,493.42,RECHAZADO
1234,18450,2025-12-09,9867.5,CERRADO
1235,8554,2025-05-17,9417.71,ABIERTO
1236,18995,2025-05-25,14867.87,ABIERTO
1237,19508,2025-12-02,9713.0,ABIERTO
1238,9697,2025-03-23,1040.72,CERRADO
1239,21836,2025-12-06,12831.95,RECHAZADO
1241,21089,2026-02-17,1043.91,CERRADO
1243,7188,2025-03-28,2976.15,CERRADO
1244,12283,2025-03-23,7946.62,ABIERTO
1246,22854,2025-04-05,2984.77,CERRADO
1249,20643,2025-11-17,6978.95,CERRADO
1252,22472,2025-07-08,2721.9,CERRADO
1255,5220,2025-12-05,115.46,RECHAZADO
1256,19180,2025-07-27,4203.56,ABIERTO
1257,5501,2025-05-30,4905.82,ABIERTO
1258,16974,2025-03-28,3290.95,ABIERTO
1259,3187,2025-08-27,9532.1,RECHAZADO
1262,25653,2025-01-14,5950.12,RECHAZADO
1265,18782,2025-06-22,6593.27,RECHAZADO
1266,9636,2025-09-06,7815.71,CERRADO
1267,6892,2025-01-11,10975.97,CERRADO
1270,12115,2025-12-02,9620.5,ABIERTO
1273,2951,2025-12-11,10068.99,ABIERTO
1274,22013,2025-03-27,8107.44,ABIERTO
1278,1004,2025-05-08,5515.78,RECHAZADO
1279,22809,2025-01-20,11632.79,ABIERTO
1280,4880,2025-10-11,4587.25,CERRADO
1281,9897,2025-12-31,5477.26,RECHAZADO
1282,12153,2025-03-01,14167.1,ABIERTO
1283,701,2026-01-26,9490.68,CERRADO
1285,13726,2025-09-30,2496.81,RECHAZADO
1286,18053,2025-11-29,4299.28,ABIERTO
1288,4829,2025-06-13,221.47,ABIERTO
1289,17008,2025-06-04,2030.56,ABIERTO
1290,11498,2025-11-12,6656.02,ABIERTO
1292,11117,2025-03-24,11272.92,ABIERTO
1293,10643,2025-10-04,303.03,ABIERTO
1296,5367,2025-01-25,2696.11,CERRADO
1298,21679,2025-08-06,3205.53,ABIERTO
1299,1862,2025-03-13,3051.7,ABIERTO
1301,4930,2025-10-06,499.17,RECHAZADO
1304,17185,2025-01-29,2863.3,CERRADO
1305,22650,2025-04-12,3885.68,ABIERTO
1309,14353,2025-07-31,2037.84,ABIERTO
1312,2189,2025-02-26,14191.56,ABIERTO
1313,10802,2025-09-26,10183.67,RECHAZADO
1314,4439,2025-03-31,5353.68,CERRADO
1315,13728,2025-03-13,1409.91,ABIERTO
1318,13716,2025-10-19,10715.88,RECHAZADO
1321,5808,2025-06-21,13056.06,CERRADO
1323,16976,2025-02-10,10001.37,ABIERTO
1324,16939,2025-09-24,10120.18,CERRADO
1327,5838,2025-10-24,5233.17,CERRADO
1328,23471,2025-11-13,5596.99,ABIERTO
1330,12750,2025-02-13,8095.69,ABIERTO
1331,4675,2026-01-31,8657.7,ABIERTO
1333,4591,2025-12-26,12730.18,ABIERTO
1334,7227,2025-09-15,804.95,CERRADO
1336,21837,2025-03-29,3334.44,CERRADO
1337,17413,2025-04-22,10772.53,CERRADO
1340,11500,2025-04-18,442.62,CERRADO
1341,23276,2025-09-06,12496.18,CERRADO
1343,4046,2025-06-04,10329.5,ABIERTO
1344,19571,2025-08-13,8283.79,ABIERTO
1345,21223,2025-05-31,9074.3,CERRADO
1346,22227,2025-01-23,2622.23,ABIERTO
1348,5073,2025-06-18,6507.63,ABIERTO
1349,12103,2025-04-03,682.74,ABIERTO
1350,5092,2025-11-14,500.96,ABIERTO
1352,734,2025-08-27,7397.35,CERRADO
1353,7303,2025-12-03,5680.67,CERRADO
1354,3772,2025-01-12,10725.18,ABIERTO
1356,23951,2025-01-03,12068.19,CERRADO
1359,14693,2025-02-02,8813.51,RECHAZADO
1360,15434,2025-07-29,4937.06,ABIERTO
1361,24260,2025-07-29,9292.89,RECHAZADO
1363,13954,2025-06-09,9163.92,ABIERTO
1365,2636,2025-11-23,5232.09,ABIERTO
1366,17006,2025-12-27,3110.71,ABIERTO
1367,6415,2025-03-23,2046.86,CERRADO
1368,8517,2025-12-13,1480.73,CERRADO
1369,20754,2025-05-31,8463.75,CERRADO
1372,22316,2025-10-22,11612.33,CERRADO
1375,21863,2025-07-05,7731.57,ABIERTO
1376,23249,2025-02-05,5608.92,ABIERTO
1378,11583,2025-07-14,658.77,ABIERTO
1381,10201,2025-12-28,3670.1,CERRADO
1382,24644,2025-02-18,13161.99,CERRADO
1383,22773,2025-01-21,11356.07,CERRADO
1384,3654,2025-09-06,8018.27,CERRADO
1385,9473,2025-10-23,1961.73,CERRADO
1386,15656,2025-07-20,12330.75,ABIERTO
1387,11547,2025-07-08,9451.98,CERRADO
1390,24285,2025-12-25,1372.5,ABIERTO
1391,14555,2025-04-06,12680.32,RECHAZADO
1392,10245,2025-10-10,13014.49,ABIERTO
1393,4540,2025-02-17,768.87,RECHAZADO
1395,6852,2025-07-08,12344.54,ABIERTO
1396,21395,2025-04-17,5952.86,RECHAZADO
1397,23636,2025-02-19,252.58,ABIERTO
1398,13443,2025-07-26,4318.21,CERRADO
1399,3874,2025-07-22,9300.73,ABIERTO
1401,23112,2025-02-14,4658.41,ABIERTO
1402,13617,2025-04-22,2604.92,ABIERTO
1403,4283,2025-12-04,2633.56,CERRADO
1406,8719,2026-01-01,5915.97,ABIERTO
1408,11496,2025-07-26,4223.35,CERRADO
1409,2869,2025-02-01,1436.35,ABIERTO
1410,15619,2025-08-04,509.16,ABIERTO
1412,25836,2025-06-03,2588.64,CERRADO
1416,1806,2025-10-14,3319.22,CERRADO
1419,22929,2025-05-04,14636.87,CERRADO
1421,11500,2026-01-24,3250.69,CERRADO
1422,11242,2025-05-04,5377.58,CERRADO
1423,20759,2025-02-12,8372.01,ABIERTO
1425,3831,2025-08-07,4022.3,ABIERTO
1426,15555,2025-02-07,11281.7,ABIERTO
1429,6094,2026-02-11,5609.24,ABIERTO
1432,18937,2025-07-05,4516.8,RECHAZADO
1434,7243,2026-01-09,9405.4,ABIERTO
1436,9916,2025-10-19,7881.42,ABIERTO
1439,9524,2025-12-29,9763.54,CERRADO
1440,25659,2025-08-23,13715.45,RECHAZADO
1442,10386,2025-08-14,3876.08,RECHAZADO
1443,3844,2025-03-12,11811.71,RECHAZADO
1444,24168,2025-12-05,14088.58,CERRADO
1446,24075,2025-05-02,13164.51,CERRADO
1448,19000,2025-09-29,1360.72,RECHAZADO
1449,6946,2025-03-28,11267.8,ABIERTO
1451,6017,2025-05-08,10790.9,ABIERTO
1452,1559,2026-01-01,4642.79,CERRADO
1453,6962,2025-07-30,1960.6,RECHAZADO
1455,6845,2025-12-31,6984.65,ABIERTO
1456,6309,2025-03-23,11704.65,CERRADO
1457,7235,2025-12-02,9943.98,RECHAZADO
1460,14525,2025-08-05,11664.98,CERRADO
1465,16903,2025-10-13,5932.82,ABIERTO
1467,8091,2025-12-25,10067.34,CERRADO
1468,15318,2025-04-18,14275.89,ABIERTO
1470,14357,2025-08-20,14734.22,ABIERTO
1472,25735,2025-12-02,273.0,RECHAZADO
1473,6774,2025-03-22,12349.69,ABIERTO
1474,7678,2025-04-24,2107.21,CERRADO
1475,17162,2026-02-24,12664.2,CERRADO
1476,15429,2025-08-20,3455.7,CERRADO
1477,1797,2026-07-02,7228.05,ABIERTO
1478,17213,2025-05-20,6066.61,ABIERTO
1480,10246,2026-01-10,3505.6,CERRADO
1482,12339,2025-11-22,3411.32,ABIERTO
1484,10128,2026-01-19,4575.3,ABIERTO
1485,3739,2025-04-26,14002.05,CERRADO
1486,23140,2025-08-03,2239.16,ABIERTO
1488,16339,2025-09-16,9866.18,ABIERTO
1491,19473,2025-07-22,10608.9,RECHAZADO
1492,21099,2025-01-08,12954.99,CERRADO
1494,15707,2025-04-27,6861.88,ABIERTO
1495,22639,2025-09-06,1953.69,CERRADO
1499,1534,2026-01-07,12862.23,ABIERTO
1500,5188,2025-09-01,4021.79,CERRADO
1501,20221,2025-08-10,14105.12,ABIERTO
1502,22109,2025-11-28,7280.03,CERRADO
1503,582,2025-10-22,6460.87,ABIERTO
1504,34,2026-01-27,14397.53,RECHAZADO
1505,10002,2025-08-31,9031.72,CERRADO
1506,3340,2025-07-18,4108.93,ABIERTO
1507,5010,2025-04-09,5191.04,ABIERTO
1509,7610,2026-02-22,2361.74,RECHAZADO
1511,7607,2025-06-22,-13471.35,RECHAZADO
1512,5142,2025-01-25,332.33,ABIERTO
1513,22963,2026-02-18,3458.42,ABIERTO
1515,17258,2025-11-03,4635.56,RECHAZADO
1516,13612,2025-09-29,5423.67,ABIERTO
1518,5846,2025-05-27,1332.3,CERRADO
1522,25614,2025-11-30,8082.96,CERRADO
1524,18949,2025-09-07,332.33,ABIERTO
1525,23896,2025-05-30,13646.22,ABIERTO
1527,10146,2025-09-11,6683.03,ABIERTO
1529,7374,2026-02-04,3842.97,ABIERTO
1530,5798,2025-07-08,10158.37,ABIERTO
1533,11986,2025-06-16,9924.28,ABIERTO
1535,77,2025-06-25,1178.57,ABIERTO
1536,12103,2025-04-02,10843.39,ABIERTO
1538,23031,2026-02-03,6244.92,ABIERTO
1539,9993,2025-12-22,9987.17,ABIERTO
1541,17026,2025-03-27,14486.33,ABIERTO
1542,23386,2025-08-24,4286.4,ABIERTO
1545,21286,2025-02-24,10473.34,RECHAZADO
1546,6982,2025-02-15,8590.3,RECHAZADO
1547,2713,2025-03-20,14836.7,CERRADO
1549,16260,2025-06-22,1838.76,CERRADO
1552,12525,2025-07-02,13068.51,ABIERTO
1554,22479,2025-10-02,9268.93,ABIERTO
1555,21895,2025-12-06,3573.48,CERRADO
1557,2875,2025-03-16,13122.47,ABIERTO
1558,19253,2025-05-17,7586.96,CERRADO
1559,22819,2025-09-28,9352.32,ABIERTO
1560,17335,2025-07-31,10290.63,ABIERTO
1561,11098,2026-01-31,9822.63,CERRADO
1563,24590,2025-10-22,10818.93,RECHAZADO
1566,6849,2025-10-18,3892.12,RECHAZADO
1567,18204,2025-04-22,11871.79,ABIERTO
1569,12496,2026-02-16,12429.33,ABIERTO
1570,9794,2025-05-23,12343.31,ABIERTO
1573,18576,2025-06-19,8546.09,ABIERTO
1575,9263,2026-02-08,6311.4,CERRADO
1576,11899,2025-09-13,14332.84,RECHAZADO
1577,20862,2026-02-02,888.16,RECHAZADO
1579,16882,2026-01-09,755.76,RECHAZADO
1580,10293,2025-01-26,14216.09,CERRADO
1581,24898,2025-03-25,5976.74,ABIERTO
1583,15796,2025-05-30,3950.21,RECHAZADO
1584,9543,2025-11-10,14269.64,RECHAZADO
1585,7750,2025-01-17,14826.99,ABIERTO
1586,12676,2025-10-07,10701.9,ABIERTO
1587,10505,2025-05-01,1657.92,RECHAZADO
1589,18614,2025-12-03,4144.8,CERRADO
1590,14687,2025-05-07,12635.32,CERRADO
1592,14672,2025-01-18,4060.14,ABIERTO
1593,17794,2025-02-08,124.71,CERRADO
1598,12815,2025-03-25,11055.38,ABIERTO
1599,17274,2025-09-03,8445.17,CERRADO
1601,25582,2025-06-09,1773.66,CERRADO
1602,21142,2025-01-27,5456.03,ABIERTO
1603,22121,2025-03-05,13184.77,CERRADO
1605,24145,2025-05-13,5079.39,ABIERTO
1606,11783,2025-10-08,10644.47,RECHAZADO
1607,19514,2025-10-26,3430.22,ABIERTO
1608,14576,2025-11-30,13290.94,CERRADO
1609,9973,2025-03-13,8344.04,ABIERTO
1610,20853,2025-09-19,14916.37,ABIERTO
1616,7629,2025-11-11,10134.99,ABIERTO
1617,10680,2025-02-23,2936.7,ABIERTO
1618,9849,2025-02-05,7766.02,ABIERTO
1619,4319,2025-05-28,8406.7,RECHAZADO
1620,17234,2025-07-01,4176.97,CERRADO
1621,13030,2025-08-25,4112.75,CERRADO
1623,5518,2025-07-04,1460.99,ABIERTO
1625,20251,2025-03-01,3105.78,CERRADO
1626,18422,2025-03-05,7822.31,RECHAZADO
1628,19419,2025-08-25,8875.22,ABIERTO
1630,6147,2025-01-18,9172.71,RECHAZADO
1633,13439,2025-08-17,8464.07,RECHAZADO
1635,1899,2025-02-14,3611.54,CERRADO
1636,18942,2025-09-06,7658.59,ABIERTO
1641,7726,2025-12-11,11900.49,CERRADO
1643,24800,2025-08-26,2225.29,RECHAZADO
1645,3536,2025-11-10,3230.94,RECHAZADO
1646,18662,2025-06-13,5421.05,CERRADO
1647,919,2025-09-28,13191.68,CERRADO
1648,8730,2025-07-05,7269.02,ABIERTO
1652,3274,2026-01-27,4403.86,ABIERTO
1653,23044,2025-03-18,9906.16,RECHAZADO
1655,6461,2025-11-26,1794.45,ABIERTO
1656,22727,2025-11-12,2116.47,ABIERTO
1657,15344,2025-08-16,14721.34,CERRADO
1659,22196,2026-01-06,1793.52,ABIERTO
1660,13791,2025-08-03,9738.63,RECHAZADO
1661,19514,2025-10-08,5785.53,ABIERTO
1663,1536,2026-02-04,4094.39,RECHAZADO
1664,4046,2025-06-30,5640.41,ABIERTO
1665,7354,2025-09-04,5707.24,RECHAZADO
1666,21309,2025-12-13,6049.07,CERRADO
1671,4836,2025-01-06,8522.03,RECHAZADO
1673,19684,2026-02-21,4090.88,CERRADO
1674,23943,2025-07-01,5803.78,CERRADO
1676,3211,2025-09-20,417.92,ABIERTO
1677,10356,2025-08-21,6125.12,CERRADO
1679,5678,2026-02-03,946.57,ABIERTO
1680,16276,2025-11-28,3621.25,ABIERTO
1681,7490,2025-10-28,8987.56,CERRADO
1682,10030,2025-03-17,8025.3,CERRADO
1683,22209,2025-04-04,6950.72,CERRADO
1686,21541,2025-08-16,5751.4,CERRADO
1687,6289,2025-08-25,8359.01,ABIERTO
1688,14006,2026-02-12,10717.35,ABIERTO
1691,5604,2025-05-11,1639.43,CERRADO
1692,8897,2025-02-09,10700.54,CERRADO
1695,22979,2025-07-29,5342.61,CERRADO
1696,3,2025-11-11,3842.84,CERRADO
1697,9911,2025-02-22,1268.23,CERRADO
1699,6458,2025-08-23,11003.47,CERRADO
1701,3628,2025-08-18,198.12,CERRADO
1702,17739,2025-04-08,7793.82,CERRADO
1707,18921,2025-04-27,3154.38,ABIERTO
1708,23367,2025-12-16,4989.47,ABIERTO
1709,25857,2025-09-24,3504.9,ABIERTO
1711,487,2025-10-30,11102.58,CERRADO
1712,725,2025-07-13,4628.82,CERRADO
1715,23524,2025-02-05,2104.56,ABIERTO
1716,15646,2025-08-07,6969.42,ABIERTO
1717,16310,2025-08-09,997.25,ABIERTO
1721,17403,2025-02-22,14084.26,CERRADO
1723,22585,2025-06-22,11017.87,ABIERTO
1724,9172,2026-02-13,532.22,CERRADO
1725,7908,2025-03-27,13653.09,ABIERTO
1726,15203,2025-08-11,1691.15,ABIERTO
1727,22791,2025-01-14,3290.56,ABIERTO
1728,18014,2025-10-14,6059.38,CERRADO
1729,21018,2026-02-02,2315.11,CERRADO
1730,18609,2025-03-30,13971.11,CERRADO
1733,6940,2025-01-30,11707.13,ABIERTO
1734,18711,2025-02-15,2970.31,ABIERTO
1735,9415,2025-01-01,2671.25,ABIERTO
1736,11816,2025-02-11,5443.92,CERRADO
1737,14435,2025-12-07,4637.3,ABIERTO
1739,5609,2025-06-04,12337.1,CERRADO
1740,2237,2025-06-28,7841.66,RECHAZADO
1741,25650,2025-06-28,7286.2,ABIERTO
1742,5917,2025-04-05,2720.64,CERRADO
1743,21885,2025-12-02,1468.6,CERRADO
1744,24671,2026-01-13,7365.8,CERRADO
1745,3242,2025-05-12,13344.51,CERRADO
1746,6812,2025-08-07,10981.75,CERRADO
1748,578,2025-11-06,13210.33,CERRADO
1749,18459,2026-02-01,7168.82,CERRADO
1750,16349,2025-09-10,13412.59,ABIERTO
1751,14157,2025-07-06,9988.32,CERRADO
1752,21814,2025-05-07,7726.82,CERRADO
1753,16158,2025-03-06,8538.48,RECHAZADO
1754,15985,2025-06-10,1894.27,ABIERTO
1756,11179,2025-08-12,7984.57,CERRADO
1757,583,2025-03-18,11197.37,CERRADO
1758,22353,2025-11-19,13507.25,CERRADO
1759,12557,2025-06-27,2980.87,ABIERTO
1760,24629,2025-06-10,10191.94,CERRADO
1764,1221,2025-08-22,10531.93,CERRADO
1765,11078,2025-07-15,2803.48,ABIERTO
1766,6556,2025-08-14,8873.53,ABIERTO
1768,14986,2025-02-02,6540.78,CERRADO
1770,15069,2026-02-04,12092.65,CERRADO
1771,22197,2025-09-06,3166.46,CERRADO
1772,17743,2026-02-05,14678.53,ABIERTO
1774,7242,2025-10-24,14191.33,CERRADO
1775,23224,2025-12-12,13837.08,CERRADO
1779,21484,2025-10-05,3767.35,CERRADO
1780,11872,2025-08-15,7972.84,CERRADO
1782,21554,2025-09-10,5842.04,CERRADO
1783,21334,2025-09-06,7384.45,ABIERTO
1785,22345,2025-11-17,13657.52,CERRADO
1792,6819,2025-02-02,226.54,RECHAZADO
1797,19532,2025-03-17,8804.05,RECHAZADO
1798,2825,2025-07-27,9848.17,RECHAZADO
1799,8003,2025-11-05,8586.97,ABIERTO
1801,12035,2025-02-28,617.52,ABIERTO
1807,15926,2025-07-19,3612.27,CERRADO
1810,17048,2025-09-18,2521.35,RECHAZADO
1811,3336,2025-03-26,14741.87,ABIERTO
1813,21707,2025-07-08,6974.08,CERRADO
1814,16960,2025-06-08,7339.44,CERRADO
1816,10632,2025-11-21,1194.15,CERRADO
1817,16667,2025-04-18,13195.93,ABIERTO
1818,4468,2025-10-18,9678.43,CERRADO
1819,8884,2026-01-30,8575.19,CERRADO
1821,15978,2025-09-01,4360.18,ABIERTO
1823,13582,2025-01-20,7352.46,CERRADO
1824,10686,2025-10-07,9700.72,CERRADO
1825,6560,2025-11-27,6812.54,ABIERTO
1827,4236,2025-05-19,8314.07,ABIERTO
1828,15043,2025-09-17,1796.11,CERRADO
1829,17518,2025-03-24,6721.95,CERRADO
1830,4672,2025-09-13,847.57,RECHAZADO
1832,5842,2025-06-09,8809.97,CERRADO
1836,23361,2025-04-10,3209.07,RECHAZADO
1837,8932,2025-02-22,1882.79,RECHAZADO
1838,11502,2025-09-08,3176.28,CERRADO
1839,17357,2025-04-02,6665.32,CERRADO
1840,19681,2025-01-20,5113.17,RECHAZADO
1841,12277,2025-09-01,680.98,ABIERTO
1842,22641,2025-04-16,3843.6,CERRADO
1843,15084,2025-07-20,5017.9,CERRADO
1844,19470,2026-02-03,1337.22,CERRADO
1845,5366,2025-04-08,11069.73,ABIERTO
1846,7946,2025-10-22,3472.12,RECHAZADO
1847,22261,2025-05-09,6977.66,CERRADO
1849,22521,2025-01-08,13436.69,ABIERTO
1852,436,2025-01-13,3893.27,ABIERTO
1854,14871,2025-04-16,14969.88,CERRADO
1855,20804,2025-11-20,3783.78,RECHAZADO
1858,7841,2026-01-19,12162.19,CERRADO
1860,5264,2025-07-20,1160.84,CERRADO
1861,9096,2025-07-13,9168.72,RECHAZADO
1862,8975,2025-01-14,14843.31,ABIERTO
1864,15391,2025-06-08,3382.32,CERRADO
1865,16379,2025-08-11,9012.54,CERRADO
1866,19983,2025-03-14,14763.23,CERRADO
1867,20421,2025-11-26,1763.03,RECHAZADO
1870,11103,2025-05-07,9002.31,ABIERTO
1872,17080,2025-02-24,2309.58,ABIERTO
1874,4879,2025-06-22,7708.61,ABIERTO
1875,10335,2025-01-13,7807.53,CERRADO
1876,18359,2025-05-30,10047.13,CERRADO
1877,13700,2025-05-29,5353.21,ABIERTO
1878,10154,2026-01-11,3709.75,ABIERTO
1879,14279,2025-01-22,8357.44,RECHAZADO
1881,19041,2025-11-11,12114.65,ABIERTO
1885,6887,2025-07-06,13842.77,CERRADO
1888,1449,2025-01-24,8189.69,RECHAZADO
1890,19987,2025-06-12,5001.16,CERRADO
1892,19649,2025-12-11,11959.99,CERRADO
1893,18563,2025-10-09,11684.16,RECHAZADO
1894,7208,2025-01-08,4466.26,ABIERTO
1895,5770,2025-05-01,4874.93,CERRADO
1897,9593,2025-06-30,-7911.77,CERRADO
1898,20915,2025-07-28,4112.7,ABIERTO
1899,24792,2025-03-26,500.44,CERRADO
1900,24018,2025-06-26,8519.54,ABIERTO
1902,12002,2025-06-03,2549.46,ABIERTO
1904,4878,2025-08-08,8020.55,RECHAZADO
1905,5196,2025-01-05,9207.3,ABIERTO
1907,20850,2025-06-16,2459.1,CERRADO
1908,16064,2025-12-22,3366.23,RECHAZADO
1911,5565,2025-10-02,6645.66,CERRADO
1912,17755,2025-05-23,14037.66,ABIERTO
1916,25680,2025-07-14,1148.33,CERRADO
1918,1757,2025-05-31,12031.73,ABIERTO
1920,2147,2025-05-01,9470.81,ABIERTO
1921,12612,2025-10-20,5659.4,RECHAZADO
1922,21616,2025-10-17,11904.05,CERRADO
1923,245,2025-02-19,14073.33,CERRADO
1924,12548,2025-02-14,8119.76,CERRADO
1925,22265,2025-09-03,376.05,CERRADO
1926,9112,2025-03-08,7925.68,RECHAZADO
1928,15754,2026-01-12,13705.13,RECHAZADO
1929,21325,2025-06-06,3395.35,ABIERTO
1934,8622,2025-09-02,7415.47,CERRADO
1935,21513,2025-09-17,8989.34,ABIERTO
1937,22608,2025-03-09,14412.57,CERRADO
1939,2404,2025-01-17,6091.7,ABIERTO
1940,5066,2025-06-28,2616.09,RECHAZADO
1941,15081,2025-11-07,11345.54,CERRADO
1942,16781,2025-04-12,4068.51,CERRADO
1944,2978,2025-08-29,7429.41,CERRADO
1945,17433,2025-07-12,1602.87,RECHAZADO
1947,5115,2025-02-09,5760.59,ABIERTO
1948,24798,2026-02-10,8708.66,CERRADO
1950,928,2025-10-25,4200.55,ABIERTO
1952,6007,2026-01-14,2171.99,ABIERTO
1954,18312,2025-08-26,4234.84,CERRADO
1955,15727,2025-07-11,11334.42,ABIERTO
1956,18072,2025-01-12,13842.33,CERRADO
1960,7060,2026-02-09,2478.99,CERRADO
1962,6185,2025-09-27,2784.93,ABIERTO
1966,3564,2025-08-06,7859.5,ABIERTO
1970,5997,2025-11-03,11445.06,RECHAZADO
1973,22257,2025-10-25,11972.26,ABIERTO
1976,1173,2025-08-17,5061.0,CERRADO
1977,9405,2025-11-14,11568.01,RECHAZADO
1978,18718,2025-10-04,11920.23,CERRADO
1979,10310,2025-04-13,3324.42,RECHAZADO
1980,14985,2025-06-20,747.73,ABIERTO
1981,21422,2025-02-24,7994.96,RECHAZADO
1983,23716,2026-01-23,9803.54,RECHAZADO
1986,24076,2025-12-12,14157.66,RECHAZADO
1987,24279,2025-12-25,12141.05,CERRADO
1988,1267,2026-02-24,12110.14,CERRADO
1989,6342,2026-01-16,6561.12,ABIERTO
1990,18160,2025-11-16,7007.9,CERRADO
1994,23527,2025-05-12,11800.09,CERRADO
1995,17771,2025-06-11,3354.38,CERRADO
1996,17443,2025-10-10,1059.17,ABIERTO
1997,21701,2025-09-07,3279.91,ABIERTO
1999,19698,2025-09-13,12753.04,CERRADO
2002,4406,2025-01-27,3963.28,CERRADO
2005,20692,2025-01-18,13354.86,RECHAZADO
2006,16866,2025-01-07,2341.27,ABIERTO
2008,14641,2025-07-04,2002.05,CERRADO
2012,2116,2025-01-24,10914.37,RECHAZADO
2016,18812,2025-10-06,11966.28,CERRADO
2021,8496,2025-04-11,10438.48,ABIERTO
2022,15595,2025-11-25,11585.72,ABIERTO
2023,6099,2025-05-02,11576.41,RECHAZADO
2024,17630,2025-12-09,7155.37,RECHAZADO
2025,23468,2025-08-14,5106.41,ABIERTO
2028,8480,2025-05-17,2800.94,ABIERTO
2029,506,2025-08-16,12607.91,ABIERTO
2031,24413,2025-03-04,14504.39,CERRADO
2032,10770,2025-02-09,4257.6,CERRADO
2034,15088,2025-06-08,8996.9,ABIERTO
2035,8993,2025-09-29,6241.75,ABIERTO
2037,6124,2025-12-04,11555.1,ABIERTO
2039,21609,2025-09-07,7463.52,RECHAZADO
2040,13752,2025-05-28,6115.06,CERRADO
2041,6843,2025-04-15,693.97,RECHAZADO
2042,9167,2025-04-21,1939.93,ABIERTO
2043,24839,2025-07-16,2562.93,CERRADO
2044,6772,2025-08-11,9201.83,RECHAZADO
2046,9382,2025-08-25,4930.57,ABIERTO
2047,11408,2025-12-16,508.55,ABIERTO
2048,15861,2025-02-17,5012.13,CERRADO
2049,5260,2026-02-02,2951.18,ABIERTO
2051,6303,2025-03-29,14448.22,ABIERTO
2053,10475,2025-02-12,6178.8,CERRADO
2054,22619,2025-08-09,10098.24,ABIERTO
2055,19974,2026-02-20,11737.04,ABIERTO
2057,17814,2025-06-19,12652.2,ABIERTO
2058,9187,2025-07-04,3917.33,ABIERTO
2059,2554,2025-07-22,9394.92,ABIERTO
2061,7090,2025-02-14,10419.0,ABIERTO
2063,3841,2025-07-11,13965.79,RECHAZADO
2064,4006,2025-10-19,6130.56,ABIERTO
2066,6733,2025-03-28,6514.5,CERRADO
2069,15838,2025-11-22,1935.71,ABIERTO
2072,19158,2026-01-27,5164.23,ABIERTO
2074,11752,2025-02-16,12130.78,RECHAZADO
2082,22021,2025-12-23,8533.0,CERRADO
2084,12231,2025-01-13,375.26,CERRADO
2085,8290,2025-08-03,2917.9,CERRADO
2086,13810,2025-07-31,13203.88,ABIERTO
2089,2634,2025-01-24,9920.66,CERRADO
2090,13334,2025-08-18,6943.67,ABIERTO
2091,5036,2025-01-22,13241.53,CERRADO
2093,4037,2025-07-18,1286.47,ABIERTO
2094,11735,2025-07-28,9284.86,RECHAZADO
2095,12067,2025-10-09,12193.03,ABIERTO
2097,3591,2025-02-21,-6057.44,RECHAZADO
2098,14020,2025-02-09,8582.29,ABIERTO
2099,11451,2025-10-09,10982.18,ABIERTO
2100,10108,2025-04-02,1987.87,CERRADO
2101,24844,2025-06-19,1412.2,RECHAZADO
2103,17393,2025-11-09,6191.46,CERRADO
2104,16856,2026-02-11,4766.37,CERRADO
2105,18088,2025-03-21,8073.53,ABIERTO
2107,12057,2026-02-21,11051.74,ABIERTO
2109,23109,2025-02-01,10971.03,RECHAZADO
2111,21573,2025-07-01,2992.6,CERRADO
2114,7677,2025-04-18,4151.82,RECHAZADO
2117,24992,2025-04-03,7653.58,ABIERTO
2118,17518,2025-03-11,13923.05,ABIERTO
2121,19308,2025-02-07,663.12,RECHAZADO
2122,12346,2025-05-12,8568.98,RECHAZADO
2124,5124,2025-10-25,14936.35,ABIERTO
2125,10888,2025-12-13,3348.65,ABIERTO
2126,12350,2025-11-10,12101.95,ABIERTO
2127,13382,2025-08-01,14897.7,RECHAZADO
2128,9332,2025-03-18,3399.29,CERRADO
2131,23436,2025-09-13,5982.94,CERRADO
2132,25745,2025-07-21,9260.15,CERRADO
2135,2938,2025-01-02,2872.8,ABIERTO
2136,12132,2025-08-04,6320.16,ABIERTO
2138,20659,2025-11-11,12384.59,RECHAZADO
2139,1271,2025-04-04,10237.56,CERRADO
2142,10758,2025-09-20,11722.12,CERRADO
2144,3429,2025-10-14,1670.77,ABIERTO
2145,2154,2025-01-07,-8284.4,ABIERTO
2146,18485,2025-10-26,9261.89,CERRADO
2148,2733,2026-02-18,325.67,CERRADO
2149,20041,2025-10-25,11837.0,CERRADO
2150,22568,2025-01-20,3707.92,ABIERTO
2152,23495,2025-11-25,5511.11,CERRADO
2153,23172,2025-09-08,7871.92,CERRADO
2157,4386,2025-01-24,14883.66,ABIERTO
2158,6626,2025-11-26,3317.82,RECHAZADO
2162,953,2025-09-01,10703.97,CERRADO
2164,3580,2025-04-18,11081.21,RECHAZADO
2165,22516,2025-04-17,1734.1,ABIERTO
2166,17272,2025-09-27,5817.24,ABIERTO
2167,20892,2025-01-15,9492.02,ABIERTO
2168,11975,2025-07-27,4716.66,ABIERTO
2169,920,2025-09-29,12524.67,CERRADO
2172,21824,2025-02-16,5061.04,ABIERTO
2173,8693,2025-05-25,1265.15,CERRADO
2174,22616,2025-06-16,6605.23,RECHAZADO
2176,14177,2025-02-04,7436.09,RECHAZADO
2178,21517,2025-09-22,13089.13,ABIERTO
2179,13879,2025-11-01,7165.5,CERRADO
2180,14228,2025-02-16,8440.65,CERRADO
2183,14188,2025-03-15,1766.51,ABIERTO
2184,15946,2025-11-01,14291.37,CERRADO
2186,22878,2025-12-29,8833.35,RECHAZADO
2188,19306,2025-08-16,9700.04,ABIERTO
2190,4196,2025-10-23,14465.04,CERRADO
2193,23797,2025-09-17,4161.15,CERRADO
2194,24751,2025-06-21,5918.66,RECHAZADO
2197,11018,2025-09-30,6670.45,RECHAZADO
2198,10691,2025-12-05,389.29,ABIERTO
2202,13509,2025-01-29,504.49,CERRADO
2203,15184,2025-09-13,13556.8,ABIERTO
2204,21082,2025-09-15,2865.43,CERRADO
2205,19380,2025-12-01,1115.6,RECHAZADO
2206,12030,2026-02-05,2191.9,CERRADO
2208,20662,2025-03-07,5471.24,ABIERTO
2209,15719,2025-12-19,9523.17,RECHAZADO
2212,3860,2025-06-10,5796.52,ABIERTO
2213,25745,2025-04-12,12529.36,RECHAZADO
2214,25517,2025-10-02,2615.55,ABIERTO
2216,3983,2025-11-12,2450.01,CERRADO
2217,13829,2025-01-06,1165.66,ABIERTO
2222,24471,2025-11-06,13877.87,RECHAZADO
2224,848,2025-05-12,2662.33,CERRADO
2225,3253,2025-05-06,2803.56,ABIERTO
2228,930,2026-02-23,4808.1,ABIERTO
2229,14124,2025-10-29,2738.54,ABIERTO
2230,546,2025-12-03,5998.62,ABIERTO
2231,22059,2025-09-26,1229.16,CERRADO
2234,14868,2025-12-27,8850.48,CERRADO
2235,14259,2026-11-01,3508.83,RECHAZADO
2236,10881,2025-11-21,2672.13,CERRADO
2237,22146,2025-09-20,4335.72,CERRADO
2238,211,2025-05-14,7508.73,ABIERTO
2239,15667,2025-01-16,6228.34,ABIERTO
2242,479,2025-05-03,517.9,RECHAZADO
2245,8411,2026-01-29,1688.98,RECHAZADO
2246,2942,2025-06-02,7651.83,ABIERTO
2250,653,2025-04-10,14823.61,ABIERTO
2251,9394,2025-12-17,14714.55,ABIERTO
2252,10643,2025-05-23,5223.28,ABIERTO
2256,12348,2025-01-21,5044.3,ABIERTO
2257,1205,2025-11-08,14848.25,ABIERTO
2258,2702,2025-05-13,6564.88,CERRADO
2259,8275,2025-10-07,4289.11,RECHAZADO
2260,294,2026-01-11,1995.7,ABIERTO
2262,25816,2025-01-18,8126.29,CERRADO
2264,383,2025-07-20,2899.03,ABIERTO
2266,6143,2026-02-09,4990.08,RECHAZADO
2268,17149,2025-01-24,3428.9,CERRADO
2274,10568,2025-09-28,415.17,ABIERTO
2275,14372,2026-01-19,9050.27,ABIERTO
2276,1685,2026-01-09,10408.01,CERRADO
2277,16369,2025-02-22,11396.17,CERRADO
2279,16860,2026-01-14,14390.09,CERRADO
2280,24625,2025-05-08,10280.03,RECHAZADO
2283,23563,2025-01-12,11492.11,RECHAZADO
2284,1716,2025-07-25,547.95,ABIERTO
2285,9182,2026-02-05,10202.88,CERRADO
2287,21733,2025-01-05,8114.46,CERRADO
2288,14167,2025-07-24,14910.27,CERRADO
2289,4941,2025-04-23,12277.29,ABIERTO
2290,25693,2025-09-14,11619.68,ABIERTO
2291,23311,2025-04-13,8387.68,CERRADO
2295,22502,2025-09-26,3581.7,ABIERTO
2298,17235,2025-02-26,13251.43,ABIERTO
2300,9130,2025-09-01,13014.92,ABIERTO
2304,21139,2025-06-23,9986.27,ABIERTO
2305,20381,2025-01-23,-7976.14,CERRADO
2307,24379,2025-11-29,13220.01,RECHAZADO
2309,19908,2025-04-24,6094.35,CERRADO
2310,7070,2025-10-24,14806.7,CERRADO
2314,207,2025-09-02,7575.95,ABIERTO
2315,9092,2025-08-09,11258.09,CERRADO
2316,19617,2025-06-03,4975.98,ABIERTO
2317,18281,2025-01-31,11155.12,RECHAZADO
2318,19853,2025-09-03,2723.1,CERRADO
2319,20905,2025-02-19,13151.98,CERRADO
2320,8405,2025-04-30,4382.48,ABIERTO
2322,9238,2025-08-14,12773.61,CERRADO
2323,20339,2025-11-18,754.59,CERRADO
2324,6083,2025-02-21,3266.86,ABIERTO
2326,8023,2025-10-22,12379.63,CERRADO
2327,22263,2025-05-28,800.4,CERRADO
2329,15796,2025-05-04,4628.55,CERRADO
2330,14245,2025-07-14,12207.9,CERRADO
2332,15055,2026-12-02,2269.28,ABIERTO
2333,17559,2025-04-04,10801.93,ABIERTO
2335,7650,2025-07-06,13997.84,CERRADO
2337,16616,2026-01-31,10442.64,ABIERTO
2338,21892,2025-09-17,7190.29,CERRADO
2339,10117,2025-09-19,7948.35,CERRADO
2340,4879,2025-12-15,269.78,RECHAZADO
2341,4441,2025-04-08,11469.13,CERRADO
2343,4136,2025-04-09,9744.21,RECHAZADO
2344,12338,2025-08-14,9750.47,RECHAZADO
2345,13756,2025-07-19,2297.97,CERRADO
2347,12776,2026-01-28,10654.25,CERRADO
2348,3930,2025-11-18,11604.19,CERRADO
2349,760,2025-04-11,7023.3,ABIERTO
2350,15335,2025-07-26,12966.01,ABIERTO
2355,7609,2025-05-31,13465.17,ABIERTO
2362,18186,2025-11-19,8438.91,CERRADO
2366,10170,2025-08-26,3414.4,CERRADO
2370,22837,2025-02-21,5945.36,CERRADO
2371,17364,2025-04-01,2937.9,CERRADO
2374,12368,2026-01-13,7439.8,ABIERTO
2375,18434,2025-03-30,12441.43,CERRADO
2376,10835,2025-10-20,14972.28,CERRADO
2378,5878,2025-05-14,12931.4,ABIERTO
2380,17263,2025-08-03,1154.63,RECHAZADO
2381,14036,2026-01-05,2500.27,CERRADO
2382,15145,2025-04-25,314.53,CERRADO
2386,5906,2025-05-01,9787.74,CERRADO
2387,24065,2025-02-25,3308.24,CERRADO
2388,23027,2025-06-13,14809.5,RECHAZADO
2389,5149,2025-07-07,10375.18,CERRADO
2391,24460,2025-05-16,11725.19,ABIERTO
2393,22149,2025-03-21,2011.44,CERRADO
2395,7209,2025-11-27,10200.89,ABIERTO
2396,7983,2025-02-24,5007.92,ABIERTO
2397,19783,2025-03-21,9790.53,ABIERTO
2398,17641,2025-10-25,7746.44,ABIERTO
2399,7193,2025-10-04,7164.56,CERRADO
2400,22636,2025-07-15,2337.9,RECHAZADO
2401,10658,2025-08-12,4694.99,ABIERTO
2403,23349,2025-11-05,10238.65,RECHAZADO
2404,21221,2025-04-19,14029.64,CERRADO
2405,23285,2025-08-22,12363.98,ABIERTO
2406,15740,2025-08-12,4078.5,ABIERTO
2407,23995,2025-07-18,8050.4,ABIERTO
2411,24991,2025-08-17,7262.04,CERRADO
2412,19992,2025-09-06,6406.63,CERRADO
2413,23012,2025-04-25,9061.78,ABIERTO
2414,1517,2025-07-24,6475.06,CERRADO
2415,66,2025-03-13,11755.35,ABIERTO
2416,1078,2025-04-08,5459.25,RECHAZADO
2417,8645,2025-10-25,13797.5,CERRADO
2420,3033,2026-02-19,5493.68,ABIERTO
2422,24746,2026-01-06,2522.97,ABIERTO
2425,24214,2025-02-14,4013.87,ABIERTO
2426,10280,2026-02-23,6207.54,RECHAZADO
2429,5224,2026-02-08,378.08,CERRADO
2431,24626,2025-03-04,12215.39,CERRADO
2432,18771,2025-07-20,2017.43,ABIERTO
2433,10752,2025-10-05,5360.13,ABIERTO
2435,7115,2025-12-25,7962.69,ABIERTO
2437,18266,2025-04-11,9858.65,ABIERTO
2438,20113,2025-07-17,9676.33,ABIERTO
2441,62,2025-02-19,1496.63,ABIERTO
2442,20778,2025-03-22,5879.43,RECHAZADO
2444,449,2025-07-19,8903.7,CERRADO
2446,1205,2025-04-30,1763.15,ABIERTO
2452,4667,2025-05-28,1727.42,CERRADO
2456,22714,2025-05-29,4929.6,ABIERTO
2457,19031,2025-09-07,6583.55,ABIERTO
2458,12074,2025-01-31,14637.58,CERRADO
2459,6830,2025-07-27,6391.22,CERRADO
2460,9157,2025-10-25,2841.38,CERRADO
2462,23286,2025-01-01,12421.35,CERRADO
2463,19863,2025-10-28,14915.78,ABIERTO
2465,22578,2025-12-16,10105.3,CERRADO
2466,2564,2026-01-11,14850.5,CERRADO
2468,1404,2025-12-23,4198.56,ABIERTO
2469,18400,2025-10-17,10605.84,RECHAZADO
2472,16259,2026-01-31,6838.86,ABIERTO
2473,4813,2025-05-25,1377.24,CERRADO
2475,18225,2025-02-01,12121.54,RECHAZADO
2476,12085,2025-07-02,1118.13,RECHAZADO
2477,25843,2026-10-01,7696.83,RECHAZADO
2478,20424,2025-07-23,13068.92,CERRADO
2479,13560,2025-10-05,2479.3,ABIERTO
2482,1019,2025-09-19,5005.97,ABIERTO
2484,17787,2025-04-06,6775.93,CERRADO
2485,3199,2025-08-04,10352.24,ABIERTO
2486,19872,2025-09-01,7863.24,CERRADO
2488,10412,2025-09-21,3906.19,CERRADO
2489,6196,2025-08-04,9984.93,ABIERTO
2490,12511,2025-11-04,12044.17,ABIERTO
2491,8021,2025-12-20,2814.81,RECHAZADO
2492,18987,2025-05-12,11764.91,ABIERTO
2493,25631,2026-01-01,3723.53,CERRADO
2494,889,2025-02-19,13998.03,CERRADO
2496,17445,2025-08-04,7228.95,ABIERTO
2497,23720,2025-12-08,10606.96,ABIERTO
2498,9901,2025-06-12,3440.17,ABIERTO
2499,20298,2025-07-24,10616.77,RECHAZADO
2502,14352,2025-12-18,3503.37,CERRADO
2503,23867,2025-08-07,8508.74,ABIERTO
2506,13946,2025-08-10,8459.98,CERRADO
2507,15444,2025-10-29,9150.34,ABIERTO
2509,4641,2025-11-25,8292.88,CERRADO
2512,2582,2026-02-04,12624.08,RECHAZADO
2513,2898,2025-11-24,10512.5,CERRADO
2515,21053,2025-03-25,13040.7,RECHAZADO
2516,17054,2025-12-31,11613.93,ABIERTO
2517,16849,2026-02-22,12403.79,CERRADO
2518,22891,2025-01-20,11735.78,CERRADO
2521,10837,2026-01-29,9625.32,CERRADO
2522,20072,2026-02-05,1244.65,ABIERTO
2523,14211,2026-02-11,1603.59,ABIERTO
2525,22041,2025-04-28,807.52,ABIERTO
2526,5668,2025-11-28,11057.31,CERRADO
2529,14439,2025-08-16,5690.29,CERRADO
2531,4616,2025-11-24,3980.52,ABIERTO
2532,4821,2025-02-11,10235.17,CERRADO
2534,9782,2026-02-02,6497.59,RECHAZADO
2537,18813,2025-12-13,3629.23,ABIERTO
2539,17283,2025-12-15,1791.99,ABIERTO
2540,4243,2025-06-29,6832.04,CERRADO
2546,25524,2025-09-26,9916.53,RECHAZADO
2548,22829,2025-02-06,1392.67,ABIERTO
2550,86,2026-01-05,5495.7,RECHAZADO
2555,8628,2025-05-10,7297.62,RECHAZADO
2560,18321,2025-02-07,1448.29,CERRADO
2563,24054,2025-03-20,2654.93,ABIERTO
2565,24718,2025-07-23,6620.36,ABIERTO
2566,17391,2025-04-20,5603.71,CERRADO
2567,3813,2025-08-23,1283.38,ABIERTO
2568,12798,2025-05-09,11140.05,ABIERTO
2569,3583,2025-04-18,13166.5,CERRADO
2570,9855,2025-09-05,8780.44,ABIERTO
2571,16206,2025-12-24,10234.5,CERRADO
2572,4226,2025-04-02,13236.79,CERRADO
2573,20514,2025-01-04,1591.64,ABIERTO
2575,23247,2025-07-18,4025.27,ABIERTO
2577,10627,2025-06-26,3251.74,CERRADO
2579,19119,2025-06-22,14492.69,CERRADO
2581,5281,2025-10-19,6940.65,RECHAZADO
2583,14143,2025-06-27,14328.3,RECHAZADO
2584,6461,2025-11-08,411.68,CERRADO
2585,2781,2025-10-16,10411.97,RECHAZADO
2586,9030,2025-09-09,5274.13,ABIERTO
2587,5662,2025-02-05,9964.12,CERRADO
2588,15629,2025-11-18,5954.59,ABIERTO
2589,21439,2025-01-14,3914.89,ABIERTO
2591,4169,2025-11-12,6544.84,RECHAZADO
2593,19194,2026-02-19,3940.57,CERRADO
2595,16763,2025-02-19,10669.23,RECHAZADO
2597,8351,2025-09-27,12048.48,RECHAZADO
2598,19801,2025-03-14,4091.47,CERRADO
2600,20957,2025-02-18,10123.18,ABIERTO
2601,24572,2025-05-25,10176.73,RECHAZADO
2602,23523,2025-03-14,6185.32,CERRADO
2604,7534,2025-03-31,11023.02,CERRADO
2605,15134,2025-10-11,222.15,RECHAZADO
2607,16301,2025-08-22,9987.67,RECHAZADO
2609,914,2025-03-05,13167.53,ABIERTO
2610,9737,2026-02-16,8258.01,CERRADO
2611,14488,2025-08-26,9018.59,CERRADO
2612,25620,2025-10-21,11696.58,RECHAZADO
2615,12697,2025-06-05,12546.7,ABIERTO
2616,22526,2025-11-19,13748.22,ABIERTO
2617,4353,2025-12-04,6837.77,CERRADO
2618,14894,2025-09-05,1306.0,ABIERTO
2619,12728,2025-12-15,14464.0,ABIERTO
2620,23160,2025-07-11,10076.56,CERRADO
2622,15593,2025-03-23,5375.27,RECHAZADO
2624,22054,2025-05-19,10721.43,ABIERTO
2626,9301,2026-01-13,307.54,ABIERTO
2627,19274,2025-03-19,14461.71,ABIERTO
2628,4052,2025-03-13,4170.28,ABIERTO
2629,5576,2025-08-27,9657.06,RECHAZADO
2630,10029,2025-08-04,4951.88,RECHAZADO
2632,11803,2025-12-03,10070.49,RECHAZADO
2633,16446,2025-07-10,10733.48,RECHAZADO
2634,11812,2025-10-11,10408.69,CERRADO
2636,21703,2025-10-26,1953.67,CERRADO
2640,13885,2025-03-12,10216.57,ABIERTO
2642,19897,2025-04-02,13176.79,RECHAZADO
2644,12599,2025-08-08,5703.66,ABIERTO
2646,22279,2025-05-07,1765.92,ABIERTO
2649,3613,2025-04-29,3354.36,ABIERTO
2650,13756,2025-06-18,6061.83,RECHAZADO
2651,19656,2025-09-26,6183.3,CERRADO
2652,19024,2025-11-16,856.85,ABIERTO
2654,13708,2026-01-01,3422.98,RECHAZADO
2655,9985,2025-04-03,11376.6,ABIERTO
2657,19985,2025-03-07,4503.99,RECHAZADO
2659,19487,2025-07-16,3415.76,ABIERTO
2663,17065,2025-04-13,5830.42,ABIERTO
2665,15065,2025-09-14,6818.61,ABIERTO
2669,21067,2025-07-21,1550.15,ABIERTO
2671,21543,2025-02-17,5469.67,RECHAZADO
2673,17087,2025-08-17,8473.15,ABIERTO
2675,6679,2025-08-24,11244.27,RECHAZADO
2677,625,2025-09-25,4446.55,ABIERTO
2678,4753,2025-06-15,7149.11,ABIERTO
2679,11002,2025-01-06,2105.53,CERRADO
2680,10216,2025-10-29,4371.25,ABIERTO
2681,22253,2025-01-23,6260.46,RECHAZADO
2682,22686,2025-05-14,14097.6,ABIERTO
2683,18022,2026-12-01,888.85,RECHAZADO
2684,2035,2025-03-23,14224.34,ABIERTO
2686,17800,2025-11-14,2919.83,ABIERTO
2687,15219,2025-03-13,6633.4,CERRADO
2688,24940,2025-04-14,2007.12,RECHAZADO
2689,12784,2025-08-17,5106.27,RECHAZADO
2690,7119,2025-02-28,14691.01,CERRADO
2692,3353,2025-06-30,11807.34,ABIERTO
2695,20942,2025-04-25,3266.72,ABIERTO
2696,9958,2026-01-20,9380.27,CERRADO
2699,21376,2025-07-25,14533.7,ABIERTO
2700,1817,2025-12-30,10007.1,CERRADO
2701,9991,2026-06-02,2232.89,CERRADO
2702,15743,2025-08-03,2937.96,ABIERTO
2703,16149,2025-09-24,9043.86,CERRADO
2706,22303,2025-07-11,10234.92,CERRADO
2707,1634,2025-01-20,13069.67,ABIERTO
2708,5201,2025-09-29,7824.91,ABIERTO
2710,24535,2025-06-21,13005.5,CERRADO
2713,20217,2025-12-11,9352.75,CERRADO
2714,4219,2025-06-10,3662.93,RECHAZADO
2716,1696,2025-07-28,11568.99,ABIERTO
2717,3923,2025-10-15,13272.4,ABIERTO
2718,3050,2025-09-01,13921.16,CERRADO
2719,9902,2026-02-01,4313.86,CERRADO
2720,21872,2025-04-24,1489.52,CERRADO
2722,16924,2026-01-24,11135.56,ABIERTO
2724,12571,2025-10-28,10055.25,ABIERTO
2725,16505,2025-12-14,13609.35,ABIERTO
2730,14876,2025-12-04,8413.84,ABIERTO
2731,11494,2026-02-04,8992.95,CERRADO
2732,12528,2025-10-06,4193.95,ABIERTO
2733,15471,2026-02-14,14278.52,ABIERTO
2734,17927,2025-12-15,8800.86,RECHAZADO
2735,4113,2025-08-21,7650.93,ABIERTO
2736,14612,2025-02-19,12997.83,CERRADO
2737,9817,2026-01-19,10734.13,RECHAZADO
2738,4517,2025-04-15,12343.38,ABIERTO
2741,5977,2025-06-14,12275.15,CERRADO
2744,22370,2025-03-07,1548.16,CERRADO
2745,2682,2025-03-25,4396.36,ABIERTO
2751,4497,2025-05-25,12310.45,CERRADO
2754,11729,2025-09-29,2565.88,CERRADO
2757,8196,2025-12-02,3554.3,ABIERTO
2759,9301,2025-08-09,4910.89,CERRADO
2764,21123,2025-05-26,12685.24,RECHAZADO
2765,237,2025-01-11,8540.34,ABIERTO
2768,9937,2025-01-15,8202.64,CERRADO
2770,13644,2025-12-19,7093.73,ABIERTO
2771,4647,2025-12-18,1323.37,RECHAZADO
2772,11406,2025-10-31,2474.26,CERRADO
2773,2141,2025-08-17,8374.44,ABIERTO
2774,16350,2026-02-10,12777.51,CERRADO
2776,5411,2025-06-19,8498.8,CERRADO
2777,18263,2025-08-21,11336.92,RECHAZADO
2778,11617,2025-12-31,7183.61,CERRADO
2785,14123,2025-10-14,1191.37,ABIERTO
2787,24995,2025-09-11,11494.35,ABIERTO
2789,20510,2025-04-10,10545.32,ABIERTO
2790,18444,2026-02-24,5291.0,ABIERTO
2793,6672,2025-04-12,11673.0,CERRADO
2797,15729,2025-03-24,14566.29,ABIERTO
2799,21633,2026-02-22,3559.12,ABIERTO
2802,13729,2025-06-19,11378.35,ABIERTO
2804,16275,2025-12-18,7833.4,ABIERTO
2806,17943,2025-04-26,2548.62,ABIERTO
2808,18360,2025-09-15,4078.64,ABIERTO
2811,13532,2025-08-08,9758.93,ABIERTO
2812,543,2025-04-12,10867.06,CERRADO
2813,4551,2025-12-01,1107.57,CERRADO
2815,18201,2025-05-18,3283.44,CERRADO
2816,23903,2025-07-26,5964.03,CERRADO
2819,25790,2025-07-06,7310.47,ABIERTO
2820,23995,2025-08-26,2007.68,ABIERTO
2822,14176,2025-02-04,298.61,ABIERTO
2825,25802,2025-01-23,314.28,ABIERTO
2827,5429,2025-04-04,8687.2,RECHAZADO
2828,22088,2026-02-03,8346.67,ABIERTO
2829,16844,2025-10-05,6360.61,CERRADO
2830,19585,2025-08-31,1885.38,CERRADO
2833,15492,2025-11-21,2130.29,CERRADO
2835,19275,2025-07-10,11383.22,ABIERTO
2836,2796,2025-06-25,1754.75,RECHAZADO
2839,22552,2025-11-19,14566.42,CERRADO
2840,10804,2025-12-23,3909.96,CERRADO
2842,1771,2025-04-04,2688.41,RECHAZADO
2843,2130,2025-11-22,3436.86,RECHAZADO
2844,14355,2025-05-19,5319.88,RECHAZADO
2845,2299,2025-03-27,4403.56,ABIERTO
2846,17957,2025-02-13,10771.75,RECHAZADO
2847,6362,2025-12-07,6323.92,ABIERTO
2848,25779,2025-08-08,3942.98,RECHAZADO
2849,3449,2025-04-12,13727.13,CERRADO
2851,8861,2025-09-16,13669.55,ABIERTO
2854,88,2025-08-21,2496.99,CERRADO
2856,5605,2025-02-12,1844.53,CERRADO
2858,4304,2025-06-20,9108.2,ABIERTO
2859,6903,2025-03-09,9188.95,RECHAZADO
2860,1119,2025-09-29,1934.58,ABIERTO
2862,7748,2025-09-21,3347.82,CERRADO
2866,24462,2025-12-20,6945.15,ABIERTO
2868,10233,2025-03-15,3149.29,CERRADO
2869,22426,2025-03-30,8266.28,ABIERTO
2871,17340,2025-09-29,9846.09,RECHAZADO
2873,6575,2025-06-22,7805.5,ABIERTO
2877,13349,2025-04-17,-1208.59,CERRADO
2878,1667,2026-02-03,3822.2,ABIERTO
2881,5503,2025-03-27,7097.28,CERRADO
2884,9447,2025-05-29,4885.83,CERRADO
2885,25626,2025-11-05,13446.77,ABIERTO
2886,15422,2025-11-25,8162.41,CERRADO
2888,19610,2026-02-19,12786.66,ABIERTO
2889,119,2025-05-29,4034.21,ABIERTO
2890,2339,2025-09-10,8770.42,CERRADO
2897,23043,2025-04-03,4398.04,ABIERTO
2898,2509,2025-04-30,5795.51,ABIERTO
2900,15659,2026-02-02,9304.79,ABIERTO
2902,3779,2025-07-19,11354.33,CERRADO
2903,9815,2025-09-01,3103.24,RECHAZADO
2905,7703,2026-01-14,1220.76,ABIERTO
2907,906,2025-09-01,10151.8,ABIERTO
2913,24973,2025-01-28,5350.97,RECHAZADO
2914,13403,2025-03-26,9714.28,RECHAZADO
2915,18974,2026-01-24,4234.9,CERRADO
2917,10227,2025-04-25,14318.74,CERRADO
2920,15601,2026-01-16,7539.48,ABIERTO
2922,13360,2025-06-13,568.96,ABIERTO
2924,24782,2025-05-31,4887.26,CERRADO
2926,12223,2025-07-17,127.29,CERRADO
2927,4153,2025-01-27,10642.29,ABIERTO
2929,16454,2026-02-18,8410.75,RECHAZADO
2931,14029,2025-10-05,13356.62,RECHAZADO
2932,8501,2026-02-02,11683.33,ABIERTO
2933,314,2026-01-01,5243.31,ABIERTO
2934,4576,2025-08-28,4394.39,CERRADO
2936,2541,2025-08-04,6609.55,CERRADO
2938,10709,2025-02-23,3219.37,ABIERTO
2940,17688,2025-09-06,12974.77,RECHAZADO
2942,7193,2026-01-04,10099.47,ABIERTO
2944,12461,2025-11-25,8541.69,ABIERTO
2946,6535,2026-01-26,14195.58,RECHAZADO
2947,16870,2025-08-30,5115.76,CERRADO
2948,25676,2026-01-06,2758.76,ABIERTO
2950,3978,2026-02-21,14099.5,ABIERTO
2952,8819,2025-12-11,1140.52,CERRADO
2953,22103,2025-02-14,8062.92,CERRADO
2954,1306,2025-05-10,6575.93,CERRADO
2955,5495,2025-04-05,9185.61,RECHAZADO
2956,21726,2025-03-16,7418.86,RECHAZADO
2958,11431,2025-02-27,12342.69,ABIERTO
2959,3668,2025-02-02,7249.68,ABIERTO
2960,17917,2025-01-21,8169.85,CERRADO
2962,1306,2025-12-12,14413.99,ABIERTO
2963,5414,2025-08-29,13880.78,ABIERTO
2964,20729,2025-12-14,1073.69,RECHAZADO
2965,17469,2025-06-02,5909.33,CERRADO
2966,8528,2025-09-27,3333.03,CERRADO
2972,2163,2025-06-02,12609.59,ABIERTO
2974,12947,2025-08-14,12578.78,ABIERTO
2976,19709,2025-02-09,7213.36,ABIERTO
2978,16002,2025-10-22,3912.96,ABIERTO
2979,22320,2025-03-06,13182.44,CERRADO
2980,7043,2025-11-19,3187.51,ABIERTO
2984,23677,2025-07-07,11206.83,ABIERTO
2985,13199,2025-04-19,13342.63,ABIERTO
2986,9112,2025-03-04,862.45,ABIERTO
2988,4087,2025-11-22,14177.32,RECHAZADO
2991,9470,2025-11-22,7554.35,RECHAZADO
2992,13628,2025-10-04,10243.1,ABIERTO
2994,16744,2026-01-17,618.19,RECHAZADO
2995,17011,2025-12-26,2541.96,ABIERTO
2998,1793,2025-02-08,6663.96,CERRADO
2999,23553,2025-07-14,9237.49,CERRADO
3001,25803,2026-01-18,2707.84,CERRADO
3003,15924,2025-04-29,3916.06,CERRADO
3004,16110,2025-10-20,14818.54,ABIERTO
3005,14268,2025-12-18,2811.2,CERRADO
3006,23138,2026-01-20,1236.29,ABIERTO
3011,5869,2025-11-13,13506.53,CERRADO
3013,10144,2025-01-05,214.39,ABIERTO
3014,24880,2026-01-30,5705.62,CERRADO
3015,13993,2025-12-29,3176.95,CERRADO
3016,1304,2025-08-12,2803.11,RECHAZADO
3017,23679,2025-09-16,6832.08,ABIERTO
3019,16196,2025-02-05,5676.5,CERRADO
3021,11613,2025-05-12,14274.09,RECHAZADO
3023,14920,2026-01-21,13420.69,CERRADO
3025,25862,2025-09-23,8251.99,ABIERTO
3028,18198,2026-01-23,10024.29,CERRADO
3032,12895,2025-01-09,12339.98,ABIERTO
3034,25739,2025-09-26,13670.35,RECHAZADO
3035,327,2026-02-06,3037.69,ABIERTO
3036,9492,2025-08-06,11587.73,RECHAZADO
3037,17700,2025-10-04,7034.89,ABIERTO
3038,17850,2025-09-26,4320.6,RECHAZADO
3039,2259,2025-11-09,7423.49,RECHAZADO
3040,5798,2026-02-17,4691.08,ABIERTO
3042,126,2025-12-02,11654.76,ABIERTO
3043,3099,2025-11-13,1910.39,RECHAZADO
3045,11399,2025-03-21,2894.12,ABIERTO
3046,7062,2025-02-14,5945.27,CERRADO
3047,18168,2025-01-02,294.48,ABIERTO
3048,498,2025-01-01,13171.6,ABIERTO
3049,23809,2025-12-04,4320.18,CERRADO
3051,15387,2025-07-03,13708.19,CERRADO
3054,20673,2025-05-23,4789.43,RECHAZADO
3055,13404,2025-01-24,9194.51,CERRADO
3059,4966,2025-05-18,14024.39,CERRADO
3060,23020,2025-01-11,4424.25,CERRADO
3061,14526,2025-01-17,7375.21,ABIERTO
3063,5626,2025-04-12,909.39,ABIERTO
3066,1126,2025-06-24,5440.37,ABIERTO
3067,19498,2025-06-15,980.04,ABIERTO
3068,23563,2025-10-01,7915.01,ABIERTO
3070,1611,2025-04-04,13672.59,CERRADO
3071,443,2025-03-13,6934.85,CERRADO
3072,24385,2025-02-16,12435.02,RECHAZADO
3074,11480,2025-08-16,4873.25,ABIERTO
3075,18513,2025-12-29,3915.77,CERRADO
3081,993,2025-12-05,14238.48,ABIERTO
3083,16985,2025-09-12,9236.08,CERRADO
3086,18709,2025-11-06,11486.64,CERRADO
3088,12169,2025-06-22,5760.06,ABIERTO
3089,18790,2025-08-18,8755.02,CERRADO
3090,14253,2026-01-09,7168.08,ABIERTO
3091,9190,2025-12-26,6235.77,CERRADO
3094,14655,2026-02-25,11257.16,CERRADO
3095,5434,2025-09-23,13336.74,RECHAZADO
3097,9107,2025-08-11,10013.9,ABIERTO
3100,2389,2026-01-16,1788.99,RECHAZADO
3102,6620,2025-08-10,3096.81,RECHAZADO
3109,17141,2025-02-04,4086.18,ABIERTO
3114,6905,2025-11-25,1323.2,ABIERTO
3117,13314,2025-10-01,1762.34,ABIERTO
3118,13237,2025-09-12,1343.83,CERRADO
3122,1718,2025-04-04,11266.92,ABIERTO
3126,16650,2025-02-25,875.23,ABIERTO
3128,24901,2025-08-09,9758.31,CERRADO
3131,8256,2025-01-02,2611.45,ABIERTO
3132,22022,2025-07-02,2879.33,RECHAZADO
3133,21555,2026-01-13,7140.96,ABIERTO
3134,17586,2025-10-26,13795.47,RECHAZADO
3136,6682,2025-09-17,3835.47,CERRADO
3137,15465,2025-04-10,2903.41,CERRADO
3138,9312,2026-02-23,3632.49,CERRADO
3139,24013,2025-06-17,12371.67,CERRADO
3140,10995,2025-06-30,145.28,RECHAZADO
3141,4298,2026-01-30,14528.17,ABIERTO
3143,5523,2025-03-17,10510.6,CERRADO
3144,19326,2025-03-12,14158.42,CERRADO
3145,7582,2025-03-23,11844.49,RECHAZADO
3146,8251,2025-05-21,436.98,ABIERTO
3147,19269,2025-08-27,5678.93,CERRADO
3149,13249,2025-02-18,12350.46,ABIERTO
3151,25746,2025-10-12,3865.34,ABIERTO
3152,23687,2025-06-12,12693.82,ABIERTO
3153,13621,2025-10-23,13854.22,ABIERTO
3154,4309,2025-07-29,11031.29,ABIERTO
3155,21923,2025-10-08,7601.98,ABIERTO
3156,15142,2025-02-09,10752.64,CERRADO
3157,8000,2025-04-03,10003.91,CERRADO
3159,12190,2025-10-18,1094.08,CERRADO
3160,22322,2025-11-06,14595.07,ABIERTO
3163,5629,2025-09-15,1468.76,ABIERTO
3164,18377,2025-05-06,12243.27,CERRADO
3167,12616,2025-09-28,11801.8,ABIERTO
3168,14853,2026-01-20,122.09,RECHAZADO
3170,13957,2025-06-13,11098.48,ABIERTO
3171,7272,2025-09-26,6367.3,RECHAZADO
3172,19239,2025-07-12,10098.65,CERRADO
3173,24055,2026-02-01,3851.63,ABIERTO
3174,23555,2026-02-22,653.59,CERRADO
3179,9103,2026-02-20,10437.08,CERRADO
3181,6419,2025-02-01,8621.11,CERRADO
3183,11540,2026-01-15,12888.01,CERRADO
3185,11056,2026-01-04,1750.69,ABIERTO
3186,24610,2026-02-22,6640.59,CERRADO
3187,20816,2025-10-13,8988.77,CERRADO
3189,6091,2025-05-13,7545.57,CERRADO
3190,4162,2025-01-12,5232.65,ABIERTO
3196,24631,2026-02-13,14526.12,CERRADO
3197,16059,2025-10-21,4396.09,CERRADO
3198,10584,2025-01-21,9734.38,ABIERTO
3199,6338,2025-05-03,13986.96,RECHAZADO
3200,23394,2025-01-06,6667.78,RECHAZADO
3201,17906,2025-09-30,7793.46,CERRADO
3202,9608,2025-05-03,12863.87,ABIERTO
3203,25644,2025-07-19,4314.68,RECHAZADO
3205,3225,2025-11-10,6795.22,CERRADO
3207,2041,2025-01-10,9952.93,ABIERTO
3208,10830,2025-03-10,7548.64,CERRADO
3214,10724,2025-10-12,12248.33,CERRADO
3217,11735,2025-02-28,13347.47,RECHAZADO
3219,9477,2026-01-02,11968.83,RECHAZADO
3220,876,2025-01-24,3650.32,ABIERTO
3222,23959,2026-02-16,11785.37,RECHAZADO
3224,19734,2025-10-19,11460.78,ABIERTO
3225,24284,2025-07-23,10911.42,ABIERTO
3226,11063,2025-12-21,13861.45,ABIERTO
3229,10412,2025-09-15,6500.38,CERRADO
3230,23417,2026-02-17,14098.73,ABIERTO
3231,11197,2025-08-02,14752.68,CERRADO
3234,17375,2025-05-21,1711.99,ABIERTO
3235,13847,2025-08-18,12373.1,CERRADO
3236,13514,2025-01-25,12497.32,ABIERTO
3237,12586,2025-03-11,12532.65,ABIERTO
3238,13825,2025-03-11,5397.31,CERRADO
3239,15472,2025-01-23,11719.69,ABIERTO
3240,19379,2025-06-20,11851.27,ABIERTO
3246,17153,2025-02-05,8471.23,RECHAZADO
3248,20094,2025-07-30,5678.81,CERRADO
3250,6682,2025-07-17,2703.0,CERRADO
3252,17495,2025-01-19,9230.19,CERRADO
3253,19394,2025-09-07,3352.69,CERRADO
3256,17785,2025-03-16,3400.97,CERRADO
3257,23170,2025-11-30,-10884.74,CERRADO
3259,20729,2025-02-22,1565.52,ABIERTO
3260,17336,2025-10-17,2317.72,ABIERTO
3262,20391,2026-05-01,12080.01,RECHAZADO
3267,747,2025-05-22,10037.27,CERRADO
3269,21234,2025-03-31,14640.07,ABIERTO
3272,2527,2025-11-20,13231.66,CERRADO
3274,21645,2025-03-12,3770.93,RECHAZADO
3275,25736,2025-09-24,12419.35,ABIERTO
3276,13505,2026-01-12,1057.72,CERRADO
3278,13803,2025-10-17,6133.27,CERRADO
3281,349,2025-12-28,10957.69,ABIERTO
3282,4904,2025-04-17,5531.57,ABIERTO
3283,16185,2025-11-04,9842.48,ABIERTO
3286,1827,2025-08-20,10541.11,CERRADO
3287,14871,2025-07-19,6111.09,CERRADO
3288,11662,2025-09-07,13099.51,ABIERTO
3289,13412,2025-09-14,4299.49,RECHAZADO
3290,21950,2025-06-20,3316.96,CERRADO
3293,3360,2025-09-11,12712.55,ABIERTO
3296,5852,2025-02-27,9266.44,RECHAZADO
3298,1075,2025-06-16,11128.73,ABIERTO
3299,3229,2025-01-30,8262.97,RECHAZADO
3301,20986,2025-11-20,12549.43,ABIERTO
3304,22188,2025-07-06,9663.86,CERRADO
3306,1978,2025-04-27,1149.3,RECHAZADO
3307,8080,2025-09-27,13346.91,ABIERTO
3310,20752,2025-04-06,4203.34,RECHAZADO
3312,3641,2025-11-27,13903.82,ABIERTO
3313,9552,2025-01-24,11382.25,ABIERTO
3317,20412,2025-01-26,434.34,CERRADO
3318,9556,2025-02-01,3299.35,CERRADO
3321,13075,2025-09-21,4003.34,ABIERTO
3323,13680,2025-03-09,4085.16,CERRADO
3325,6857,2025-05-28,8031.05,ABIERTO
3327,5105,2025-01-04,2610.2,ABIERTO
3328,21679,2025-06-14,8181.08,ABIERTO
3329,11288,2025-08-27,9448.31,CERRADO
3330,14282,2025-04-27,11056.95,ABIERTO
3333,1087,2026-01-01,13560.19,CERRADO
3334,17085,2025-04-10,3324.33,CERRADO
3336,22060,2025-12-29,1789.83,CERRADO
3337,4006,2025-05-23,3075.77,CERRADO
3338,15923,2026-01-01,8798.38,ABIERTO
3340,5499,2025-06-27,11180.88,CERRADO
3341,11377,2025-11-25,9190.53,ABIERTO
3346,25700,2026-05-01,13234.67,CERRADO
3347,25521,2025-08-27,12765.14,CERRADO
3349,16903,2025-11-21,7531.81,CERRADO
3350,19825,2025-03-19,9044.69,CERRADO
3351,9247,2025-08-05,13294.39,ABIERTO
3352,14070,2025-08-01,14794.36,ABIERTO
3354,15904,2026-01-19,2286.99,CERRADO
3356,6732,2025-06-11,3157.86,ABIERTO
3357,3043,2025-02-15,4914.03,RECHAZADO
3358,17284,2025-05-23,11598.53,RECHAZADO
3359,3534,2025-10-06,-10341.59,ABIERTO
3360,3323,2025-05-10,1354.83,CERRADO
3361,9262,2026-01-07,14353.87,CERRADO
3362,1824,2026-02-03,14979.04,ABIERTO
3363,6336,2025-05-01,1573.13,ABIERTO
3364,16661,2026-08-02,7497.06,CERRADO
3365,12970,2025-10-22,-6341.77,ABIERTO
3367,2775,2025-10-03,12434.55,CERRADO
3368,23662,2025-01-08,7758.08,ABIERTO
3371,18897,2026-09-01,1220.56,CERRADO
3373,1213,2025-04-20,11006.88,ABIERTO
3374,24654,2025-08-28,4516.64,ABIERTO
3375,23802,2025-02-24,2093.44,ABIERTO
3377,12590,2025-12-16,8461.62,CERRADO
3378,219,2025-02-04,5224.5,ABIERTO
3379,3487,2025-07-23,14394.07,CERRADO
3380,11039,2025-09-28,10553.39,RECHAZADO
3381,23545,2025-01-19,13712.89,CERRADO
3382,23176,2025-06-29,579.21,CERRADO
3383,13159,2025-09-27,6274.64,CERRADO
3386,16097,2025-02-24,10189.44,ABIERTO
3387,18192,2025-09-30,11500.22,CERRADO
3391,18329,2025-08-19,3700.42,ABIERTO
3393,11092,2025-04-29,5305.51,CERRADO
3394,17297,2026-01-21,7958.64,CERRADO
3395,4622,2025-12-27,2136.83,ABIERTO
3397,3293,2025-12-03,9557.94,ABIERTO
3400,7550,2025-03-22,14711.6,CERRADO
3401,6258,2025-01-30,7535.85,CERRADO
3402,25777,2025-08-23,2080.21,ABIERTO
3403,19646,2025-01-18,7378.5,CERRADO
3404,22417,2025-04-28,1380.59,ABIERTO
3407,13551,2025-12-01,3357.95,RECHAZADO
3408,3516,2025-12-03,10245.47,ABIERTO
3410,7110,2025-10-15,14877.41,CERRADO
3411,21691,2025-01-04,12090.95,CERRADO
3413,11860,2025-06-08,11391.07,ABIERTO
3421,13099,2025-08-27,3845.85,RECHAZADO
3424,7599,2026-09-01,10786.05,RECHAZADO
3426,23883,2025-10-20,12197.71,CERRADO
3428,14447,2025-10-27,10608.62,ABIERTO
3430,19138,2025-09-21,2241.48,ABIERTO
3431,4684,2025-09-13,11584.2,ABIERTO
3432,17249,2025-06-14,10800.63,RECHAZADO
3433,7532,2025-05-10,13201.12,ABIERTO
3434,9984,2025-04-18,3062.03,RECHAZADO
3435,19037,2026-02-21,11444.52,RECHAZADO
3436,1639,2025-12-16,4043.53,CERRADO
3438,23938,2025-12-31,13993.71,CERRADO
3440,799,2025-05-12,5247.04,CERRADO
3444,21351,2025-11-25,1822.41,ABIERTO
3445,20056,2025-11-21,5790.01,CERRADO
3447,22596,2025-08-20,6770.25,RECHAZADO
3448,2630,2025-02-13,10748.46,CERRADO
3449,1708,2026-01-22,2861.12,ABIERTO
3450,1216,2025-01-09,9755.97,CERRADO
3453,9325,2025-08-11,9642.2,ABIERTO
3454,2037,2025-04-30,3365.77,ABIERTO
3455,16626,2026-01-10,8875.16,RECHAZADO
3457,6273,2025-11-24,14300.06,ABIERTO
3460,7518,2025-04-27,8300.17,ABIERTO
3461,13730,2025-07-07,3095.27,ABIERTO
3462,5506,2025-03-11,12072.45,ABIERTO
3463,17488,2025-07-21,4056.52,ABIERTO
3464,4998,2025-06-28,2000.35,CERRADO
3467,13844,2025-06-29,3818.63,RECHAZADO
3468,3243,2025-09-26,9062.66,CERRADO
3470,15724,2025-05-19,11734.05,CERRADO
3471,4402,2026-01-04,14270.74,ABIERTO
3473,171,2025-06-25,7758.78,CERRADO
3474,4946,2025-07-30,564.29,ABIERTO
3477,12438,2025-05-26,14790.51,CERRADO
3478,5556,2026-10-02,14680.61,CERRADO
3479,11692,2026-01-17,10882.37,ABIERTO
3487,23003,2025-02-19,13129.06,ABIERTO
3489,4430,2026-02-18,5944.78,ABIERTO
3490,6084,2025-02-09,8605.0,RECHAZADO
3491,15832,2025-06-20,11696.93,CERRADO
3494,12179,2025-07-21,14019.08,CERRADO
3496,4209,2025-12-03,9979.24,RECHAZADO
3498,7328,2025-09-04,7782.81,ABIERTO
3499,9065,2026-01-27,6999.35,ABIERTO
3500,17492,2025-12-02,13249.03,CERRADO
3503,2851,2026-02-03,4794.59,ABIERTO
3505,2886,2026-01-13,6412.86,ABIERTO
3506,9264,2025-04-21,12626.59,CERRADO
3511,22905,2026-10-02,1856.84,ABIERTO
3513,4421,2025-01-03,7580.67,ABIERTO
3514,19259,2025-04-01,4317.47,CERRADO
3515,3367,2025-01-26,11736.59,CERRADO
3517,11884,2025-02-07,11449.61,CERRADO
3520,4576,2025-04-09,2363.2,ABIERTO
3521,11032,2025-08-12,13594.53,CERRADO
3522,463,2025-11-12,303.07,CERRADO
3523,1289,2025-04-22,7502.64,RECHAZADO
3525,20245,2025-09-29,6264.14,CERRADO
3526,8829,2025-01-31,6442.09,CERRADO
3528,4913,2025-04-05,10175.11,CERRADO
3529,1469,2025-09-18,6825.88,RECHAZADO
3531,2494,2025-11-23,7907.02,CERRADO
3532,14495,2026-02-03,11954.77,CERRADO
3535,9016,2025-04-30,3194.04,CERRADO
3536,14020,2025-04-14,6546.48,CERRADO
3540,18844,2025-01-22,1528.19,CERRADO
3541,12240,2025-12-23,3071.03,ABIERTO
3542,19282,2025-10-26,10566.55,CERRADO
3543,9468,2025-01-01,1714.27,CERRADO
3544,24708,2025-07-15,13204.69,CERRADO
3547,3328,2025-05-07,9794.63,RECHAZADO
3548,24472,2026-02-24,7707.3,ABIERTO
3549,25548,2025-03-10,14483.8,CERRADO
3551,3157,2025-07-26,2906.46,CERRADO
3553,4590,2025-07-14,5643.52,CERRADO
3554,16697,2025-12-28,1618.84,RECHAZADO
3556,11341,2026-01-13,1755.29,ABIERTO
3558,5085,2025-05-25,11193.09,RECHAZADO
3559,23942,2026-02-20,6559.89,ABIERTO
3561,5797,2025-10-31,2837.08,RECHAZADO
3563,4609,2026-01-02,8886.4,CERRADO
3564,8868,2025-09-17,13608.84,ABIERTO
3566,1094,2025-02-10,7145.07,ABIERTO
3568,25596,2025-09-20,4283.73,RECHAZADO
3569,12465,2026-01-03,403.63,RECHAZADO
3574,24919,2025-11-29,12154.03,ABIERTO
3575,11023,2025-09-05,1693.18,ABIERTO
3576,9966,2025-10-26,428.48,ABIERTO
3578,14372,2025-12-11,3463.15,RECHAZADO
3579,6213,2026-01-26,12502.67,CERRADO
3580,24208,2025-02-04,12972.6,CERRADO
3581,7901,2025-08-05,12435.99,RECHAZADO
3583,8767,2025-09-22,11423.0,ABIERTO
3585,13397,2025-01-29,920.92,CERRADO
3589,12806,2025-05-19,10418.95,ABIERTO
3591,3221,2025-10-08,1992.57,ABIERTO
3595,18027,2025-04-23,10446.71,CERRADO
3596,11507,2025-09-22,10334.55,CERRADO
3597,6202,2025-02-04,12431.57,CERRADO
3599,14117,2025-10-02,6880.5,ABIERTO
3603,23247,2026-02-22,12372.2,RECHAZADO
3604,4120,2025-03-08,7009.4,CERRADO
3606,10162,2025-10-24,8555.3,RECHAZADO
3607,5532,2025-10-11,10342.27,RECHAZADO
3608,8560,2025-08-01,7757.93,CERRADO
3609,13609,2026-02-21,14127.62,ABIERTO
3610,15614,2026-02-09,2819.04,ABIERTO
3612,8872,2025-03-22,141.84,CERRADO
3613,11359,2025-04-06,11605.8,ABIERTO
3615,20506,2025-12-05,14053.02,ABIERTO
3616,2756,2025-09-09,6850.93,ABIERTO
3617,18681,2025-01-05,6757.93,CERRADO
3619,16191,2025-09-22,2363.25,CERRADO
3620,16457,2025-08-08,8176.63,RECHAZADO
3622,19581,2025-04-13,-401.37,CERRADO
3624,10481,2025-07-05,406.59,CERRADO
3625,6171,2025-12-24,5180.78,ABIERTO
3628,533,2025-12-29,8437.13,ABIERTO
3629,23645,2025-01-03,2990.87,ABIERTO
3630,8795,2025-01-16,2945.79,ABIERTO
3631,13887,2025-07-28,-3648.92,ABIERTO
3635,16727,2026-02-23,14561.0,CERRADO
3637,16571,2025-04-30,11994.91,RECHAZADO
3642,19549,2025-03-02,5389.39,CERRADO
3643,3370,2025-05-25,4711.01,RECHAZADO
3644,2558,2025-11-23,12020.68,ABIERTO
3645,20740,2025-06-19,12181.4,CERRADO
3648,12817,2025-12-15,7427.63,ABIERTO
3650,25673,2026-01-23,6099.07,ABIERTO
3652,16916,2025-04-24,-14782.04,CERRADO
3653,6813,2025-07-06,11719.87,CERRADO
3654,25792,2025-01-20,12396.95,CERRADO
3658,24499,2025-08-30,8051.72,CERRADO
3659,10900,2026-01-01,11106.35,CERRADO
3660,2280,2025-02-19,5334.59,ABIERTO
3661,425,2025-08-31,9681.07,ABIERTO
3662,24948,2025-11-13,5252.17,CERRADO
3664,5315,2025-07-08,10617.56,ABIERTO
3666,12201,2025-02-01,9574.19,ABIERTO
3667,2396,2025-10-22,11847.51,CERRADO
3668,2264,2025-04-15,14715.38,CERRADO
3672,22059,2025-01-28,2923.13,CERRADO
3673,87,2025-12-23,1343.38,ABIERTO
3676,10873,2025-10-04,13553.17,CERRADO
3678,17715,2025-05-05,1531.95,RECHAZADO
3679,12232,2025-02-14,3095.75,CERRADO
3680,2372,2025-10-18,11707.91,RECHAZADO
3681,18028,2025-12-19,2789.36,CERRADO
3683,25709,2026-02-05,4087.79,ABIERTO
3685,5880,2025-05-30,10119.08,CERRADO
3687,12631,2025-04-16,11965.15,RECHAZADO
3690,25541,2026-01-26,3137.58,ABIERTO
3691,24830,2025-08-07,11030.31,CERRADO
3693,2697,2025-10-26,14494.73,ABIERTO
3694,12285,2025-07-19,6968.87,ABIERTO
3695,24626,2025-11-03,6461.97,ABIERTO
3696,23970,2025-01-11,8926.91,ABIERTO
3697,70,2025-10-18,3056.8,ABIERTO
3699,18992,2025-03-29,11352.78,RECHAZADO
3700,14395,2025-12-25,6906.08,RECHAZADO
3703,6532,2025-03-03,6785.04,ABIERTO
3705,17890,2025-08-29,10237.99,ABIERTO
3706,20458,2025-04-30,4216.62,RECHAZADO
3707,11678,2025-11-12,11148.34,CERRADO
3708,3667,2025-01-27,10642.16,CERRADO
3710,15397,2025-05-04,8386.68,ABIERTO
3712,11124,2025-12-19,4837.73,ABIERTO
3713,1710,2025-08-08,13390.07,CERRADO
3715,25671,2025-03-13,12632.31,ABIERTO
3717,14892,2026-01-25,700.31,CERRADO
3718,23724,2025-03-17,3492.28,RECHAZADO
3719,1726,2025-07-27,6734.92,CERRADO
3720,20272,2025-06-07,8302.38,CERRADO
3722,11096,2025-11-11,11966.78,RECHAZADO
3723,10205,2025-02-01,6332.52,ABIERTO
3726,6672,2025-04-30,337.22,ABIERTO
3727,40,2025-02-12,248.88,CERRADO
3728,12033,2025-07-22,14412.37,CERRADO
3729,12049,2025-04-27,992.62,ABIERTO
3732,17659,2025-07-23,5901.43,RECHAZADO
3733,1218,2025-09-01,4119.79,ABIERTO
3736,603,2025-12-16,12788.69,CERRADO
3737,10671,2025-03-08,9751.8,CERRADO
3739,4967,2025-06-04,4403.03,CERRADO
3740,2367,2025-06-06,13572.83,RECHAZADO
3741,11031,2025-03-06,9258.81,RECHAZADO
3742,22427,2025-02-03,1809.57,CERRADO
3744,2447,2025-02-06,11428.01,RECHAZADO
3745,1602,2025-01-23,14525.25,RECHAZADO
3746,11131,2026-01-27,10363.08,CERRADO
3747,8355,2025-08-28,14134.58,CERRADO
3748,6654,2025-01-11,11810.42,CERRADO
3749,14236,2025-08-21,4639.92,CERRADO
3750,22517,2025-04-30,9767.06,ABIERTO
3751,19788,2025-05-02,7428.92,CERRADO
3753,12962,2025-12-30,5967.8,CERRADO
3755,4604,2025-11-19,13775.77,ABIERTO
3756,7635,2025-06-05,8530.97,RECHAZADO
3757,3132,2025-12-29,-13326.73,CERRADO
3758,23232,2025-06-03,4630.61,ABIERTO
3759,7441,2025-01-23,1588.16,CERRADO
3760,8637,2026-01-21,7629.6,CERRADO
3762,6941,2025-08-17,12366.29,CERRADO
3763,1704,2025-07-15,12320.51,ABIERTO
3764,20462,2025-03-23,-4945.74,ABIERTO
3766,3224,2025-11-23,443.38,ABIERTO
3767,309,2025-06-03,12541.5,CERRADO
3768,17558,2025-09-18,5174.52,RECHAZADO
3769,4977,2025-11-07,14455.19,ABIERTO
3770,14138,2025-04-01,4652.4,CERRADO
3771,9909,2025-07-27,11715.97,CERRADO
3773,12969,2025-08-25,9108.5,ABIERTO
3774,24066,2025-06-16,10409.24,ABIERTO
3775,3458,2025-06-01,11935.89,RECHAZADO
3776,1125,2025-11-13,4157.89,RECHAZADO
3780,6515,2025-06-13,3794.39,CERRADO
3781,7226,2025-12-14,2410.68,CERRADO
3783,24279,2025-07-01,8894.48,ABIERTO
3785,17268,2025-06-01,7572.63,RECHAZADO
3786,9695,2025-10-14,12948.48,RECHAZADO
3788,24221,2025-02-25,929.16,ABIERTO
3789,16905,2025-03-31,12263.7,CERRADO
3791,6087,2025-02-28,10750.62,CERRADO
3792,846,2025-09-28,14172.53,CERRADO
3795,9136,2025-07-25,4239.1,CERRADO
3797,16276,2025-05-31,247.28,CERRADO
3798,12069,2025-01-19,12431.34,ABIERTO
3799,24251,2025-10-30,1953.3,CERRADO
3801,8830,2025-04-25,11006.6,ABIERTO
3803,2350,2025-08-22,6513.24,CERRADO
3804,154,2026-01-20,9814.42,ABIERTO
3805,20049,2026-01-28,11217.59,ABIERTO
3806,4251,2025-10-13,3441.46,ABIERTO
3807,17630,2025-06-15,14344.65,CERRADO
3809,15526,2025-07-08,896.25,ABIERTO
3812,6378,2025-07-26,126.56,ABIERTO
3815,13673,2025-08-18,5360.94,ABIERTO
3818,24035,2025-10-24,9710.45,ABIERTO
3819,18343,2025-05-09,11251.2,CERRADO
3822,9809,2025-09-03,1296.83,ABIERTO
3825,5970,2025-05-04,1391.81,ABIERTO
3829,15791,2025-10-24,1641.72,CERRADO
3830,19865,2025-06-14,10174.25,ABIERTO
3832,10198,2025-05-20,6165.37,CERRADO
3835,13569,2025-06-14,6742.75,RECHAZADO
3836,24076,2025-04-07,3903.98,CERRADO
3837,407,2025-02-16,3111.98,CERRADO
3838,4111,2025-08-09,126.66,ABIERTO
3839,7205,2025-03-24,10722.02,CERRADO
3840,10750,2025-10-05,7363.33,CERRADO
3841,5880,2025-01-13,5342.52,RECHAZADO
3843,6903,2025-06-05,4758.95,CERRADO
3844,24397,2025-12-17,673.41,CERRADO
3849,211,2025-08-27,4195.02,CERRADO
3850,14462,2025-06-16,684.43,ABIERTO
3852,11970,2025-09-10,14856.19,RECHAZADO
3859,1784,2025-05-24,276.81,CERRADO
3860,8504,2025-03-28,509.1,RECHAZADO
3861,128,2025-05-31,2111.09,ABIERTO
3862,20235,2025-02-03,7567.21,CERRADO
3863,7781,2025-03-03,5719.61,CERRADO
3864,14295,2025-07-26,9471.8,RECHAZADO
3867,5821,2025-05-28,573.94,ABIERTO
3868,4534,2025-07-22,12556.21,ABIERTO
3870,25534,2025-09-23,4741.56,ABIERTO
3872,17783,2025-08-22,4609.93,ABIERTO
3873,17599,2025-11-01,5156.86,ABIERTO
3874,16801,2025-12-31,10973.27,CERRADO
3875,11703,2025-08-27,1297.37,ABIERTO
3877,9694,2025-01-03,9354.96,CERRADO
3878,3280,2025-11-19,9889.58,CERRADO
3879,18412,2025-12-13,14355.59,ABIERTO
3881,23103,2025-11-10,12283.35,ABIERTO
3884,12347,2025-06-12,4574.55,CERRADO
3887,13179,2025-05-01,7132.81,ABIERTO
3888,4399,2025-09-26,4317.92,RECHAZADO
3891,544,2025-06-13,2003.67,RECHAZADO
3892,17082,2025-12-22,11252.26,ABIERTO
3894,10035,2025-06-08,3067.4,ABIERTO
3895,8951,2025-05-26,287.57,ABIERTO
3897,13320,2025-03-02,4481.19,CERRADO
3898,20310,2025-12-29,2568.94,ABIERTO
3899,17388,2025-04-26,13277.5,ABIERTO
3900,23142,2025-05-24,6704.06,ABIERTO
3901,9546,2025-04-05,5899.33,CERRADO
3902,9968,2026-01-14,14685.51,ABIERTO
3905,17221,2025-02-14,12890.89,CERRADO
3906,11968,2025-01-26,5546.51,CERRADO
3907,9377,2025-08-27,3773.58,ABIERTO
3908,12100,2025-01-03,13886.85,ABIERTO
3909,19828,2026-02-23,11702.01,ABIERTO
3910,20106,2025-09-30,836.51,ABIERTO
3912,12887,2025-07-23,629.65,CERRADO
3914,25744,2025-01-24,4960.45,CERRADO
3915,11581,2026-01-30,9321.24,ABIERTO
3916,9475,2025-02-21,14788.84,CERRADO
3917,3586,2025-06-21,12543.32,RECHAZADO
3918,8391,2025-04-06,4206.32,CERRADO
3920,17419,2025-01-24,12052.59,RECHAZADO
3921,14854,2026-01-15,14947.26,ABIERTO
3922,18498,2025-05-05,10885.5,ABIERTO
3923,10488,2025-04-30,4133.96,CERRADO
3924,22071,2025-08-20,9743.42,CERRADO
3927,24467,2025-12-30,7557.97,ABIERTO
3928,6616,2025-06-30,4201.17,CERRADO
3929,7357,2025-05-15,8391.46,ABIERTO
3930,25617,2025-05-11,6100.53,RECHAZADO
3932,17046,2025-05-19,14230.21,RECHAZADO
3933,13864,2025-11-12,8152.49,CERRADO
3934,10194,2025-03-29,14427.22,CERRADO
3936,1228,2025-09-20,8806.52,ABIERTO
3937,9739,2025-10-16,14614.48,ABIERTO
3939,22679,2025-10-14,3423.81,RECHAZADO
3940,19941,2025-07-11,6295.16,CERRADO
3942,2998,2025-06-24,119.97,ABIERTO
3943,8847,2025-12-17,12613.07,CERRADO
3952,7559,2025-06-07,6225.05,ABIERTO
3953,3625,2025-07-12,4789.06,ABIERTO
3956,25840,2025-07-18,595.29,CERRADO
3958,20108,2025-02-27,1477.23,ABIERTO
3959,7652,2025-01-09,948.25,RECHAZADO
3962,24728,2025-03-22,-9975.57,ABIERTO
3963,9240,2025-08-17,7187.3,ABIERTO
3964,14228,2025-12-07,11452.26,CERRADO
3965,3206,2025-10-08,6563.17,CERRADO
3966,7903,2026-01-16,8987.94,CERRADO
3968,18193,2025-01-30,6686.15,CERRADO
3971,23291,2025-02-25,8269.62,CERRADO
3972,15237,2025-08-29,5647.36,ABIERTO
3974,9287,2025-01-19,8516.19,RECHAZADO
3975,7128,2025-03-14,13345.32,RECHAZADO
3979,3748,2025-05-10,9152.39,CERRADO
3981,23250,2026-01-01,4635.03,RECHAZADO
3982,23822,2026-05-02,7730.37,CERRADO
3984,6846,2026-02-13,9292.63,CERRADO
3985,14890,2025-02-01,4233.11,ABIERTO
3987,11656,2025-08-05,332.5,CERRADO
3988,22878,2025-10-23,9807.5,ABIERTO
3992,20581,2025-11-06,2785.74,ABIERTO
3994,3333,2025-11-21,988.94,CERRADO
3996,12368,2025-06-05,13281.21,ABIERTO
3998,15461,2025-01-16,7040.89,CERRADO
3999,18508,2025-01-15,4780.1,ABIERTO
4002,2692,2026-02-05,3239.02,CERRADO
4004,941,2025-04-28,8043.41,CERRADO
4005,21732,2025-05-18,4388.31,ABIERTO
4007,1575,2025-11-18,2109.44,RECHAZADO
4008,136,2025-09-01,1083.49,RECHAZADO
4009,4119,2025-04-19,10778.91,ABIERTO
4010,21991,2025-01-31,2747.99,RECHAZADO
4011,9302,2025-03-04,10545.03,RECHAZADO
4014,12857,2025-02-27,10770.04,CERRADO
4015,13473,2026-06-01,14532.55,ABIERTO
4019,13918,2025-12-31,8618.7,RECHAZADO
4021,22042,2025-08-10,6405.61,CERRADO
4022,21221,2025-07-26,9855.96,CERRADO
4023,24175,2025-12-22,8261.71,RECHAZADO
4026,12992,2025-06-26,9131.55,CERRADO
4028,17745,2025-12-19,769.52,CERRADO
4029,4185,2025-03-16,12036.71,CERRADO
4032,12057,2025-09-04,397.02,ABIERTO
4033,24051,2025-10-26,14356.15,CERRADO
4034,3793,2025-08-26,13451.57,RECHAZADO
4036,15794,2025-02-01,7743.82,ABIERTO
4039,2551,2025-01-12,11547.38,CERRADO
4040,16248,2025-04-24,12376.23,CERRADO
4042,22732,2025-08-04,4186.93,RECHAZADO
4045,22814,2025-03-30,9944.11,CERRADO
4047,12377,2025-04-20,12130.22,CERRADO
4048,14037,2025-11-10,210.49,ABIERTO
4049,12057,2025-02-20,13927.39,RECHAZADO
4050,1635,2025-05-29,13723.13,ABIERTO
4051,12342,2025-03-01,10150.46,RECHAZADO
4053,6087,2025-01-19,5590.44,RECHAZADO
4054,7102,2025-11-16,2376.43,ABIERTO
4056,8831,2025-04-12,797.11,ABIERTO
4059,8137,2025-01-13,3084.8,ABIERTO
4061,14763,2025-09-13,13760.9,CERRADO
4063,14596,2025-03-02,12625.8,CERRADO
4065,14595,2025-08-12,4467.48,CERRADO
4066,23425,2025-02-12,1239.42,RECHAZADO
4067,3348,2025-09-26,3840.52,RECHAZADO
4069,17063,2025-12-06,10230.93,CERRADO
4070,8778,2025-08-29,10777.76,ABIERTO
4071,9860,2025-01-16,1578.6,ABIERTO
4072,15629,2025-06-19,13731.04,CERRADO
4075,17031,2025-07-11,10776.28,ABIERTO
4076,22366,2025-11-21,3995.54,RECHAZADO
4077,3127,2025-09-22,13138.02,ABIERTO
4079,16808,2025-01-17,6485.56,ABIERTO
4081,1551,2025-11-17,9836.58,CERRADO
4082,1412,2025-03-06,13618.29,RECHAZADO
4084,4994,2025-04-03,1098.64,ABIERTO
4085,14683,2025-07-10,5572.33,ABIERTO
4087,9494,2025-07-18,5232.05,CERRADO
4088,809,2025-04-18,8841.2,CERRADO
4089,20437,2025-09-27,8482.4,CERRADO
4090,19196,2025-01-25,2926.91,RECHAZADO
4092,12587,2025-12-04,14244.05,ABIERTO
4093,11962,2026-01-17,12520.09,RECHAZADO
4095,7345,2025-03-18,3091.44,CERRADO
4096,18900,2025-05-24,9164.45,ABIERTO
4098,6075,2025-02-16,4142.05,ABIERTO
4099,5645,2025-05-20,1838.01,CERRADO
4100,11101,2026-02-13,8089.76,CERRADO
4101,6564,2025-06-11,10588.58,RECHAZADO
4103,15459,2025-07-15,2819.16,CERRADO
4106,3880,2026-02-22,3573.06,ABIERTO
4107,9827,2026-02-06,5296.16,ABIERTO
4108,2167,2025-06-09,7320.67,ABIERTO
4113,5073,2025-03-27,8959.2,ABIERTO
4117,17179,2025-06-12,11132.46,CERRADO
4118,13852,2025-08-11,10559.26,CERRADO
4120,1894,2025-06-08,13268.93,RECHAZADO
4121,139,2025-08-11,865.09,ABIERTO
4122,21447,2025-12-28,4959.35,RECHAZADO
4123,5528,2025-06-07,8166.03,CERRADO
4126,20262,2025-12-18,6134.71,RECHAZADO
4127,21547,2025-11-19,13011.85,CERRADO
4128,12502,2025-04-13,3425.53,RECHAZADO
4130,13332,2025-04-01,5304.16,CERRADO
4131,12550,2026-01-11,5862.97,ABIERTO
4133,6320,2025-02-08,12009.85,ABIERTO
4134,22680,2025-07-27,322.87,ABIERTO
4137,15879,2025-01-15,2177.12,ABIERTO
4139,22004,2025-11-08,11153.36,CERRADO
4141,7754,2025-01-05,9327.54,ABIERTO
4143,6316,2025-04-06,2542.41,RECHAZADO
4145,24131,2025-03-12,6596.09,ABIERTO
4148,8214,2026-01-10,11212.13,CERRADO
4149,10041,2025-04-23,12265.33,ABIERTO
4151,23194,2025-09-02,3710.3,ABIERTO
4152,19964,2025-06-28,12078.71,ABIERTO
4153,4841,2025-10-03,9943.86,ABIERTO
4154,14036,2025-05-09,14131.66,CERRADO
4160,21558,2025-05-30,11331.44,CERRADO
4161,2377,2025-06-04,12363.66,ABIERTO
4162,18442,2025-07-31,799.79,CERRADO
4163,19988,2026-02-17,7941.98,CERRADO
4164,11924,2025-08-15,14424.08,CERRADO
4167,4143,2025-12-25,9682.25,CERRADO
4169,19035,2025-06-23,1324.73,ABIERTO
4171,21868,2025-03-27,3990.48,CERRADO
4172,15935,2025-09-27,13446.24,CERRADO
4174,6308,2025-10-19,5615.52,ABIERTO
4175,10195,2026-02-24,6346.52,ABIERTO
4176,11532,2025-05-04,7059.85,CERRADO
4178,6693,2025-01-19,14476.94,RECHAZADO
4179,15016,2025-05-16,10172.77,CERRADO
4180,22486,2025-12-22,11879.32,ABIERTO
4184,22946,2026-01-13,3765.97,ABIERTO
4186,24367,2025-05-08,587.95,ABIERTO
4187,22597,2025-12-07,2577.14,ABIERTO
4190,8565,2025-06-18,7242.28,CERRADO
4192,11655,2025-03-13,7881.43,CERRADO
4194,24321,2025-01-04,9149.5,CERRADO
4195,6685,2025-04-16,9266.69,CERRADO
4197,9766,2025-02-01,3956.79,ABIERTO
4200,11234,2025-04-18,14608.47,RECHAZADO
4203,12276,2025-10-06,9814.44,ABIERTO
4205,6686,2026-01-10,11494.9,CERRADO
4206,21152,2025-12-13,1805.19,CERRADO
4208,5003,2025-08-03,9469.15,CERRADO
4209,14494,2025-11-03,6631.73,CERRADO
4210,17289,2025-04-06,9027.68,CERRADO
4213,837,2025-01-13,11143.13,CERRADO
4215,11316,2025-11-07,1179.88,CERRADO
4218,11744,2025-07-19,11364.46,CERRADO
4219,7394,2025-02-07,8085.21,RECHAZADO
4221,18407,2025-08-05,9420.79,ABIERTO
4222,19431,2025-12-13,8156.76,ABIERTO
4223,4089,2025-03-16,13567.3,ABIERTO
4224,15592,2026-01-11,4653.24,CERRADO
4227,2060,2025-05-13,6028.64,CERRADO
4229,15806,2025-11-05,8678.88,CERRADO
4230,20069,2025-08-28,10210.7,CERRADO
4235,12171,2025-07-07,12492.96,ABIERTO
4237,4796,2025-03-31,1897.11,ABIERTO
4238,17930,2025-09-16,394.94,CERRADO
4240,18008,2025-12-23,3222.54,CERRADO
4241,12326,2025-04-27,5562.54,CERRADO
4242,6614,2026-09-01,1961.19,CERRADO
4243,8494,2025-01-06,8086.43,ABIERTO
4247,15362,2025-07-27,9594.43,CERRADO
4248,18874,2025-04-16,10424.39,ABIERTO
4250,14834,2026-02-06,12859.0,ABIERTO
4251,24907,2025-11-12,9492.79,CERRADO
4252,464,2025-04-01,6423.36,ABIERTO
4253,5657,2025-08-28,10344.9,CERRADO
4254,10627,2025-10-18,7291.11,ABIERTO
4256,25539,2025-08-06,2846.88,CERRADO
4257,21621,2026-01-28,3905.24,CERRADO
4258,16357,2025-04-06,2970.16,ABIERTO
4260,13057,2025-07-15,5624.48,CERRADO
4264,18269,2025-06-10,5192.11,ABIERTO
4267,4972,2026-08-01,13154.09,CERRADO
4270,15893,2026-01-23,3654.82,ABIERTO
4271,22783,2025-02-20,3961.28,RECHAZADO
4274,6287,2025-11-22,1441.64,CERRADO
4275,23477,2025-03-14,5520.6,ABIERTO
4276,276,2025-07-21,462.82,CERRADO
4278,2412,2026-01-24,1358.29,RECHAZADO
4279,17649,2025-09-15,1988.72,CERRADO
4280,25769,2025-12-17,3258.14,ABIERTO
4282,2692,2025-06-13,13079.72,CERRADO
4283,20764,2025-10-06,-3812.07,ABIERTO
4284,16427,2026-02-20,14473.34,RECHAZADO
4289,24831,2026-01-19,6486.85,CERRADO
4290,5842,2025-06-26,11496.08,CERRADO
4292,25503,2025-09-06,11103.63,CERRADO
4293,11382,2025-04-04,13424.17,CERRADO
4294,2028,2026-01-18,10041.52,CERRADO
4297,20736,2025-04-19,12100.17,RECHAZADO
4301,21429,2025-10-21,7997.63,CERRADO
4304,25874,2025-10-27,3348.22,ABIERTO
4308,11462,2026-01-22,5526.29,ABIERTO
4309,3896,2025-09-09,7810.74,RECHAZADO
4311,10133,2025-09-16,2926.38,ABIERTO
4314,22882,2025-11-17,3090.81,ABIERTO
4316,11627,2025-03-15,14713.29,CERRADO
4319,24479,2025-06-17,11038.73,CERRADO
4323,11609,2025-11-22,310.58,CERRADO
4324,20534,2025-07-18,8401.29,ABIERTO
4326,23593,2025-03-08,14500.17,CERRADO
4329,25597,2026-01-14,12646.64,ABIERTO
4330,19032,2025-08-06,279.77,ABIERTO
4331,24715,2025-06-07,14204.02,CERRADO
4332,19312,2026-01-03,4257.35,ABIERTO
4333,13407,2025-08-18,4326.29,RECHAZADO
4334,22103,2025-11-24,8037.42,RECHAZADO
4335,5364,2025-07-29,6890.05,ABIERTO
4337,16074,2025-10-13,2741.79,ABIERTO
4338,21930,2025-07-26,877.1,CERRADO
4340,23436,2026-02-01,5212.21,ABIERTO
4342,2371,2025-09-15,-5718.7,RECHAZADO
4344,21773,2025-11-27,4169.82,ABIERTO
4345,2273,2026-01-01,3606.53,CERRADO
4352,24883,2025-12-08,7074.29,ABIERTO
4355,15578,2025-07-21,5816.07,ABIERTO
4357,14133,2025-05-26,9779.77,RECHAZADO
4358,20228,2026-01-04,11606.38,CERRADO
4359,18260,2026-02-16,1549.2,CERRADO
4360,1808,2025-12-11,6030.66,RECHAZADO
4361,25844,2026-01-30,9380.77,ABIERTO
4364,3002,2025-03-21,14579.77,ABIERTO
4365,39,2025-10-14,4344.69,CERRADO
4366,13949,2025-11-04,1459.48,ABIERTO
4367,23530,2025-04-12,9402.53,CERRADO
4369,20706,2025-02-03,7302.23,ABIERTO
4371,10680,2025-03-22,8855.53,RECHAZADO
4373,8367,2025-03-09,5896.25,ABIERTO
4374,7509,2025-06-03,8204.58,RECHAZADO
4375,3581,2025-08-29,3276.54,ABIERTO
4377,2031,2025-11-14,14929.44,RECHAZADO
4379,13867,2025-02-07,13580.2,CERRADO
4380,1604,2025-04-04,9769.46,CERRADO
4381,20828,2025-11-28,3690.23,RECHAZADO
4382,24129,2026-01-09,11946.79,ABIERTO
4383,19838,2025-03-20,4066.36,ABIERTO
4384,19251,2025-01-03,1884.59,CERRADO
4385,21646,2025-11-21,205.37,ABIERTO
4388,1592,2025-11-12,11207.46,CERRADO
4389,5850,2025-01-01,745.06,CERRADO
4392,19140,2026-01-08,13917.44,CERRADO
4393,17324,2025-07-27,353.18,RECHAZADO
4398,15728,2026-01-14,14361.73,ABIERTO
4399,20171,2025-02-01,2798.9,CERRADO
4400,8617,2025-10-29,741.22,CERRADO
4402,9628,2026-01-18,6696.06,CERRADO
4403,2842,2025-02-23,2899.26,CERRADO
4404,25612,2025-02-04,1492.54,ABIERTO
4405,3959,2025-06-30,627.09,RECHAZADO
4407,10493,2025-04-07,2080.07,RECHAZADO
4410,10076,2025-09-03,7067.39,ABIERTO
4412,1728,2025-02-11,762.31,ABIERTO
4413,9630,2025-11-19,9736.59,ABIERTO
4414,9053,2025-10-05,14113.24,CERRADO
4415,21765,2025-01-26,9242.96,CERRADO
4419,23940,2025-07-20,9949.55,CERRADO
4420,562,2025-02-28,5890.82,CERRADO
4421,19774,2025-02-05,3602.42,RECHAZADO
4422,18434,2025-12-17,8430.56,RECHAZADO
4424,24684,2025-11-20,5331.65,ABIERTO
4426,22702,2025-09-13,8845.67,RECHAZADO
4429,24498,2025-11-14,2474.3,ABIERTO
4431,8775,2025-10-13,4482.84,ABIERTO
4437,156,2025-05-12,5968.97,ABIERTO
4438,2160,2025-12-27,13565.5,CERRADO
4439,5564,2026-01-25,3762.51,CERRADO
4440,23764,2025-10-11,468.89,RECHAZADO
4443,13635,2025-06-11,14537.68,CERRADO
4445,1288,2025-06-06,10643.4,ABIERTO
4446,8727,2025-04-26,10385.92,CERRADO
4447,13543,2025-04-13,12768.09,RECHAZADO
4449,15797,2025-07-20,6615.87,ABIERTO
4450,17545,2025-03-31,6398.15,ABIERTO
4451,5768,2025-08-23,5048.07,CERRADO
4452,14071,2025-02-28,11156.75,CERRADO
4454,20707,2025-07-08,7280.05,RECHAZADO
4455,934,2026-01-09,2239.47,ABIERTO
4456,10896,2025-12-28,1730.23,RECHAZADO
4457,1638,2025-03-16,4542.53,CERRADO
4458,18014,2025-05-05,8521.45,RECHAZADO
4461,19108,2026-01-07,5111.68,RECHAZADO
4462,17638,2025-03-11,13699.16,ABIERTO
4466,9273,2025-10-31,10619.28,CERRADO
4468,18255,2025-01-11,12368.94,CERRADO
4471,9773,2025-06-20,322.13,CERRADO
4472,9324,2025-12-28,2688.16,ABIERTO
4474,3246,2025-08-08,589.72,ABIERTO
4475,25546,2025-12-22,396.9,ABIERTO
4476,1017,2025-09-09,8206.18,ABIERTO
4477,25763,2025-04-13,10544.19,CERRADO
4478,11146,2025-09-23,3371.03,ABIERTO
4479,431,2026-01-02,13956.44,CERRADO
4481,21021,2026-01-26,13090.96,RECHAZADO
4483,23313,2025-06-23,9449.51,CERRADO
4484,2476,2025-04-06,7779.58,CERRADO
4485,4399,2025-01-15,14191.91,ABIERTO
4489,13084,2025-05-20,1995.71,CERRADO
4492,8055,2025-01-29,5048.56,ABIERTO
4493,14297,2025-09-21,4963.6,CERRADO
4495,18249,2025-09-21,2754.88,ABIERTO
4497,5150,2025-06-30,2100.44,CERRADO
4499,5213,2025-03-16,4150.67,CERRADO
4502,8526,2025-05-17,13905.74,RECHAZADO
4505,16454,2026-02-18,8410.75,RECHAZADO
4507,11613,2025-05-12,14274.09,RECHAZADO
4508,25735,2025-12-02,273.0,RECHAZADO
4509,88,2025-08-21,2496.99,CERRADO
4510,3739,2025-04-26,14002.05,CERRADO
4511,9324,2025-12-28,2688.16,ABIERTO
4512,16110,2025-10-20,14818.54,ABIERTO
4513,679,2025-06-23,14161.93,ABIERTO
4517,5668,2025-11-28,11057.31,CERRADO
4519,8526,2025-05-17,13905.74,RECHAZADO
4520,8768,2025-01-25,2863.49,ABIERTO
4521,6051,2025-07-15,4083.6,ABIERTO
4523,19571,2025-08-13,8283.79,ABIERTO
4526,18228,2025-11-17,13973.16,CERRADO
4528,10627,2025-10-18,7291.11,ABIERTO
4529,15538,2025-01-07,14296.85,ABIERTO
4534,23679,2025-09-16,6832.08,ABIERTO
4535,18662,2025-06-13,5421.05,CERRADO
4537,13320,2025-03-02,4481.19,CERRADO
4538,24254,2025-06-08,4004.38,CERRADO
4539,9321,2025-08-23,597.85,ABIERTO
4540,11884,2025-02-07,11449.61,CERRADO
4543,19947,2025-09-12,8801.03,CERRADO
4544,9984,2025-04-18,3062.03,RECHAZADO
4546,6772,2025-08-11,9201.83,RECHAZADO
4547,9543,2025-11-10,14269.64,RECHAZADO
4548,6461,2025-11-08,411.68,CERRADO
4549,6843,2025-04-15,693.97,RECHAZADO
4550,7559,2025-06-07,6225.05,ABIERTO
4554,9968,2026-01-14,14685.51,ABIERTO
4557,20310,2025-12-29,2568.94,ABIERTO
4562,21221,2025-07-26,9855.96,CERRADO
4566,20506,2025-12-05,14053.02,ABIERTO
4567,6857,2025-05-28,8031.05,ABIERTO
4568,8757,2025-04-18,581.68,ABIERTO
4569,8000,2025-04-03,10003.91,CERRADO
4570,16976,2025-02-10,10001.37,ABIERTO
4571,18563,2025-10-09,11684.16,RECHAZADO
4572,21089,2026-02-17,1043.91,CERRADO
4573,25777,2025-08-23,2080.21,ABIERTO
4575,139,2025-08-11,865.09,ABIERTO
4577,17008,2025-06-04,2030.56,ABIERTO
4580,23259,2025-01-20,5724.16,CERRADO
4582,6535,2026-01-26,14195.58,RECHAZADO
4584,5850,2025-01-01,745.06,CERRADO
4585,4946,2025-07-30,564.29,ABIERTO
4587,20874,2025-01-29,5212.81,CERRADO
4588,14602,2025-11-17,3895.18,ABIERTO
4589,24753,2025-12-29,9243.95,ABIERTO
4590,10386,2025-08-14,3876.08,RECHAZADO
4591,22336,2025-08-08,6990.68,CERRADO
4592,2412,2026-01-24,1358.29,RECHAZADO
4593,3323,2025-05-10,1354.83,CERRADO
4599,17641,2025-10-25,7746.44,ABIERTO
4600,15893,2026-01-23,3654.82,ABIERTO
4605,14029,2025-10-05,13356.62,RECHAZADO
4607,12631,2025-04-16,11965.15,RECHAZADO
4608,9264,2025-04-21,12626.59,CERRADO
4609,19198,2025-08-27,10786.07,ABIERTO
4612,19239,2025-07-12,10098.65,CERRADO
4613,10643,2025-10-04,303.03,ABIERTO
4617,3953,2025-06-27,14622.5,CERRADO
4620,10815,2025-10-11,14958.46,ABIERTO
